id,category,topic,title,question,answer,keywords,source,url
1,Business & Entrepreneurship,SYSS,Skilled Youth Startup Scheme,What is Skilled Youth Startup Scheme?,Sikkim Skilled Youth Startup Scheme was launched in 2020 and is implemented by the Department of Commerce & Industries which aims at assisting the educated unemployed youth in setting up a myriad of enterprises through loans with back-ended financial subsidy assistance.,"Business, StartUp, Employment, Entrepreneurship, Youth, Business & Entrepreneurship, Agriculture,Rural & Environment, Skills & Employment",State,https://www.myscheme.gov.in/schemes/syss
2,"Agriculture,Rural & Environment",KBPYY,Krishak Bakri Palan Yojna,What is Krishak Bakri Palan Yojna?,"The Department of Animal Husbandry, Government of Himachal Pradesh has introduced a scheme named ""Krishak Bakri Palan Yojna"" with the aim to increase income generation opportunities for economically weaker segments of the society as well as to increase meat production.","Goat Farming Scheme, Animal Husbandry, Financial Assistance, Rural Development, Agriculture,Rural & Environment, Skills & Employment",State,https://www.myscheme.gov.in/schemes/kbpyy
3,"Agriculture,Rural & Environment",MMKSSY-ASSAM,Mukhya Mantri Krishi Sa Sajuli Yozana - Assam,What is Mukhya Mantri Krishi Sa Sajuli Yozana - Assam?,The scheme “Mukhya Mantri Krishi Sa Sajuli Yojana” is a State Owned Priority Development (SOPD) scheme for farmers launched by the Assam government in FY 2018-19.  The main purpose of launching this scheme for farmers is their holistic development by implementing several farm mechanization schemes.,"Farmer, Agriculture, Direct Benefit Transfer, Financial Assistance, Farm Tools, Agriculture,Rural & Environment",State,https://www.myscheme.gov.in/schemes/mmkssy-assam
4,"Agriculture,Rural & Environment",UPPY,Uttam Pashu Puraskar Yojana,What is Uttam Pashu Puraskar Yojana?,"The scheme “Uttam Pashu Puraskar Yojana” was launched by the Department of Animal Husbandry, Government of Himachal Pradesh to provide incentives and encouragement to livestock Owners for rearing good quality high yielding animals.","Livestock, Cattle, Buffaloes, Cash Prize, Milk, Agriculture,Rural & Environment",State,https://www.myscheme.gov.in/schemes/uppy
5,"Agriculture,Rural & Environment",CCTOFP,Community Canning & Training On Fruit Preservation,What is Community Canning & Training On Fruit Preservation?,"The office of the Deputy Director of Agriculture (Fruit Preservation) Assam was created in 1978, under the Directorate of Agriculture and in 2008 it was transferred to the Directorate of Horticulture and Food Processing.","Fruit Preservation, Community Canning, Training, Agriculture,Rural & Environment",State,https://www.myscheme.gov.in/schemes/cctofp
6,"Agriculture,Rural & Environment",SSE25KRBUST,Subsidy Scheme On Establishment Of - 25 Kadaknath/R.I.R. Birds Unit To Scheduled Tribes,What is Subsidy Scheme On Establishment Of - 25 Kadaknath/R.I.R. Birds Unit To Scheduled Tribes?,"The scheme “Subsidy Scheme on Establishment of - 25 Kadaknath/R.I.R. Birds Unit to Scheduled Tribes” was launched by the Dept. of Agriculture, Farmers Welfare & Co-operation, Govt. of Gujarat to provide employment, nutritious diet and to raise the income of Scheduled Tribe People of Gujarat State.","Poultry Farming, Scheduled Tribe, Subsidy, Kadaknath, Financial Assistance, Rhode Island Red (RIR), Agriculture,Rural & Environment, Business & Entrepreneurship",State,https://www.myscheme.gov.in/schemes/sse25krbust
7,"Agriculture,Rural & Environment",Madilu,Madilu Kit,What is Madilu Kit?,"The Madilu Programme is a government initiative focused on empowering rural communities through skill development and entrepreneurship opportunities. It aims to create sustainable livelihoods, reduce poverty, and enhance social and economic well-being in rural areas.","Skill Development, Entrepreneurship, Livelihoods, Poverty Reduction, Agriculture,Rural & Environment",State,https://www.myscheme.gov.in/schemes/madilu
8,"Agriculture,Rural & Environment",SSIEEMAF,Scheme For Subsidy On Interest For Establishment Of 1 To 20 Milch Animal Farm,What is Scheme For Subsidy On Interest For Establishment Of 1 To 20 Milch Animal Farm?,"The scheme “Scheme for Subsidy on Interest for Establishment of 1 to 20 Milch Animal Farm for the State Cattle Breeders” was started by the Dept. of Agriculture, Farmers Welfare & Co-operation, Government of Gujarat.","Animal Husbandry, Subsidy, Farmer, Cattle Farming, Loan, Agriculture,Rural & Environment",State,https://www.myscheme.gov.in/schemes/ssieemaf
9,"Agriculture,Rural & Environment",IOAIBFCPBIC,Incentive To Owners Of Artificial Insemination Born Female Calf Through Pure Breeding In Indigenous Cow,What is Incentive To Owners Of Artificial Insemination Born Female Calf Through Pure Breeding In Indigenous Cow?,"The scheme “Incentive to Owners of Artificial Insemination Born Female Calf through Pure Breeding in Indigenous Cow” was started by the Department of Agriculture, Farmers Welfare & Co-operation, Government of Gujarat.","Incentive, Artificial Insemination, Indigenous Cow, Livestock, Agriculture,Rural & Environment",State,https://www.myscheme.gov.in/schemes/ioaibfcpbic
10,"Agriculture,Rural & Environment",ITG,Incentive To Girls,What is Incentive To Girls?,"Rajasthan State started a scheme ""Incentive for Girls"" for state students.","Financial Assistance, Girl Education, Empowerment, Higher Education, Agriculture,Rural & Environment, Women and Child",State,https://www.myscheme.gov.in/schemes/itg
11,"Agriculture,Rural & Environment",FAPLLF,Financial Assistance for the Purchase of Lifejackets and Lifebuoys for Fishermen,What is Financial Assistance for the Purchase of Lifejackets and Lifebuoys for Fishermen?,"“Financial Assistance for the Purchase of Lifejackets and Lifebuoys for Fishermen” is a scheme by the Dept. of Fisheries, Govt. of Goa. Through this scheme, financial assistance amounting to ₹50% is provided by the Government to eligible fishermen for the Purchase of Lifejackets and Lifebuoys.","Fish, Fishermen, Financial Assistance, Fisheries, Agriculture,Rural & Environment",State,https://www.myscheme.gov.in/schemes/fapllf
12,"Agriculture,Rural & Environment",FATPOMO2T5FFTTFC,Financial Assistance to Purchase Outboard Motor of 2HP to 5 HP for Fitting to the Fishing Canoe,What is Financial Assistance to Purchase Outboard Motor of 2HP to 5 HP for Fitting to the Fishing Canoe?,"“Financial Assistance to Purchase Outboard Motor of 2HP to 5 HP for Fitting to the Fishing Canoe” is a scheme by the Department of Fisheries, Government of Goa. This Scheme has been introduced to grant financial assistance in the form of a subsidy on the purchase of an outboard motor of 2HP to 5HP.","Fishermen, Fish, Financial Assistance, Subsidy, Agriculture,Rural & Environment",State,https://www.myscheme.gov.in/schemes/fatpomo2t5ffttfc
13,"Agriculture,Rural & Environment",FAPCNFCLT26FFIW,Financial Assistance to Purchase/Construct New Fishing Craft less than 26 feet for Fishing in Inland Waters of Goa,What is Financial Assistance to Purchase/Construct New Fishing Craft less than 26 feet for Fishing in Inland Waters of Goa?,"The scheme has been introduced to uplift the sizeable community of traditional Fishermen, by providing them financial help in the form of subsidy on the construction/ purchase of Fishing Craft less than 26 feet for fishing in inland waters of Goa. The applications are accepted only in offline mode.","Fishermen, Fish, Subsidy, Financial Assistance, Agriculture,Rural & Environment",State,https://www.myscheme.gov.in/schemes/fapcnfclt26ffiw
14,"Agriculture,Rural & Environment",FAPSNSRNA,Financial Assistance To Purchase Singel Net / Small Rampon Net & Its Accessories,What is Financial Assistance To Purchase Singel Net / Small Rampon Net & Its Accessories?,"The scheme “Financial Assistance To Purchase Singel Net / Small Rampon Net & Its Accessories” is a scheme by the Department of Fisheries, Government of Goa. Through this scheme, a 50% subsidy is provided to the fishermen of Goa for the purchase of Singel Net/ Small Rampon Net and its accessories.","Fishermen, Fish, Subsidy, Financial Assistance, Marine, Agriculture,Rural & Environment",State,https://www.myscheme.gov.in/schemes/fapsnsrna
15,"Agriculture,Rural & Environment",SIB,Supply of Insulated Boxes,What is Supply of Insulated Boxes?,"A subsidy to the extent of 75% of the cost for the purchase of an insulated box of at least 50 liters capacity. Only the fisherman engaged in selling and marketing fish, fishing at sea with a canoe, and fishing at sea with a mechanized fishing vessel with upto 6-cylinder engines are eligible.","Fishermen, Fish, Marketing, Financial Assistance, Subsidy, Agriculture,Rural & Environment",State,https://www.myscheme.gov.in/schemes/sib
16,"Agriculture,Rural & Environment",FAFVRDFPARFV,Financial Assistance to the Fish Vendors Registered with the Directorate of Fisheries to Purchase the Accessories Required for Fish Vending,What is Financial Assistance to the Fish Vendors Registered with the Directorate of Fisheries to Purchase the Accessories Required for Fish Vending?,"Under this scheme, Financial Assistance is provided to the fish vendors for the purchase of Crates, Weighing Balance, Insulated Box, Gloves, Stools, Platforms to keep Fish/ Shed/ Umbrella, Choppers, and Other Equipment, so that the fish can reach the people in hygienic conditions.","Fish, Vendor, Business, Financial Assistance, Subsidy, Agriculture,Rural & Environment",State,https://www.myscheme.gov.in/schemes/fafvrdfparfv
17,"Agriculture,Rural & Environment",FAPSNA,Financial Assistance for Purchase of Stake Net and its Accessories,What is Financial Assistance for Purchase of Stake Net and its Accessories?,"“Financial Assistance for Purchase of Stake Net and its Accessories” is a scheme by the Dept. of Fisheries, Govt. of Goa. Under this scheme, financial assistance is provided in the form of a subsidy on the purchase of stake nets and accessories for the fishermen.","Fishermen, Fish, Subsidy, Financial Assistance, Agriculture,Rural & Environment",State,https://www.myscheme.gov.in/schemes/fapsna
18,"Agriculture,Rural & Environment",SPWFRPSMB-FAASCDMF,Subsidy for the Purchase of Wooden/Fiber Reinforced Plastic/Steel Mechanised Boats,What is Subsidy for the Purchase of Wooden/Fiber Reinforced Plastic/Steel Mechanised Boats?,"The scheme ""Subsidy for the Purchase of Wooden/Fiber Reinforced Plastic/Steel Mechanised Boats"" is introduced by the Government of Puducherry with the objective of increasing marine fish production by extending subsidies for the procurement of wooden/fiber-reinforced plastic/steel mechanized boats.","Boat, Subsidy, Fisherman, Fisheries, Financial Assistance, Agriculture,Rural & Environment",State,https://www.myscheme.gov.in/schemes/spwfrpsmb-faascdmf
19,"Agriculture,Rural & Environment",GSPV,Grant of Subsidy for Procurement of Vehicle,What is Grant of Subsidy for Procurement of Vehicle?,"""Grant of Subsidy for Procurement of Vehicle"" aims to facilitate the quick transportation of fish catches from landing centers to marketing places, thereby preventing/minimizing spoilage of fish. It provides a 50% subsidy for the procurement of specified vehicles.","Subsidy, Procurement, Vehicle, Fisheries, Fisherman, Financial Asisstance, Agriculture,Rural & Environment",State,https://www.myscheme.gov.in/schemes/gspv
20,"Banking,Financial Services and Insurance",MMKUY,Mukhya mantri Krishak Udyami Yojana,What is Mukhya mantri Krishak Udyami Yojana?,The objective of this scheme is to provide financial assistance to the sons and daughters of farmers to establish their businesses. the government of Madhya Pradesh provided loans to the bank for all citizens of the state.,"Farming, Farmer, Financial, Loan, Bank, Banking,Financial Services and Insurance, Agriculture,Rural & Environment",State,https://www.myscheme.gov.in/schemes/mkuy
21,"Agriculture,Rural & Environment",PHMS,Post Harvest Marketing Scheme,What is Post Harvest Marketing Scheme?,"The “Post Harvest Marketing Scheme” was launched by the Department of Agriculture & Farmers’ Welfare, Government of Meghalaya for the creation of post harvest marketing infrastructure.","Post Harvest, Marketing, Infrastructure, Farmer, SHG Farmers, Co-Operative Societies, FIG, FPO, Horticulture, Agriculture,Rural & Environment",State,https://www.myscheme.gov.in/schemes/phms
22,"Agriculture,Rural & Environment",ASCFISCMPA,Assistance to Scheduled Caste Farmers for Installation of Submersible / Centrifugal Motor Pumpsets With Accessories,What is Assistance to Scheduled Caste Farmers for Installation of Submersible / Centrifugal Motor Pumpsets With Accessories?,"Through this scheme, the farmers from the Scheduled Caste Category are provided with a grant of 90% subsidy towards the installation of suitable Submersible / Centrifugal motor pump sets with accessories, subject to a maximum of ₹60,000/‐ per tubewell per individual.","Motor, Pump, Subsidy, Farmer, Agriculture, Scheduled Caste, Agriculture,Rural & Environment",State,https://www.myscheme.gov.in/schemes/ascfiscmpa
23,"Agriculture,Rural & Environment",ARSLS,Agriculture Research Stations and Laboratories Scheme,What is Agriculture Research Stations and Laboratories Scheme?,The objective of the scheme is to conduct adaptive research trials on different crops in the Research Farms and in Farmers' Field for adaptability and use of bio pesticides/bio agents.,"Agriculture, Research Station, Laboratory, Farmer, Bio Pesticide, Bio Agent, Agriculture,Rural & Environment",State,https://www.myscheme.gov.in/schemes/arsls
24,"Agriculture,Rural & Environment",MHH,Maintenance of Horti Hubs,What is Maintenance of Horti Hubs?,"The objective of the scheme is to procure good quality disease-free and commercially accepted varieties of the identified flowers and multiply and, to serve as a demonstration cum training ground for those who are interested in Floriculture and who intend to make this as their means of livelihood.","Farmer, Agriculture, Floriculture, Flower, Agriculture,Rural & Environment",State,https://www.myscheme.gov.in/schemes/mhh
25,"Agriculture,Rural & Environment",OMS,Organic Manure Scheme,What is Organic Manure Scheme?,The objective of the scheme is to provide hands on training at the village level on production of organic compost inputs such as compost for plant health management for sustainable agriculture.,"Organic Manure, Farmer, Agriculture, Training, Agriculture,Rural & Environment",State,https://www.myscheme.gov.in/schemes/oms
26,"Agriculture,Rural & Environment",SAMS,Supply of Agriculture Machineries Scheme,What is Supply of Agriculture Machineries Scheme?,"The objective of the scheme is to distribute and sale of agricultural machinery such as Power Tillers, etc. to farmers at subsidized rates.","Farmer, Agriculture Machineries, Subsidy, Agriculture,Rural & Environment",State,https://www.myscheme.gov.in/schemes/sams
27,"Agriculture,Rural & Environment",KY,Krishi Yantra,What is Krishi Yantra?,"In the Krishi Yantra scheme, the farmer purchases farming-related equipment from an authorized dealer, then the state government gives a subsidy to the farmers.","Farming, Farmer, Equipment, Development, Agriculture,Rural & Environment",State,https://www.myscheme.gov.in/schemes/ky
28,"Agriculture,Rural & Environment",WIT,Walk In Tunnel,What is Walk In Tunnel?,"Under the Walk-In Tunnel, the Rajasthan government provides the benefit of a subsidy to the farmers with affordable and efficient structures that offer protection from adverse weather conditions, pests, and diseases.","Walk In Tunnel, Crops, Agriculture, Agriculture,Rural & Environment",State,https://www.myscheme.gov.in/schemes/wit
29,"Agriculture,Rural & Environment",ABN,Anti Bird Net,What is Anti Bird Net?,"Under the Anti Bird Net Birds will never leave your garden if they are used to pecking on certain trees and plants, but if you install anti-bird nets at the appropriate places, you can prevent them from coming again to peck your plants.","Farmer, Anti Bird Net, Farming, Agriculture, Agriculture,Rural & Environment",State,https://www.myscheme.gov.in/schemes/abn
30,"Agriculture,Rural & Environment",APDCCSIFDS(GC),Assistance for Power Driven Chaff Cutter Scheme under Integrated Fodder Development Scheme (General Category),What is Assistance for Power Driven Chaff Cutter Scheme under Integrated Fodder Development Scheme (General Category)?,"The scheme provides financial assistance to dairy farmers belonging to General Caste category on purchase of electric powered chaff cutters. By using power driven chaff cutter, dairy farmers can reduce wastage of green & dry fodder which is economically important for their profitable dairy farming.","Chaff Cutter, Animal Husbandry, Dairy Farmer, Financial Assistance, Agriculture,Rural & Environment",State,https://www.myscheme.gov.in/schemes/apdccsifdsgc
31,"Agriculture,Rural & Environment",CSSSSCSP(SCC),Cattle Shed Subsidy Scheme under Scheduled Castes Sub Plan (SC Category) ,What is Cattle Shed Subsidy Scheme under Scheduled Castes Sub Plan (SC Category)?,"The scheme “Cattle Shed Subsidy Scheme under Scheduled Castes Sub Plan (SCSP)” is implemented by the Directorate of Animal Husbandry, Government of Gujarat. Under this scheme, the financial assistance is given to Scheduled Caste beneficiaries for construction of Cattle Shed for 2 animals.","Cattle Shed, Subsidy, Scheduled Caste, Animal Husbandry, Farmer, Financial Assistance, Agriculture,Rural & Environment",State,https://www.myscheme.gov.in/schemes/csssscspscc
32,"Agriculture,Rural & Environment",BEDS,Buffalo Entrepreneurship Development Scheme,What is Buffalo Entrepreneurship Development Scheme?,"The ""Buffalo Entrepreneurship Development Scheme"" aims to enhance livestock productivity, especially among marginalized farmers in Odisha. This scheme seeks to address protein deficiency, boost nutritional status, & promote livelihood through dairy farming.","Farmers, Milk Production, Subsidy, Opportunity, Agriculture,Rural & Environment",State,https://www.myscheme.gov.in/schemes/beds
33,"Agriculture,Rural & Environment",AAPD,Agricultural Activities for Persons with Disabilities,What is Agricultural Activities for Persons with Disabilities?,"This scheme provides loans up to ₹10,00,000/- to the persons with disabilities for agricultural production, irrigation, horticulture, sericulture, the purchase of agricultural machinery and equipment for agricultural services, and the marketing of agricultural products etc.","Agricultural Activities, PwD, Loan, Disabled Person, Agriculture,Rural & Environment, Business & Entrepreneurship",State,https://www.myscheme.gov.in/schemes/aapd
34,"Agriculture,Rural & Environment",NTKJKY,Niji Talabon Ka Jirnoddhar Ki Yojana,What is Niji Talabon Ka Jirnoddhar Ki Yojana?,"The government of Bihar launched the ""Niji Talabon Ka Jirnoddhar Ki Yojana"" scheme aims to enhance the water holding capacity of private ponds to boost fish productivity & production as well as provide benefits to private fish farmers through the expansion/renovation of their ponds.","Fish Farmer, Productivity, Pond, Agriculture,Rural & Environment",State,https://www.myscheme.gov.in/schemes/ntkjky
35,"Agriculture,Rural & Environment",DOCSOS,Distribution of Certified Seeds-Oil Seeds,What is Distribution of Certified Seeds-Oil Seeds?,"The ""Distribution of Certified Seeds-Oil Seeds"" scheme offers subsidies to farmers for purchasing certified oil seeds, helping them improve their crop yield and quality.","Agriculture, Farmer, Seed Distribution, Oil Seeds, Subsidy, Agriculture,Rural & Environment",State,https://www.myscheme.gov.in/schemes/docsos
36,"Agriculture,Rural & Environment",DOR,Distribution of Rhizobium,What is Distribution of Rhizobium?,"The “Distribution of Rhizobium” scheme offers a subsidy on the cost of Rhizobium, to farmers raising seed farms with Pulses crops in Tamil Nadu.","Agriculture, Farmer, Rhizobium, Subsidy, Agriculture,Rural & Environment",State,https://www.myscheme.gov.in/schemes/dor
37,"Agriculture,Rural & Environment",AHTN,Animal Husbandry,What is Animal Husbandry?,"This scheme provides subsidies on the distribution of sheep units, milch animals, and calves, as well as health coverage and artificial insemination for the animals. It is targeted at Tribal communities to improve their livelihood through animal husbandry.","Tribal Welfare, Animal Husbandry, Animals Health Cover, Artificial Insemination, Distribution Of Sheep Units, Agriculture,Rural & Environment",State,https://www.myscheme.gov.in/schemes/ahtn
38,"Agriculture,Rural & Environment",OBDOPMTIG,Organizing Block Demonstration on Polythene Mulch Technology in Groundnut,What is Organizing Block Demonstration on Polythene Mulch Technology in Groundnut?,The scheme provides financial assistance to farmers for adopting polythene mulch technology in groundnut cultivation to improve productivity.,"Agriculture, Farmer, Block Demonstration, Polythene Mulch Technology, Groundnut, Agriculture,Rural & Environment",State,https://www.myscheme.gov.in/schemes/obdopmtig
39,"Agriculture,Rural & Environment",POCS,Production Of Certified Seeds,What is Production Of Certified Seeds?,"The ""Production of Certified Seeds"" scheme, offers a subsidy to farmers for producing certified seeds of Pulses.","Agriculture, Farmer, Certified Seeds, Production Of Seeds, Agriculture,Rural & Environment",State,https://www.myscheme.gov.in/schemes/pocs
40,Skills & Employment,ASPIE,Afforestation Schemes Providing Incentives And Employment To Tribals In Forest,What is Afforestation Schemes Providing Incentives And Employment To Tribals In Forest?,"This scheme offers grants to unemployed tribals for afforestation work, providing them with incentives and employment opportunities in forest operations.","Tribal Welfare, Afforestation, Incentives, Employment, Skills & Employment, Agriculture,Rural & Environment",State,https://www.myscheme.gov.in/schemes/aspie
41,"Agriculture,Rural & Environment",KIAY,Krishi Input Anudan Yojana,What is Krishi Input Anudan Yojana?,The scheme aims to provide agricultural input subsidies in affected areas due to the rise in water levels of rivers like Ganga and Kosi and flood-related crop damage from heavy rainfall.,"Agriculture, Subsidy, Crops Damage, Financial Assistance, Crop Insurance, Agriculture,Rural & Environment",State,https://www.myscheme.gov.in/schemes/kiay
42,Housing & Shelter,V-VHCS,Ved-Vyas Housing Construction Scheme,What is Ved-Vyas Housing Construction Scheme?,"The ""Ved Vyas Housing Construction Scheme"" provides financial assistance to active and traditional fish farmers in Simdega district for building houses. The scheme prioritizes individuals particularly those living in kutcha or thatched houses.","Housing, Fish Farmer, Disabled, BPL, Housing & Shelter, Agriculture,Rural & Environment",State,https://www.myscheme.gov.in/schemes/v-vhcs
43,"Agriculture,Rural & Environment",MBYDFVY,Mukhyamantri Bagwani Mission: Dragon Fruit Vikas Yojana,What is Mukhyamantri Bagwani Mission: Dragon Fruit Vikas Yojana?,"The scheme aims to expand dragon fruit cultivation in 21 districts of the state, providing financial assistance to ryot farmers for establishing and maintaining dragon fruit plantations.","Agriculture, Subsidy, Plant Supply, Financial Assistance, Dragon Fruit Development, Agriculture,Rural & Environment",State,https://www.myscheme.gov.in/schemes/mbydfvy
44,"Agriculture,Rural & Environment",MVYB,Makhana Vikas Yojana,What is Makhana Vikas Yojana?,The scheme aims to boost Makhana cultivation by providing training to farmers and financial support for traditional equipment.,"Agriculture, Subsidy, Seed Supply, Financial Assistance, Makhana Development, Agriculture,Rural & Environment",State,https://www.myscheme.gov.in/schemes/mvyb
45,"Agriculture,Rural & Environment",GTIAR,Gausevak Training (Initial and Refresher),What is Gausevak Training (Initial and Refresher)?,"The scheme ""Gausevak Training (Initial and Refresher)"" aims to empower educated unemployed rural youth with self-employment opportunities and the skills to provide primary veterinary services in remote rural areas. A 100% stipend of ₹6,000 for initial training and ₹500 for refresher training.","Educated, Unemployed, Youth, Training, Agriculture,Rural & Environment, Skills & Employment",State,https://www.myscheme.gov.in/schemes/gtiar
46,"Agriculture,Rural & Environment",TWS,Tap Water Scheme (Nal Jal Yojana),What is Tap Water Scheme (Nal Jal Yojana)?,"""Tap Water Scheme"" (नल जल योजना) by the Panchayat and Rural Development Department, Government of Madhya Pradesh aims to provide clean water in Gram Panchayat areas in an accessible manner. The application has to be made to the concerned Gram Panchayat.","Water, Agriculture, Panchayat, Development, Rural, Agriculture,Rural & Environment",State,https://www.myscheme.gov.in/schemes/tws
47,"Agriculture,Rural & Environment",KPYG,Kisan Parivahan Yojana,What is Kisan Parivahan Yojana?,"This scheme has been introduced by the Agriculture, Farmers Welfare and Cooperation Department, Gujarat. It aims to provide financial assistance to farmers for purchasing medium-sized goods vehicles to facilitate the transportation of agricultural produce.","Agriculture, Farmer, Heavy Farm Equipment, Goods Vehicles, Agriculture,Rural & Environment",State,https://www.myscheme.gov.in/schemes/kpyg
48,"Agriculture,Rural & Environment",BVBY,Bhavantar Bharpai Yojana,What is Bhavantar Bharpai Yojana?,"The scheme is implemented by the Department of Horticulture, Government of Haryana, aims to protect horticultural farmers from market price fluctuations and compensate them if they receive low prices for their produce in the market.","Horticulture, Farmer, Agriculture, Vegetable Grower, Fruits, Vegetables, Incentive, Agriculture,Rural & Environment",State,https://www.myscheme.gov.in/schemes/bvby
49,"Agriculture,Rural & Environment",SPFASAE,Scheme to Provide Financial Assistance to Farmers for Purchasing Sanedo Agricultural Equipment,What is Scheme to Provide Financial Assistance to Farmers for Purchasing Sanedo Agricultural Equipment?,"This scheme has been introduced by the Agriculture, Farmers Welfare and Cooperation Department, Gujarat. It aims to provide financial assistance to farmers for purchasing Sanedo (Mini Tractor) equipment, which enhances efficiency and reduces labor dependency in farming operations.","Agriculture, Farmer, Sanedo Equipment, Agriculture,Rural & Environment",State,https://www.myscheme.gov.in/schemes/spfasae
50,"Agriculture,Rural & Environment",SAPSF,Scheme for Assistance on Purchase of Smartphone by the Farmers,What is Scheme for Assistance on Purchase of Smartphone by the Farmers?,"This scheme has been introduced by the Agriculture, Farmers Welfare and Cooperation Dept., Gujarat. It aims to provide financial assistance to farmers for purchasing smartphones, enabling them to access agricultural technology, weather updates, pest control techniques, and government assistance.","Agriculture, Farmer, Smartphone, Agriculture,Rural & Environment",State,https://www.myscheme.gov.in/schemes/sapsf
51,"Agriculture,Rural & Environment",EOTMAF,Establishment of 1 to 20 Milch Animal Farm,What is Establishment of 1 to 20 Milch Animal Farm?,"The ""Establishment of 1 to 20 Milch Animal Farm"" scheme introduced by the Agriculture, Farmers Welfare and Cooperation Department, Gujarat, provides financial assistance in the form of an interest subsidy to livestock farmers to take up animal husbandry as a sustainable business.","Animal Husbandry, Rural Employment, Animal Farm, Agriculture,Rural & Environment",State,https://www.myscheme.gov.in/schemes/eotmaf
52,"Agriculture,Rural & Environment",DVRSF,Diesel VAT Relief Scheme for Fishermen,What is Diesel VAT Relief Scheme for Fishermen?,"The ""Diesel VAT Relief Scheme for Fishermen"" introduced by the Agriculture, Farmers Welfare and Cooperation Department, Gujarat, aims to provide financial assistance by subsidizing the VAT levied on high-speed diesel used in fishing boats.","Agriculture, Fishing Activities, Fishermen, Agriculture,Rural & Environment",State,https://www.myscheme.gov.in/schemes/dvrsf
53,"Agriculture,Rural & Environment",ICS,Intensive Castration Scheme,What is Intensive Castration Scheme?,"The ""Intensive Castration Scheme"" introduced by the Agriculture, Farmers Welfare and Cooperation Department, Gujarat, aims to control the stray animal population by castrating male calves and helps in reducing accidents caused by stray male animals in rural and urban areas.","Animal Husbandry, Cow, Low Genetic Animal, Agriculture,Rural & Environment",State,https://www.myscheme.gov.in/schemes/ics
54,Transport & Infrastructure,SPEBJ,Subsidy to Purchase E-Bike for Journalists,What is Subsidy to Purchase E-Bike for Journalists?,"The scheme aims to provide financial assistance to journalists in Goa for purchasing e-bikes at a subsidised rate. The benefits include making it more convenient for journalists to gather and disseminate news, with the intended beneficiaries being eligible Goa-based journalists.","Subsidy, Transport, Journalist, Environment, Pollution, Road, Transport & Infrastructure, Agriculture,Rural & Environment",State,https://www.myscheme.gov.in/schemes/spebj
55,"Agriculture,Rural & Environment",SFUGP,Scheme for Upgradation of Gaushala/ Panjrapole,What is Scheme for Upgradation of Gaushala/ Panjrapole?,"The ""Scheme for Upgradation of Gaushala/ Panjrapole""  aims to promote indigenous cow breeds and make cow rearing economically viable.","Agriculture, Animal Husbandry, Cattle Development, Agriculture,Rural & Environment",State,https://www.myscheme.gov.in/schemes/sfugp
56,"Agriculture,Rural & Environment",ACFAPSC,Assistance of Concentrate Feed After Parturition (Scheduled Caste Category),What is Assistance of Concentrate Feed After Parturition (Scheduled Caste Category)?,"The scheme ""Assistance of Concentrate Feed After Parturition (Scheduled Caste Category)"" provides 150 kg of BIS Type II concentrate feed to Scheduled Caste Category livestock owners after parturition to support cattle health, increase milk production, and enhance calf development.","Animal Husbandry, Cattle Development, Milk Production, Concentrate Feeds, Agriculture,Rural & Environment",State,https://www.myscheme.gov.in/schemes/acfapsc
57,"Agriculture,Rural & Environment",ACFPAGC,Assistance of Concentrate Feed for Pregnant Animals (General Category),What is Assistance of Concentrate Feed for Pregnant Animals (General Category)?,"This scheme provides free BIS type II concentrate feed to pregnant cattle owned by General Category livestock owners in Gujarat to ensure their good health, boost immunity, prevent metabolic diseases, and enhance milk production.","Animal Husbandry, Pregnant Cattle, Milk Production, Agriculture,Rural & Environment",State,https://www.myscheme.gov.in/schemes/acfpagc
58,"Agriculture,Rural & Environment",FFPPC,PMMSY: Fish Feed Plants of Production Capacity of at least 100 Ton/Day - Haryana,What is PMMSY: Fish Feed Plants of Production Capacity of at least 100 Ton/Day - Haryana?,"This scheme provides capital subsidy for setting up fish feed plants with a minimum production capacity of 100 tons per day, under the Pradhan Mantri Matsya Sampada Yojana (PMMSY) to general , schedule caste and women beneficiaries .","Fish, Affordable Feed, Capital Subsidy, FFPO, Agriculture,Rural & Environment, Business & Entrepreneurship, Social welfare & Empowerment",State,https://www.myscheme.gov.in/schemes/sffppc
59,"Agriculture,Rural & Environment",ENFFHR,PMMSY: Establishment of New Freshwater Fin Fish Hatcheries-Haryana,What is PMMSY: Establishment of New Freshwater Fin Fish Hatcheries-Haryana?,"The scheme aims to support the establishment of new freshwater finfish hatcheries. Through this scheme, financial assistance in the form of subsidies is provided to beneficiaries for setting up these hatcheries.","Financial Assistance, Subsidy, Setting Up, Hatcheries, Agriculture,Rural & Environment",State,https://www.myscheme.gov.in/schemes/enffhr
60,"Agriculture,Rural & Environment",LFVCS,PMMSY: Live Fish Vending Centres Scheme - Haryana,What is PMMSY: Live Fish Vending Centres Scheme - Haryana?,The scheme aims to support fishers by providing financial assistance for live fish vending centers. A subsidy per unit is provided under PMMSY.,"Financial Assistance, Fish Farmer, Transportation, Subsidy, Marketing, Agriculture,Rural & Environment",State,https://www.myscheme.gov.in/schemes/lfvcs
61,"Agriculture,Rural & Environment",SWSCFFSSAANW,Scheme for the Welfare of Schedule Caste Families in Fisheries Sector: Subsidy on Annual Auction of Notified Waters,What is Scheme for the Welfare of Schedule Caste Families in Fisheries Sector: Subsidy on Annual Auction of Notified Waters?,The objective of the scheme is to provide full-time employment to individuals from Scheduled Caste families in the fisheries sector and uplift their socio-economic status by promoting fish farming through subsidization of fishing contract costs in designated water bodies.,"Financial Assistance, Subsidy, Auction, Waters, Fish Culture, Agriculture,Rural & Environment",State,https://www.myscheme.gov.in/schemes/faotaaonw
62,"Agriculture,Rural & Environment",PASHUPALANGBCDC,Pashupalan (GBCDC),What is Pashupalan (GBCDC)?,The scheme aims to provide an amount for animal husbandry activities. Low-interest loans are provided to Pashu Palaks.,"Cow, Buffalo, Agriculture Activities, Loan, Agriculture,Rural & Environment, Banking,Financial Services and Insurance",State,https://www.myscheme.gov.in/schemes/pashupalangbcdc
63,"Agriculture,Rural & Environment",PMMSYMSOFRU,Pradhan Mantri Matsya Sampada Yojana: Medium Scale Ornamental Fish Rearing Unit (Fresh Water) - Haryana,What is Pradhan Mantri Matsya Sampada Yojana: Medium Scale Ornamental Fish Rearing Unit (Fresh Water) - Haryana?,"Under this scheme, financial assistance in the form of a subsidy is provided to eligible beneficiaries for setting up infrastructure such as sheds, breeding units, and rearing and culture tanks for ornamental fish.","Fish Production, Fish, Fish Farmer, Subsidy, Ornamental Aquaculture, Fish Rearing Unit, Fresh Water, Agriculture,Rural & Environment",State,https://www.myscheme.gov.in/schemes/msofru
64,"Agriculture,Rural & Environment",PMMSYCNGPGUJ,Pradhan Mantri Matsya Sampada Yojana (PMMSY-Inland): Construction of New Grow-out Pond - Gujarat,What is Pradhan Mantri Matsya Sampada Yojana (PMMSY-Inland): Construction of New Grow-out Pond - Gujarat?,The scheme aims to enhance fish production and provide employment through inland fisheries. It offers financial support to construct new grow-out ponds for eligible beneficiaries.,"Fish Farming, Construction, Ponds, Freshwater Hatcheries, Agriculture,Rural & Environment",State,https://www.myscheme.gov.in/schemes/pmmsycngpguj
65,"Banking,Financial Services and Insurance",AITH-ATISIS,"""Agricultural Income Tax Holiday"" under the ""Assam Tea Industries Special Incentives Scheme""","What is ""Agricultural Income Tax Holiday"" under the ""Assam Tea Industries Special Incentives Scheme""?","The scheme aims to ensure long-term financial sustainability of the Tea industry and to incentivize manufacturers to move from Crush, Tear, Curl tea to Orthodox tea production. The scheme is implemented by the Finance Department and the Industries & Commerce Department, Government of Assam.","Holiday, Tea, Income Tax, Incentive, Industry, Banking,Financial Services and Insurance, Agriculture,Rural & Environment",State,https://www.myscheme.gov.in/schemes/aith-atisis
66,"Agriculture,Rural & Environment",SFIDFH,Scheme for Integrated Development for Horticulture (HRT-2),What is Scheme for Integrated Development for Horticulture (HRT-2)?,"The scheme ""Scheme for Integrated Development for Horticulture (HRT-2)"" aims to promote holistic horticultural growth through financial assistance for production, processing, marketing, and infrastructure support to farmers across Gujarat.","Horticulture, Farm Mechanization, Greenhouse Subsidy, Crop Protection, Post Harvest Management, Agriculture,Rural & Environment",State,https://www.myscheme.gov.in/schemes/sfidfh
67,"Agriculture,Rural & Environment",NMOEPPM,National Mission on Edible Oil–Oil Palm: Planting Materials,What is National Mission on Edible Oil–Oil Palm: Planting Materials?,"The scheme component ""Planting Materials"" launched under the ""National Mission on Edible Oil–Oil Palm"" scheme aims to increase oil palm production in the state and reduce dependency on imports through financial assistance to farmers for procuring planting materials.","Edible Oil, Oil Palm, Planting Materials, Imported Plant, Seedlings, Subsidy, Agriculture,Rural & Environment",State,https://www.myscheme.gov.in/schemes/nmoeppm
68,"Agriculture,Rural & Environment",NMOEN,National Mission on Edible Oil- Oil Palm: Nursery,What is National Mission on Edible Oil- Oil Palm: Nursery?,"The scheme component ""Nursery"" launched under the ""National Mission on Edible Oil–Oil Palm"" scheme aims to increase the production of oil palm in the state and reduce dependence on imports through providing subsidy assistance for setting up nurseries for farmers.","Edible Oil, Nursery, Farmer, Subsidy, Agriculture,Rural & Environment",State,https://www.myscheme.gov.in/schemes/nmoen
69,"Agriculture,Rural & Environment",ATMFCVC,Assistance in Trellise Mandap for Cultivation of Vegetable Crops,What is Assistance in Trellise Mandap for Cultivation of Vegetable Crops?,"The scheme ""Assistance in Trellise Mandap for Cultivation of Vegetable Crops"" aims to promote structured vegetable farming through the provision of financial assistance for constructing kachha/semi-pucca/pucca trellis mandaps to all farmers across the state.","Agriculture, Vegetable Farming, Trellis Mandap, Farming Infrastructure, Agriculture,Rural & Environment",State,https://www.myscheme.gov.in/schemes/atmfcvc
70,"Agriculture,Rural & Environment",IHDPTAF,Integrated Horticulture Development Program for Tribal Area Farmers (TASP) HRT-3,What is Integrated Horticulture Development Program for Tribal Area Farmers (TASP) HRT-3?,"The scheme ""Integrated Horticulture Development Program for Tribal Area Farmers (TASP) HRT-3"" by the Agriculture and Co-operation Department, Government of Gujarat, aims to enhance the horticulture sector through financial assistance and subsidies to tribal area farmers across the state.","Horticulture, Tribal Farmers, Farm Mechanization, Post Harvest Management, Subsidy, Agriculture,Rural & Environment",State,https://www.myscheme.gov.in/schemes/ihdptaf
71,"Agriculture,Rural & Environment",PMMSYC2GUJ,PMMSY: Construction of  Plant/Storage of Minimum 20 Tonne Capacity - Gujarat,What is PMMSY: Construction of  Plant/Storage of Minimum 20 Tonne Capacity - Gujarat?,"The scheme aims to provide financial support for the construction of 20-tonne capacity ice plant/storage units, ensuring hygienic fish storage and improving the income of beneficiaries.","Construction Of Plant, Storage, Fish, Fishermen, Fish Sellers, 20 Tonne, Agriculture,Rural & Environment",State,https://www.myscheme.gov.in/schemes/pmmsyc2guj
72,"Agriculture,Rural & Environment",PMMSYCP3GUJ,PMMSY: Construction of  Plant/Storage of Minimum 30 Tonne Capacity - Gujarat ,What is PMMSY: Construction of  Plant/Storage of Minimum 30 Tonne Capacity - Gujarat?,"The scheme aims to strengthen fish storage infrastructure for hygienic preservation. Through this scheme, beneficiaries receive financial assistance for constructing 30-tonne capacity plants or storage units.","Construction Of Plant, Storage, Fishermen, Fish Sellers, Agriculture,Rural & Environment",State,https://www.myscheme.gov.in/schemes/pmmsycp3guj
73,"Agriculture,Rural & Environment",DSMPHSFCCLOMUK,Distribution of Seeds of more productions varieties/ Hybrids varieties Seeds and fertilizer at subsidies etc. to Adivasi farmers in Tribal Area: Castor cake/Neem cake/ Liquid Fermented Organic Manure / Green manure seed (For mix in the soil) Gujarat,What is Distribution of Seeds of more productions varieties/ Hybrids varieties Seeds and fertilizer at subsidies etc. to Adivasi farmers in Tribal Area: Castor cake/Neem cake/ Liquid Fermented Organic Manure / Green manure seed (For mix in the soil) Gujarat?,"The scheme aims to help tribal farmers improve their livelihood by increasing agricultural crop production. Through this scheme, subsidies are provided on high-yield and hybrid seeds, fertilizers, and other agricultural inputs to Scheduled Tribe farmers.","Adivasi Farmers, Crop Production, Livelihood, Castor Cake, Fertilizer, Subsidies, Agriculture,Rural & Environment",State,https://www.myscheme.gov.in/schemes/dsmphsfcclomuk
74,"Agriculture,Rural & Environment",DSPVSFWCPLGUJ,Distribution of Seeds of more productions varieties/ Hybrids varieties Seeds and fertilizer at subsidies etc. to Adivasi farmers in Tribal Area: Water Carrying Pipe Line (TASP & OTASP) Gujarat,What is Distribution of Seeds of more productions varieties/ Hybrids varieties Seeds and fertilizer at subsidies etc. to Adivasi farmers in Tribal Area: Water Carrying Pipe Line (TASP & OTASP) Gujarat?,"The scheme aims to improve the agricultural productivity of Scheduled Tribe farmers through subsidized seeds, fertilizers, and equipment. It provides direct support to tribal farmers for enhancing crop production and livelihood.","Adivasi Farmers, Crop Production, Livelihood, Fertilizer, Subsidies, Water Carrying Pipeline, Agriculture,Rural & Environment",State,https://www.myscheme.gov.in/schemes/dspvsfwcplguj
75,"Agriculture,Rural & Environment",DSMPVHVSTGUJ,Distribution of Seeds of more productions varieties/ Hybrids varieties Seeds and fertilizer at subsidies etc. to Adivasi farmers in Tribal Area: Tarpaulin Gujarat,What is Distribution of Seeds of more productions varieties/ Hybrids varieties Seeds and fertilizer at subsidies etc. to Adivasi farmers in Tribal Area: Tarpaulin Gujarat?,"The scheme aims to enhance crop production and livelihood. It provides subsidies on seeds, fertilizers, tarpaulins, and other agricultural inputs to Scheduled Tribe farmers.","Adivasi Farmers, Crop Production, Livelihood, Seeds, Fertilizer, Subsidies, Tarpaulin, Agriculture,Rural & Environment",State,https://www.myscheme.gov.in/schemes/dsmpvhvstguj
76,"Agriculture,Rural & Environment",PMMSYFVGUJ,PMMSY: Three wheeler with Ice Box including e-rickshaws for fish vending - Gujarat ,What is PMMSY: Three wheeler with Ice Box including e-rickshaws for fish vending - Gujarat?,"The scheme aims to strengthen fish storage infrastructure for hygienic preservation. Through this scheme, beneficiaries receive financial assistance for a three-wheeler with an Ice Box, including e-rickshaws for fish vending.","Construction Of Plant, Storage, Fishermen, Fish Sellers, Agriculture,Rural & Environment",State,https://www.myscheme.gov.in/schemes/pmmsyfvguj
77,"Agriculture,Rural & Environment",PMMSYSADSVTGUJ,PMMSY: Support for Acquisition of Deep Sea Fishing Vessels for Traditional Fishermen - Gujarat ,What is PMMSY: Support for Acquisition of Deep Sea Fishing Vessels for Traditional Fishermen - Gujarat?,"The scheme aims to strengthen fish storage infrastructure for hygienic preservation. Through this scheme, beneficiaries receive financial assistance for the support for acquisition of deep-sea fishing vessels for traditional fishermen.","Construction Of Plant, Storage, Traditional Fishermen, Fish Sellers, Support For Acquisition Of Deep Sea Fishing Vessels, Agriculture,Rural & Environment",State,https://www.myscheme.gov.in/schemes/pmmsysadsvtguj
78,"Agriculture,Rural & Environment",PMMSYICEBOXGUJ,PMMSY: Motorcycle with Ice Box - Gujarat,What is PMMSY: Motorcycle with Ice Box - Gujarat?,"The scheme aims to provide financial assistance for the purchase of motorcycles with ice boxes. Through this scheme, eligible beneficiaries receive subsidies to enhance their livelihood opportunities.","Construction Of Plant, Storage, Fishermen, Fish Sellers, Agriculture,Rural & Environment",State,https://www.myscheme.gov.in/schemes/pmmsyiceboxguj
79,"Agriculture,Rural & Environment",NLMLIS,National Livestock Mission: Livestock Insurance Scheme - Uttarakhand Livestock Development Board,What is National Livestock Mission: Livestock Insurance Scheme - Uttarakhand Livestock Development Board?,"The scheme aims to provide insurance coverage to livestock in order to protect cattle rearers against the loss of their animals due to death, thereby encouraging them to adopt better animal husbandry practices.","Livestock, Animal Husbandry, Insurance, Cattle, Agriculture,Rural & Environment",State,https://www.myscheme.gov.in/schemes/lisulm
80,"Agriculture,Rural & Environment",MPKULDB,Maitri Prashikshan Karyakram - Uttarakhand Livestock Development Board,What is Maitri Prashikshan Karyakram - Uttarakhand Livestock Development Board?,The scheme aims to enhance livestock productivity and improve  artificial insemination services across the state through the training and capacity building of local youth.,"Artificial Insemination, Livestock Development, Animal Husbandry, Training, Livestock, Agriculture,Rural & Environment",State,https://www.myscheme.gov.in/schemes/mtp
81,"Agriculture,Rural & Environment",MPUK,Machhali Palan,What is Machhali Palan?,"The scheme aims to provide financial support to fishermen for repairing, reconstructing, and replacing damaged boats and nets due to disasters.","Fish Farming, Fishermen, Boat, Net, Fish Seed Farm, Agriculture,Rural & Environment, Business & Entrepreneurship",State,https://www.myscheme.gov.in/schemes/fishfarminguk
82,"Agriculture,Rural & Environment",COPY OF DMF-ACIVCU,Development of Manures & Fertilizers: Assistance for Construction/Installation of Vermi-Compost Units,What is Development of Manures & Fertilizers: Assistance for Construction/Installation of Vermi-Compost Units?,"The ""Vermi-compost Units"" component of the scheme aims to convert available on-field and farm waste material into chemical-free farm resources as farm input for organic farming through vermicomposting processes. The payment of the sanctioned subsidy is through Electronic Clearance System (ECS).","Agriculture, Farmer, Crop, Soil, Plant, Agriculture,Rural & Environment",State,https://www.myscheme.gov.in/schemes/copy-of-dmf-acivcu
83,"Agriculture,Rural & Environment",CDCWRFV,Compensation for Crop Damage Caused by Wildlife (in Revenue and Forest Villages),What is Compensation for Crop Damage Caused by Wildlife (in Revenue and Forest Villages)?,"The scheme aims to provide timely financial assistance to farmers for crop damage caused by wildlife, assessed and compensated within 30 working days as per revenue book circular guidelines.","Farmer, Financial Relief, Wild Animal, Crops, Agriculture,Rural & Environment",State,https://www.myscheme.gov.in/schemes/rccdcwrfv
84,"Agriculture,Rural & Environment",MSKS,Mukhyamantri Sudharit Kamdhenu Scheme,What is Mukhyamantri Sudharit Kamdhenu Scheme?,"The scheme aims to help the farmers to get financial assistance for the purchase of cross bred cows, improved she buffaloes and cows of indigenous breeds namely Sahiwal, Gir, Red Sindhi, Rathi and Tharparkar for their Dairy Unit, to promote self employment in the Dairy Sector.","Farmer, Youth, Dairy, Subsidy, Cattle, Agriculture,Rural & Environment",State,https://www.myscheme.gov.in/schemes/msks
85,"Agriculture,Rural & Environment",RFCP,Registration for Crop Procurement,What is Registration for Crop Procurement?,The scheme aims to ensure fair crop prices for farmers by facilitating government procurement and provides easy online registration for landholding farmers to sell their crops at minimum support price.,"Farmer, Financial Assistance, Crop, Procurement, Grain, Agriculture,Rural & Environment",State,https://www.myscheme.gov.in/schemes/rfcp
86,"Agriculture,Rural & Environment",HCPP,Hybrid Chilli Production Program,What is Hybrid Chilli Production Program?,The scheme aims to provide self-employment opportunities and increase income for Scheduled Caste farmers living below the poverty line by promoting hybrid chilli cultivation.,"Hybrid Chilli Production, Financial Assistance, Horticulture, Agriculture,Rural & Environment",State,https://www.myscheme.gov.in/schemes/hcpp
87,"Agriculture,Rural & Environment",MMGKY,Mukhyamantri Ghasyari Kalyan Yojana,What is Mukhyamantri Ghasyari Kalyan Yojana?,"The scheme aims to provide affordable and nutritious packed silage and total mixed animal feed to livestock farmers, especially women, in the remote hilly areas of Uttarakhand. Under this scheme, silage is made available to livestock farmers at a subsidized rate of ₹2.75 per kg.","Silage, Animal Feed, Fodder, Livestock Farmer, Cattle Rearer, Agriculture,Rural & Environment",State,https://www.myscheme.gov.in/schemes/mmgky
88,"Agriculture,Rural & Environment",DPIVRCSCB,District Plan: Inter-Village Road Construction Scheme on Contributory Basis,What is District Plan: Inter-Village Road Construction Scheme on Contributory Basis?,The scheme aims to facilitate the easy and timely transportation of sugarcane from farms to purchasing centers and sugar mills by improving inter-village road connectivity in sugarcane-growing areas.,"Road Construction, Sugar Transportation, Sugarcane, Farmer, Sugar Mill, Agriculture,Rural & Environment",State,https://www.myscheme.gov.in/schemes/dpivrcscb
89,"Agriculture,Rural & Environment",TDPHDUK,Tea Development Programme in the Hilly Districts of Uttarakhand - Uttarakhand Tea Development Board,What is Tea Development Programme in the Hilly Districts of Uttarakhand - Uttarakhand Tea Development Board?,"The scheme aims to promote tea cultivation in the mountainous regions of Uttarakhand, providing sustainable employment, optimal utilization of barren and unused land, and economic upliftment of local farmers.","Tea, Tea Development Board, Farmer, Self-Employment, Tea Plantation, Tea Garden, Tea Industry, Agriculture,Rural & Environment",State,https://www.myscheme.gov.in/schemes/tdphduk
90,"Agriculture,Rural & Environment",CG-UBASNFIHBE,"Craft & Gear (Unit: Boats of Appropriate Sizes Including Nets, Fish & Ice Holding Boxes, Etc.)","What is Craft & Gear (Unit: Boats of Appropriate Sizes Including Nets, Fish & Ice Holding Boxes, Etc.)?",The scheme aims to uplift traditional fishermen by providing financial help in the form of a subsidy on the purchase or construction of new wooden or Fiberglass Reinforced Plastic fishing crafts below 26 feet for inland fishing activities in Goa.,"Fisherman, Subsidy, Craft, Gear, Boat, Agriculture,Rural & Environment, Social welfare & Empowerment",State,https://www.myscheme.gov.in/schemes/cg-ubasnfihbe
91,"Agriculture,Rural & Environment",GSCAP,Grant Scheme for Cultivation of Aromatic Plants - Centre for Aromatic Plants,What is Grant Scheme for Cultivation of Aromatic Plants - Centre for Aromatic Plants?,"The scheme aims to encourage farmers to adopt the cultivation of commercially valuable aromatic crops such as lemongrass, citronella, palmarosa, khus, damask rose, mint (except Japanese mint), geranium, black cumin, rosemary, bay leaf, timur & sandalwood by providing financial assistance to them.","Aromatic, Farmer, Aromatic Plants, Cultivation, Grant, Agriculture,Rural & Environment",State,https://www.myscheme.gov.in/schemes/gscap
92,Education & Learning,NSS,Nishadraj Scholarship Scheme,What is Nishadraj Scholarship Scheme?,"The scheme aims to promote higher education among children of fisher families working in federation reservoirs by providing scholarships of up to ₹20,000 for technical courses and up to ₹10,000 for non-technical courses.","Fish Farmer, Children, Higher Education, Scholarship, Student, Education & Learning, Agriculture,Rural & Environment",State,https://www.myscheme.gov.in/schemes/nss
93,"Agriculture,Rural & Environment",GHC,Greenhouse Construction,What is Greenhouse Construction?,"The scheme aims to promote protected cultivation of vegetables and flowers by encouraging farmers to adopt greenhouse technology through substantial financial assistance and support, thereby increasing productivity, improving crop quality, and enhancing farmers’ income.","Greenhouse, Farmer, Polyhouse, Horticulture, Agriculture,Rural & Environment",State,https://www.myscheme.gov.in/schemes/ghc
94,Skills & Employment,TPEDB,Training Programme for Entrepreneurship Development in Biotechnology,What is Training Programme for Entrepreneurship Development in Biotechnology?,"The scheme aims to train youth in biotechnology and develop entrepreneurial skills by providing technical knowledge, mentorship, and guidance to help them initiate biotech startups.","Training Program, Entrepreneurship Development, Biotechnology, Student, Researcher, Skills & Employment, Agriculture,Rural & Environment",State,https://www.myscheme.gov.in/schemes/tpedb
95,"Agriculture,Rural & Environment",GSSSLF,Grant for Sex-Sorted Semen to Livestock Farmers,What is Grant for Sex-Sorted Semen to Livestock Farmers?,The scheme aims to promote breed improvement and increase milk production by encouraging the use of sex-sorted semen for artificial insemination in cows and buffaloes.,"Livestock, Buffalo, Cattle, Sex-Sorted Semen, Artificial Insemination, Agriculture,Rural & Environment",State,https://www.myscheme.gov.in/schemes/slfsss
96,"Agriculture,Rural & Environment",SFIS,State Fisheries Input Scheme,What is State Fisheries Input Scheme?,"The scheme aims to aims to enhance the productivity and income of fish farmers by providing financial support in the form of subsidies on essential fishery inputs such as hand nets, hapa, nets, mini kits, etc.","Fisheries, Subsidy, Fish Farming, Fish Farmer, Fishermen, Agriculture,Rural & Environment",State,https://www.myscheme.gov.in/schemes/sfis
97,"Agriculture,Rural & Environment",AAPCAP,Aromatic Awareness Programme - Centre for Aromatic Plants,What is Aromatic Awareness Programme - Centre for Aromatic Plants?,"The scheme aims to raise awareness about aromatic plants and their benefits, and to provide guidance on cultivation practices suitable to different agricultural climates.","Aromatic, Awareness Programme, Aromatic Plants, Agriculture,Rural & Environment",State,https://www.myscheme.gov.in/schemes/aapcap
98,"Agriculture,Rural & Environment",VDAPS,Very Dense Apple Plantation Scheme,What is Very Dense Apple Plantation Scheme?,"The scheme aims to promote intensive apple cultivation among farmers by establishing modern orchards with high-yielding varieties and providing financial assistance through a 60% subsidy on saplings, thereby enhancing productivity and increasing farmers’ income.","Apple Plantation, Subsidy, Apple, Agriculture,Rural & Environment",State,https://www.myscheme.gov.in/schemes/vdaps
99,"Agriculture,Rural & Environment",EVCU,Establishment of Vermicompost Units,What is Establishment of Vermicompost Units?,The scheme aims to promote sustainable agriculture and organic farming by providing financial assistance for setting up vermicompost units to farmers and women self-help groups.,"Vermicompost Unit, Subsidy, Self-Help Group, Farmer, Agriculture,Rural & Environment",State,https://www.myscheme.gov.in/schemes/evcu
100,"Agriculture,Rural & Environment",UCUK,Udhyan Card,What is Udhyan Card?,"It aims to create a unified identification system for farmers engaged in horticulture activities, enabling them to access all horticulture-related schemes and benefits provided by the Government of Uttarakhand.","Horticulture, Card, Farmer, Agriculture,Rural & Environment",State,https://www.myscheme.gov.in/schemes/ucuk
101,"Agriculture,Rural & Environment",TIFSPIFRTATK,To Increase Fish Seed Production and Inland Fisheries Resources in Tribal Areas: Training Kit - Gujarat,What is To Increase Fish Seed Production and Inland Fisheries Resources in Tribal Areas: Training Kit - Gujarat?,The scheme aims to provide training and equipment to boost inland fisheries among Scheduled Tribe beneficiaries.,"Fish, Fish Activities, Fish Production, Scheduled Tribes, Fishermen, Training Kit, Agriculture,Rural & Environment",State,https://www.myscheme.gov.in/schemes/ifpiftrainingkitguj
102,Education & Learning,KVNY,Krishi Vidya Nidhi Yojana,What is Krishi Vidya Nidhi Yojana?,"The scheme aims to provide merit-based financial assistance to children of CM-KISAN beneficiaries pursuing professional and technical courses, supporting higher education through Direct Benefit Transfer.","Scholarship, Higher Education, Farmers Children, DBT, CM-KISAN, Education & Learning, Agriculture,Rural & Environment",State,https://www.myscheme.gov.in/schemes/kvny
103,"Agriculture,Rural & Environment",PTPAPMH,A Program to Provide 90 Percent Assistance in Planting Material of Horticultural Fruit Crops,What is A Program to Provide 90 Percent Assistance in Planting Material of Horticultural Fruit Crops?,This scheme offers 90% financial assistance to farmers for purchasing planting materials of fruit crops to promote horticulture.,"Agriculture, Horticultural, Fruit Crops, Agriculture,Rural & Environment",State,https://www.myscheme.gov.in/schemes/ptpapmh
104,"Agriculture,Rural & Environment",APVCRRM,Assistance for Planting Vegetable Crops for Raw and Ripe Mandap,What is Assistance for Planting Vegetable Crops for Raw and Ripe Mandap?,"The scheme provides financial assistance to farmers in Gujarat for setting up vegetable trellises (Mandap) for raw, semi-ripe, and ripe vegetables, with varying support for General, SC, and ST farmers.","Vegetable Crops, Farmer, Raw And Ripe Mandap, Agriculture,Rural & Environment",State,https://www.myscheme.gov.in/schemes/apvcrrm
105,"Agriculture,Rural & Environment",RKVP,Rashtriya Krishi Vigyan Puraskar,What is Rashtriya Krishi Vigyan Puraskar?,The Rashtriya Krishi Vigyan Puraskar (RKVP) aims to honor scientists and technical experts for outstanding contributions and innovations in agriculture and allied sciences.,"Krishi, Award, Farmer, Sciences, Technologies, Agriculture,Rural & Environment",Ministry Of Agriculture and Farmers Welfare,https://www.myscheme.gov.in/schemes/rkvp
106,"Agriculture,Rural & Environment",CDPNER:EC,Coffee Development Programme in North Eastern Region: Expansion of Coffee,What is Coffee Development Programme in North Eastern Region: Expansion of Coffee?,"The scheme ""Coffee Development Programme in North Eastern Region: Expansion of Coffee"" by the Coffee Board, Department of Commerce, Ministry of Commerce and Industry, aims to facilitate afforestation in the Jhum lands and help settle the tribals on a permanent footing.","Agriculture, Farmer, DBT, Subsidy, Agriculture,Rural & Environment",Ministry Of Commerce And Industry,https://www.myscheme.gov.in/schemes/cdpnerec
107,"Agriculture,Rural & Environment",HSFEPQIISARADOCSCRNPKAOS,Integrated Scheme for Export Promotion & Quality Improvement in Spices and Research and Development of Cardamom: \Small Cardamom Replanting/New Planting: Karnataka (Ha.) and other States,What is Integrated Scheme for Export Promotion & Quality Improvement in Spices and Research and Development of Cardamom: \Small Cardamom Replanting/New Planting: Karnataka (Ha.) and other States?,"To motivate growers in Karnataka and other states to improve production and productivity through systematic replanting of diseased, old, and senile plantations, and to promote area expansion under cultivation.","Replanting, Plant, Agriculture, Planting, Agriculture,Rural & Environment, Business & Entrepreneurship",Ministry Of Commerce And Industry,https://www.myscheme.gov.in/schemes/hsfepqiisaradocscrnpkaos
108,"Agriculture,Rural & Environment",RKVYSHFSHC,RKVY Soil Health and Fertility - Soil Health Card,What is RKVY Soil Health and Fertility - Soil Health Card?,The scheme aims to promote soil test-based nutrient management by providing Soil Health Cards containing soil analysis results and fertilizer recommendations to farmers across India.,"Soil Health, INM, Soil Testing, Farmer, RKVY, Agriculture,Rural & Environment",Ministry Of Agriculture and Farmers Welfare,https://www.myscheme.gov.in/schemes/rkvyshfshc
109,"Agriculture,Rural & Environment",NFSMCSS,National Food Security Mission NFSM,What is National Food Security Mission NFSM?,"National Food Security Mission was launched in 2007-08 to increase the production of rice, wheat and pulses. Later, coarse cereals, nutri cereals, commercial crops (sugarcane, jute, and cotton) were also added to the mission.","Demonstration, Seed Distribution, Seed Hub, Seed Production, Pulses, Rice, Wheat, Nutri Cereals, Millets, Agriculture,Rural & Environment",Ministry Of Agriculture and Farmers Welfare,https://www.myscheme.gov.in/schemes/nfsmcss
110,"Agriculture,Rural & Environment",KCC,Kisan Credit Card,What is Kisan Credit Card?,The Kisan Credit Card (KCC) scheme was introduced in 1998 for issue of Kisan Credit Cards to farmers on the basis of their holdings for uniform adoption by the banks so that farmers may use them to readily purchase agriculture inputs and draw cash for their production needs.,"Kisan, Credit Card, Farmer, Farming, Banking, Agriculture,Rural & Environment",Ministry Of Agriculture and Farmers Welfare,https://www.myscheme.gov.in/schemes/kcc
111,"Agriculture,Rural & Environment",ISFEPQIISARADOCSCILDRWHS,Integrated Scheme for Export Promotion & Quality Improvement in Spices and Research and Development of Cardamom:Small Cardamom Irrigation Land Development : Rain water harvesting structure (nos),What is Integrated Scheme for Export Promotion & Quality Improvement in Spices and Research and Development of Cardamom:Small Cardamom Irrigation Land Development : Rain water harvesting structure (nos)?,Under this scheme to motivate the growers to bring more area under irrigation and land development by constructing rain water harvesting structures for increasing the productivity and improving quality of small cardamom.,"Rain Water Harvesting, Agriculture, Land Development, Farmer, Small Cardamom, Agriculture,Rural & Environment, Business & Entrepreneurship",Ministry Of Commerce And Industry,https://www.myscheme.gov.in/schemes/isfepqiisaradocscildrwhs
112,"Agriculture,Rural & Environment",ISFEPQISARADOCPHIPFSCLCTW,"Integrated Scheme for Export Promotion & Quality Improvement in Spices and Research and Development of Cardamom: Post-Harvest Improvement: Polisher for Small Cardamom, Large Cardamom, Turmeric, etc (nos)","What is Integrated Scheme for Export Promotion & Quality Improvement in Spices and Research and Development of Cardamom: Post-Harvest Improvement: Polisher for Small Cardamom, Large Cardamom, Turmeric, etc (nos)?","The scheme aims to encourage spice growers to adopt proper polishing methods for spices such as small cardamom, large cardamom, and turmeric to improve their appearance, quality, and marketability.","Agriculture, Small Cardamom, Large Cardamom, Turmeric, Spices Board, Agriculture,Rural & Environment",Ministry Of Commerce And Industry,https://www.myscheme.gov.in/schemes/isfepqisaradocphipfsclctw
113,"Agriculture,Rural & Environment",PMSY,SVAMITVA Yojana (Survey of Villages and Mapping with Improvised Technology in Village Areas),What is SVAMITVA Yojana (Survey of Villages and Mapping with Improvised Technology in Village Areas)?,"SVAMITVA, a Central Sector scheme of Ministry of Panchayati Raj to provide ‘Record of Rights’ to village household owners with issuance of legal ownership cards (Property cards/Title deeds) to the property owners by mapping of land parcels using drone technology.","Rural, Survey, Village, Drone, Property, Agriculture,Rural & Environment",Ministry Of Panchayati Raj,https://www.myscheme.gov.in/schemes/pmsy
114,"Agriculture,Rural & Environment",NSWF,National Scheme Of Welfare Of Fishermen,What is National Scheme Of Welfare Of Fishermen?,"The National Scheme of Welfare of Fishermen provides financial assistance to fishermen. They can use these for constructing houses and community halls for both recreation and work purposes. Further, through the amount availed under this scheme, fishermen can install tube wells.","Fisheries, Financial Assistance, Social Welfare, Agriculture,Rural & Environment","Ministry of Fisheries,Animal Husbandry and Dairying",https://www.myscheme.gov.in/schemes/nswf
115,"Agriculture,Rural & Environment",KY-SMSP,Krishonnati Yojana - Sub Mission On Seed And Planting Material (SMSP),What is Krishonnati Yojana - Sub Mission On Seed And Planting Material (SMSP)?,"The Sub-Mission on Seeds and Planting Material (SMSP) aims to increase the production of certified / quality seed, increase SRR, upgrade the quality of farm-saved seeds, strengthen the seed multiplication chain, promote new technologies and methodologies in seed production, processing, testing, etc.","Farmer, Agriculture, Subsidy, Agriculture,Rural & Environment",Ministry Of Agriculture and Farmers Welfare,https://www.myscheme.gov.in/schemes/ky-smsp
116,"Agriculture,Rural & Environment",CMSGUY,Chief Minister Samagra Gramya Unnayan Yojana,What is Chief Minister Samagra Gramya Unnayan Yojana?,"A 5-year mega-mission called Chief Minister Samagra Gramya Unnayan Yojana (CMSGUY) was launched in the Financial Year(FY) 2016-17, which is scheduled to culminate in the FY 2021-22, coinciding with 75 years of India's Independence.","Chief Minister, Samagra, Gramya, Unnayan, Financial Assistance, Agriculture,Rural & Environment",State,https://www.myscheme.gov.in/schemes/cmsguy
117,"Agriculture,Rural & Environment",KM,Krushi Mahotsav,What is Krushi Mahotsav?,The Krishi Mahotsav Yojana is an agricultural development scheme launched by the Government of Gujarat in the year 2010. The scheme aims to boost agricultural productivity and increase the income of farmers in the state.,"Education, Agriculture, Famers, Training, Scientific Farming, Farm Mechanization, Agriculture,Rural & Environment, Education & Learning",State,https://www.myscheme.gov.in/schemes/km
118,"Agriculture,Rural & Environment",MKSY,Mukhyamantri Kisan Sahay Yojana,What is Mukhyamantri Kisan Sahay Yojana?,"The scheme was launched on September 6, 2019, to provide relief and support to farmers in case of crop damage due to natural calamities and was implemented by the Revenue Department of the Government of Gujarat in collaboration with the Agriculture and Co-operation Department.","Kisan Sahay, Drought, Flood, Earthquake, Natural Calamities, Financial Assistance, Agriculture,Rural & Environment",State,https://www.myscheme.gov.in/schemes/mksy
119,"Agriculture,Rural & Environment",CNKGS,Cluster Nutritional Kitchen Garden Scheme,What is Cluster Nutritional Kitchen Garden Scheme?,The Cluster Nutritional Kitchen Garden Scheme (CNKGS) is an initiative launched by the government of Arunachal Pradesh to promote self-sufficiency and improve nutritional needs by encouraging the establishment of kitchen gardens.,"Malnutrition, Vegetable Cultivation, Livestock Rearing, Agriculture,Rural & Environment",State,https://www.myscheme.gov.in/schemes/cnkgs
120,"Agriculture,Rural & Environment",MVP,Mukhyamantri Vriksharopan Protsahan Yojana,What is Mukhyamantri Vriksharopan Protsahan Yojana?,Chhattisgarh Mukhyamantri Vriksharopan Protsahan Yojana has been started by the Government of Chhattisgarh with the aim of conserving the environment and doubling the income of the farmers by promoting tree plantation in the state.,"Agriculture, Plantation, Commercial Plantation, Agriculture,Rural & Environment",State,https://www.myscheme.gov.in/schemes/mvp
121,"Agriculture,Rural & Environment",APDS,Arun Pig Development Scheme,What is Arun Pig Development Scheme?,"The scheme “Arun Pig Development Scheme” was launched by the Department of Animal Husbandry, Veterinary & Dairy Development, Government of Arunachal Pradesh in the financial year 2019-20 with a focus on pig rearing.","Pig Farming, Farmer, Self Help Group (SHG), Subsidy, Entrepreneur, Agriculture,Rural & Environment",State,https://www.myscheme.gov.in/schemes/apds
122,"Agriculture,Rural & Environment",LICF,₹ 5 Lakh Insurance Cover To Farmers,What is ₹ 5 Lakh Insurance Cover To Farmers?,"Launched on 15 August 2018, the scheme ""₹5 Lakh Insurance Cover for Farmers"" is an Insurance Scheme by the Department of Agriculture, Government of Telangana. This scheme provides ₹5 lakh insurance coverage to all farmers aged between 18 and 60 years.","LIC, Insurance Coverage, Financial, Security, Agriculture,Rural & Environment, Banking,Financial Services and Insurance",State,https://www.myscheme.gov.in/schemes/farmer-insurance
123,"Agriculture,Rural & Environment",Anky,Atma Nirbhar Krishi Yojana,What is Atma Nirbhar Krishi Yojana?,Atma Nirbhar Krishi Yojana (ANKY) is a scheme launched by the Arunachal Pradesh government to boost the agriculture sector. It provides financial assistance to farmers for various agricultural activities,"Sustainability, Empowerment, Farmers, Agriculture,Rural & Environment",State,https://www.myscheme.gov.in/schemes/anky
124,"Agriculture,Rural & Environment",SSEGU10STW,Subsidy Scheme For Establishment Of Goat Unit (10+1) For Scheduled Tribe Women,What is Subsidy Scheme For Establishment Of Goat Unit (10+1) For Scheduled Tribe Women?,"The scheme “Subsidy Scheme for Establishment of Goat Unit (10+1) for Scheduled Tribe Women” was launched by the Department of Agriculture, Farmers Welfare & Co-operation, Government of Gujarat to uplift Economically poor livestock breeders of Gujarat State.","Scheduled Tribe, Woman, Subsidy, Milk Production, Goat, Agriculture,Rural & Environment, Business & Entrepreneurship, Women and Child",State,https://www.myscheme.gov.in/schemes/ssegu10stw
125,"Agriculture,Rural & Environment",SSE40RBUDP,Subsidy Scheme On Establishment Of 40 R.I.R. Birds Unit For Divyang People,What is Subsidy Scheme On Establishment Of 40 R.I.R. Birds Unit For Divyang People?,"The scheme “Subsidy Scheme on Establishment of 40 R.I.R. Birds Unit for Divyang People” was launched by the Dept. of Agriculture, Farmers Welfare & Co-operation, Govt. of Gujarat to provide employment, nutritious diet and to raise the income of Divyang People of the society of Gujarat State.","Poultry Farming, Divyang, Subsidy, Rhode Island Red (RIR), Employment, Agriculture,Rural & Environment, Business & Entrepreneurship",State,https://www.myscheme.gov.in/schemes/sse40rbudp
126,"Agriculture,Rural & Environment",SSPFTWS,Stipend Scheme For Poultry Farming Training For Weaker Section,What is Stipend Scheme For Poultry Farming Training For Weaker Section?,"The scheme “Stipend Scheme for Poultry Farming Training for Weaker Section” was launched by the Department of Agriculture, Farmers Welfare & Co-operation, Government of Gujarat to raise the income of poultry farmers by scientific poultry farming training.","Poultry Farming, Training, Weaker Section, Stipend, Cash Assistance, Agriculture,Rural & Environment, Skills & Employment",State,https://www.myscheme.gov.in/schemes/sspftws
127,"Agriculture,Rural & Environment",NAIP,Nationwide Artificial Insemination Programme,What is Nationwide Artificial Insemination Programme?,"The Nationwide Artificial Insemination Programme (NAIP), is a flagship program of the Department of Animal Husbandry and Dairying. The objective of the programme is to increase the productivity of livestock by improving the genetic potential through artificial insemination.","Livestock, Animal, Veterinary, Artificial Insemination, Breeding, Agriculture,Rural & Environment",State,https://www.myscheme.gov.in/schemes/naip
128,"Agriculture,Rural & Environment",BRFSY,Bihar Rajya Fasal Sahayata Yojna,What is Bihar Rajya Fasal Sahayata Yojna?,The scheme strives to back the farmers with financial incentives in the event of a crop loss due to natural calamities.,"Financial Assistance, Natural Disaster, Farmer Welfare, Crop Assistance, Agriculture,Rural & Environment",State,https://www.myscheme.gov.in/schemes/brfsy
129,"Agriculture,Rural & Environment",SSIEMAFSC,Scheme For Subsidy On Interest For Establishment Of 1 To 20 Milch Animal Farm For Scheduled Caste,What is Scheme For Subsidy On Interest For Establishment Of 1 To 20 Milch Animal Farm For Scheduled Caste?,"The scheme “Scheme for Subsidy on Interest for Establishment of 1 to 20 Milch Animal Farm for Scheduled Caste” was started by the Dept. of Agriculture, Farmers Welfare & Co-operation, Government of Gujarat.","Cattle Farming, Subsidy, Scheduled Caste, Loan, Animal Husbandry, Agriculture,Rural & Environment",State,https://www.myscheme.gov.in/schemes/ssiemafsc
130,"Agriculture,Rural & Environment",DSCTA:WA,Development Support for Coffee in Traditional Areas: Water Augmentation,What is Development Support for Coffee in Traditional Areas: Water Augmentation?,"The scheme ""Development Support for Coffee in Traditional Areas: Water Augmentation"" by the Coffee Board, Department of Commerce, aims to improve the production and productivity of coffee plantations by encouraging water augmentation in traditional areas.","Coffee, Farmer, Water, Subsidy, DBT, Agriculture,Rural & Environment",Ministry Of Commerce And Industry,https://www.myscheme.gov.in/schemes/dsctawa
131,"Agriculture,Rural & Environment",FACPWFRPFVCF,Financial Assistance for Construction/ Purchase of Wooden/ FRP Fishing Vessel (Canoe) for Fishermen,What is Financial Assistance for Construction/ Purchase of Wooden/ FRP Fishing Vessel (Canoe) for Fishermen?,"Through this scheme, 50% of the actual cost of the Wooden/ Fiber-Reinforced Plastic (FRP) Fishing Vessel (Canoe) purchased by the fishermen is covered by the Government of Goa. The applicant will be entitled to a subsidy grant once every four years on one craft per family household.","Fisheries, Fisherman, Subsidy, Financial Assistance, Marine, Agriculture,Rural & Environment",State,https://www.myscheme.gov.in/schemes/facpwfrpfvcf
132,"Agriculture,Rural & Environment",FABWAF,Financial Assistance to Brackish Water Aquaculture Farms,What is Financial Assistance to Brackish Water Aquaculture Farms?,"Through this scheme, financial assistance is provided to eligible fishermen for the construction and renovation of the Farm, for the purchase of farming equipment, and for the purchase of feed. Only the farmers having a water spread area of 2 hectares or less can apply to this scheme.","Fishermen, Fish, Farming, Aquaculture, Subsidy, Agriculture,Rural & Environment",State,https://www.myscheme.gov.in/schemes/fabwaf
133,"Agriculture,Rural & Environment",FASUCCU,Financial Assistance for Setting up Crab Culture Unit,What is Financial Assistance for Setting up Crab Culture Unit?,"Through this scheme, financial assistance of 25% of the actual cost, limited to ₹1,50,000 per hectare is provided to eligible fishermen for setting up crab culture unit. Only Fish Farmer/ Individual/ Registered Self Help Group/ Societies, interested in the setting up of the Crab Farming Unit.","Fishermen, Subsidy, Financial Assistance, Aquaculture, Agriculture,Rural & Environment",State,https://www.myscheme.gov.in/schemes/fasuccu
134,"Agriculture,Rural & Environment",GSPAA-DFWASAOFBC,"Grant of 50% Subsidy for the Purchase of Aquarium and Its Accessories under ""Development of Freshwater Aquaculture and Setting up of Aquarium, Ornamental Fish Breeding Centre""","What is Grant of 50% Subsidy for the Purchase of Aquarium and Its Accessories under ""Development of Freshwater Aquaculture and Setting up of Aquarium, Ornamental Fish Breeding Centre""?","""Grant of 50% Subsidy for the Purchase of Aquarium and Its Accessories"" is introduced with the objective to propagate the importance of aquarium keeping and to inculcate the art of aquarium keeping among the general public. The scheme is extended to all the regions of Puducherry.","Fisheries, Aquarium, Subsidy, Financial Assistance, Aquaculture, Fish, Agriculture,Rural & Environment",State,https://www.myscheme.gov.in/schemes/gspaa-dfwasaofbc
135,"Agriculture,Rural & Environment",AIPBO-FAASCDMF,"""Annual Insurance Premium for Boat Owners"" under ""Financial Assistance for Availing Subsidy Components for the Development of Marine Fisheries""","What is ""Annual Insurance Premium for Boat Owners"" under ""Financial Assistance for Availing Subsidy Components for the Development of Marine Fisheries""?","""Annual Insurance Premium for Boat Owners"" under ""Financial Assistance for Availing Subsidy Components for the Development of Marine Fisheries"" is introduced to increase marine fish production through subsidies for the annual premiums for insurance coverage paid by the mechanized boat operators.","Insurance, Boat, Marine, Fisheries, Fisherman, Agriculture,Rural & Environment, Banking,Financial Services and Insurance",State,https://www.myscheme.gov.in/schemes/aipbo-faascdmf
136,"Agriculture,Rural & Environment",CPIS,Coconut Palm Insurance Scheme,What is Coconut Palm Insurance Scheme?,"The “Coconut Palm Insurance Scheme (CPIS)” is being implemented by the Coconut Development Board, Ministry of Agriculture and Farmers Welfare, Government of India with the objective of insuring coconut palms against natural calamities, climatic risks, pests, diseases, and other perils.","Coconut, Palm, Insurance, Farmer, Coconut Grower, Agriculture,Rural & Environment, Banking,Financial Services and Insurance",Ministry Of Agriculture and Farmers Welfare,https://www.myscheme.gov.in/schemes/cpis
137,"Agriculture,Rural & Environment",CMMFBDSF-FAASCDMF,"""Conversion/Modernisation of Mechanised Fishing Boats for Deep Sea Fishing"" under ""Financial Assistance for Availing Subsidy Components for the Development of Marine Fisheries""","What is ""Conversion/Modernisation of Mechanised Fishing Boats for Deep Sea Fishing"" under ""Financial Assistance for Availing Subsidy Components for the Development of Marine Fisheries""?","The scheme ""Conversion/Modernisation of Mechanised Fishing Boats for Deep Sea Fishing"" is introduced by the Dept of Fisheries and Fishermen Welfare, Govt of Puducherry to increase marine fish production by extending grants for the conversion/modernization of mechanized boats for deep-sea fishing.","Boat, Subsidy, Fisherman, Financial Assistance, Marine, Agriculture,Rural & Environment",State,https://www.myscheme.gov.in/schemes/cmmfbdsf-faascdmf
138,"Agriculture,Rural & Environment",MSVYMP,Masala Shetra Vistar Yojana,What is Masala Shetra Vistar Yojana?,Masala Shetra Vistar Yojana was launched by the Government of Madhya Pradesh the whose objective is to expand the area and increase the production of selected spice crops through quality high yielding varieties.,"Spice, Farmer, Financial Benefits, Farming, Agriculture,Rural & Environment",State,https://www.myscheme.gov.in/schemes/msvymp
139,"Agriculture,Rural & Environment",IFPISBTCDB,"""Integrated Farming for Productivity Improvement Scheme"" by the Coconut Development Board","What is ""Integrated Farming for Productivity Improvement Scheme"" by the Coconut Development Board?","Through the “Integrated Farming for Productivity Improvement Scheme"" by the Coconut Development Board, the coconut farmers are provided financial assistance through DBT (Direct Benefit Transfer) mode for the Laying of the Demonstration Plot, and for the Construction of the Organic Manure Unit.","Manure, Construction, Farmer, Subsidy, DBT, Agriculture,Rural & Environment",State,https://www.myscheme.gov.in/schemes/ifpisbtcdb
140,"Agriculture,Rural & Environment",RRCGCDB,"Replanting & Rejuvenation of Coconut Garden"" by the Coconut Development Board","What is Replanting & Rejuvenation of Coconut Garden"" by the Coconut Development Board?","Through the scheme “Replanting & Rejuvenation of Coconut Garden (R&R)"" by the Coconut Development Board, the coconut farmers are provided financial assistance through DBT (Direct Benefit Transfer) mode for the cutting & removal, replanting, and for integrated management practices.","Plant, Garden, Coconut, Seed, Financial Assistance, Farmer, Agriculture,Rural & Environment",State,https://www.myscheme.gov.in/schemes/rrcgcdb
141,"Agriculture,Rural & Environment",FDS,Fruit Development Scheme,What is Fruit Development Scheme?,The objective of the scheme is to make available to the farmers good quality planting materials in convergence mode and sale at subsidized rates.,"Agriculture, Farmer, Fruit Production, Planting Material, Subsidy, Horticultural, Agriculture,Rural & Environment",State,https://www.myscheme.gov.in/schemes/fds
142,"Agriculture,Rural & Environment",PCDS,Plantation Crop Development Scheme,What is Plantation Crop Development Scheme?,"The objectives of the scheme are to boost up the area and production of all plantation crops like Arecanut, Cashewnut, Coconut, Pineapple etc., and to provide a 50 % subsidy for planting materials and construction of a soakage tank.","Plantation Crop, Arecanut, Cashewnut, Coconut, Pineapple, Subsidy, Horticulture, Farmer, Agriculture,Rural & Environment",State,https://www.myscheme.gov.in/schemes/pcds
143,"Agriculture,Rural & Environment",AGFISCMPWA,Assistance to General Farmers for Installation of Submersible / Centrifugal Motor Pumpsets With Accessories,What is Assistance to General Farmers for Installation of Submersible / Centrifugal Motor Pumpsets With Accessories?,"Through this scheme, the farmers from the General Category are provided with a grant of 65% subsidy towards the installation of suitable Submersible / Centrifugal motor pump sets with accessories, subject to a maximum of ₹50,000/‐ per tubewell per individual.","Farmer, Agriculture, Subsidy, Pump, Agriculture,Rural & Environment",State,https://www.myscheme.gov.in/schemes/agfiscmpwa
144,"Agriculture,Rural & Environment",FCDS,Floriculture Development Scheme,What is Floriculture Development Scheme?,The objective of the scheme is to motivate the farmers to take up floriculture (traditional and non-traditional flowers) as a commercial venture through the distribution of planting materials and other inputs.,"Floriculture, Agriculture, Farmer, Subsidy, Flower, Horticulture, Agriculture,Rural & Environment",State,https://www.myscheme.gov.in/schemes/fcds
145,"Agriculture,Rural & Environment",BEISPGCCPTS,"""Back Ended Investment Subsidy to Paddy Growers"" component of the ""Crop Production Technology"" scheme","What is ""Back Ended Investment Subsidy to Paddy Growers"" component of the ""Crop Production Technology"" scheme?","""Back Ended Investment Subsidy to Paddy Growers"" component of the ""Crop Production Technology"" scheme was introduced by the Dept of Agriculture and Farmer's Welfare, UT of Puducherry. The paddy farmers residing in the Yanam region are provided a back-ended investment subsidy at ₹4,000/- per hectare.","Paddy, Subsidy, Financial Assistance, Farmer, Agriculture, Agriculture,Rural & Environment",State,https://www.myscheme.gov.in/schemes/beispgccpts
146,"Agriculture,Rural & Environment",ITEAMS,Integrated Technology Enabled Agriculture Management System Or iTEAMS,What is Integrated Technology Enabled Agriculture Management System Or iTEAMS?,"The scheme was launched by the Department of Agriculture & Farmers’ Welfare, Govt. of Meghalaya to address critical issues of enabling & facilitating access to remunerative & sustainable markets for farmers produce in most transparent & effective manner through facilitation service iTEAM Dial 1917.","ITEAMS, Integrated Technology, Agriculture Management System, Farmer, Telephone Advice, Agriculture,Rural & Environment",State,https://www.myscheme.gov.in/schemes/iteams
147,"Agriculture,Rural & Environment",BCLPTLS,Bio Control Laboratory and Pesticides Testing Laboratory Scheme,What is Bio Control Laboratory and Pesticides Testing Laboratory Scheme?,"The objective is the production of Bio Control Agents such as Trichoderma, Trichogramma, etc., and further distribution to farmers as awareness and demonstration for organic Plant Health Management in order to promote organic crop production.","Laboratory, Pesticides, Testing, Trichoderma, Trichogramma, Farmer, Agriculture,Rural & Environment",State,https://www.myscheme.gov.in/schemes/bclptls
148,"Agriculture,Rural & Environment",IATC,Integrated Agriculture Training Centre Scheme,What is Integrated Agriculture Training Centre Scheme?,The objective of the scheme is to provide training for enhancing the skills of farmers besides imparting updated agricultural technologies to departmental functionaries.,"Integrated Agriculture, Training Centre, Farmer, Skill, Training, Agriculture,Rural & Environment",State,https://www.myscheme.gov.in/schemes/iatc
149,"Agriculture,Rural & Environment",IPM,Plant Protection including Integrated Pest Management Scheme,What is Plant Protection including Integrated Pest Management Scheme?,The objective of the scheme is to mobilize and support farmers to use bio-pesticides and bio- agents for plant health management through distribution of bio-pesticides and other IPM tools and through sale of Sprayers and Plant Protection Equipment to encourage organic crop production.,"Plant Protection, Pest Management, Agriculture, Farmer, Bio-pesticide, IPM, Organic Crop, Agriculture,Rural & Environment",State,https://www.myscheme.gov.in/schemes/ipm
150,"Agriculture,Rural & Environment",FPKTNK,Farm Pond (Khet Talai) Nirman Karyakram,What is Farm Pond (Khet Talai) Nirman Karyakram?,Under the Farm Pond (Khet Talaee) Nirmaan Kaaryakram scheme provied to help the farmers of Rajasthan to collect rain water and use it for irrigation purposes so that the farmers can get sufficient water for irrigation in their fields.,"Water Shortage, Farmer, Financial Assistance, Development, Agriculture,Rural & Environment",State,https://www.myscheme.gov.in/schemes/fpktnk
151,"Agriculture,Rural & Environment",WCDCLS,Winter Cropping & Development of Cultivable Land Scheme,What is Winter Cropping & Development of Cultivable Land Scheme?,"The objectives of the scheme are to bring more areas under cultivation during the normally lean winter season under different crops other than paddy and increase production and productivity of various crops like cereals, pulses, oilseeds, and vegetables during the Rabi season.","Agriculture, Farmer, Cultivation, Training, Technology Support, Subsidy On Inputs, Free Distribution Of Inputs, Agriculture,Rural & Environment",State,https://www.myscheme.gov.in/schemes/wcdcls
152,"Agriculture,Rural & Environment",DR,Diggy,What is Diggy?,"Rajasthan Government has started the Diggy Scheme for the welfare of farmers, under which farmers will be provided grants for making dig for irrigation of crops. This scheme is to help farmers improve their farming by using more water resources and encourage them to grow good crops.","Farming, Farmer, Development, Agriculture,Rural & Environment",State,https://www.myscheme.gov.in/schemes/dr
153,"Agriculture,Rural & Environment",MSS,Mini Sprinkler Sanyantr,What is Mini Sprinkler Sanyantr?,The Mini Sprinkler Sanyantr scheme provided a subsidy to the farmers can irrigate more land by getting sprinkler subsidy. The subsidy given by the state government to the farmers will be sent directly to their bank account through DBT.,"Farmer, Mini Sprinkler Sanyantr, Farming, Agriculture, Agriculture,Rural & Environment",State,https://www.myscheme.gov.in/schemes/mss
154,"Agriculture,Rural & Environment",GH,Green House,What is Green House?,"Under the Green House Scheme Farmers can get the benefit of subsidy on green house and earn more income by cultivating horticultural crops like vegetables, flowers, fruits etc. by controlling the ago-climatic factors, temperature, humidity and sunlight.","Farmer, Horticultural, Crops, Agriculture,Rural & Environment",State,https://www.myscheme.gov.in/schemes/gh
155,"Agriculture,Rural & Environment",CKLPR,Chhatraon Ke Liye Protsahan Rashi,What is Chhatraon Ke Liye Protsahan Rashi?,"In the ""Chhatraon Ke Liye Protsahan Rashi"" scheme to encourages girl students to study agriculture subject and provides financial assistance to economically disadvantaged students who may face challenges in accessing education due to financial constraints.","Education, Girl, Child Development, Financial, Agriculture,Rural & Environment, Education & Learning",State,https://www.myscheme.gov.in/schemes/cklpr
156,"Agriculture,Rural & Environment",KKY,Kisan Kaleva Yojana,What is Kisan Kaleva Yojana?,"Under the Kisan Kaleva Scheme run by the Rajasthan Government, food is provided at concessional rates through coupons to the farmers and their assistants who come to sell crops in the vegetable market premises.","Food, Farmer, Agriculture, Agriculture,Rural & Environment",State,https://www.myscheme.gov.in/schemes/kky
157,"Agriculture,Rural & Environment",KLPBS,Kam Lagat Pyaaj Bhandaran Sanrachna,What is Kam Lagat Pyaaj Bhandaran Sanrachna?,Under the Kam Lagat Pyaaj Bhandaran Sanrachna yojana Construction of warehouses should be done at a high level to prevent moisture and dampness which occur due to direct contact of onions with soil.,"Farmer, Agriculture, Farming, Vegetables, Agriculture,Rural & Environment",State,https://www.myscheme.gov.in/schemes/klpbs
158,"Agriculture,Rural & Environment",NFBKS,Naye Fal Bagicho Ki Sthapana,What is Naye Fal Bagicho Ki Sthapana?,"Under the ""Naye Fal Bagecho Ki Sthapana"" subsidies to Increase farmers' income by facilitating the cultivation of high-value fruit crops that have a potentially higher market demand and profitability compared to traditional crops.","Farmer, Garden, Fruits, Agriculture, Agriculture,Rural & Environment",State,https://www.myscheme.gov.in/schemes/nfbks
159,"Agriculture,Rural & Environment",APDCCSSCSP(SCC),Assistance for Power Driven Chaff Cutter Scheme under Scheduled Castes Sub Plan (SC Category),What is Assistance for Power Driven Chaff Cutter Scheme under Scheduled Castes Sub Plan (SC Category)?,"The scheme provides financial assistance to dairy farmers belonging to Scheduled Caste category on purchase of electric powered chaff cutters. By using power driven chaff cutter, dairy farmers can reduce wastage of green &dry fodder which is economically important for their profitable dairy farming.","Chaff Cutter, Scheduled Caste, Farmer, Dairy Farming, Subsidy, Agriculture,Rural & Environment",State,https://www.myscheme.gov.in/schemes/apdccsscspscc
160,"Agriculture,Rural & Environment",MJPMSKY,Mahatma Jyotiba Phule Mandi shramik kalyaan yojana ,What is Mahatma Jyotiba Phule Mandi shramik kalyaan yojana?,"The Agriculture Department of Rajasthan runs the Mahatma Jyotiba Phule Mandi Shramik Kalyan Yojana, a program that offers a range of assistance programs to improve the well-being of mandi laborers.","Farmer, Agriculture, Financial Support, Agriculture,Rural & Environment",State,https://www.myscheme.gov.in/schemes/mjpmsky
161,"Agriculture,Rural & Environment",SCDICMD,Scheme for Conservation and Development of Indigenous Cattle and Murrah Development,What is Scheme for Conservation and Development of Indigenous Cattle and Murrah Development?,"The scheme is implemented by the Department of Animal Husbandry & Dairying, Government of Haryana with the objective of encouraging the farmers for conservation and development of the indigenous breeds of cows and buffaloes.","Indigenous Cattle, Murrah, Animal Husbandry, Dairying, Cows, Buffaloes, Cash Incentive, Agriculture,Rural & Environment",State,https://www.myscheme.gov.in/schemes/scdicmd
162,"Agriculture,Rural & Environment",SEHTMDU,Scheme for Establishment of Hi-Tech and Mini Dairy Units,What is Scheme for Establishment of Hi-Tech and Mini Dairy Units?,"Under this scheme, unemployed persons will be assisted by way of providing financial assistance in form of subsidy for establishing dairy units of 4, 10, 20 & 50 milch animals like buffaloes, indigenous cows (Hariana, Sahiwal, Belahi, Red Sindhi, Tharparkar and Gir breeds only) and crossbred cows.","Mini Dairy Unit, Hi-Tech, Animal Husbandry, Self-employment, Unemployed, Milch Animal, Interest Subvention, Subsidy, Financial Assistance, Agriculture,Rural & Environment",State,https://www.myscheme.gov.in/schemes/sehtmdu
163,"Agriculture,Rural & Environment",SPEOSCELU,Scheme for Providing Employment Opportunities to Scheduled Castes by Establishing Livestock Units,What is Scheme for Providing Employment Opportunities to Scheduled Castes by Establishing Livestock Units?,"This is a credit-linked scheme with a primary objective of providing self-employment opportunities to Schedule castes, the unemployed persons will be assisted by way of establishing Dairy units, Piggery units, and Sheep/Goat units.","Financial Assistance, Employment, Scheduled Caste, Livestock Unit, Subsidy, Self-employment, Unemployed, Milch Animals, Piggery Unit, Sheep Unit, Goat Unit, Agriculture,Rural & Environment",State,https://www.myscheme.gov.in/schemes/speoscelu
164,"Agriculture,Rural & Environment",SPEOSELUMMAPUY,Scheme for Providing Employment Opportunities to Scheduled Castes by Establishing Livestock Units under Mukhya Mantri Antyodaya Parivaar Utthan Yojana,What is Scheme for Providing Employment Opportunities to Scheduled Castes by Establishing Livestock Units under Mukhya Mantri Antyodaya Parivaar Utthan Yojana?,"Under the scheme, an unemployed resident of Haryana belonging to the Scheduled Caste category can avail a subsidy for purchasing livestock. This subsidy will be provided after the establishment of the livestock units and can be availed as a loan by the beneficiary.","Financial Assistance, Animal Husbandry, Dairying, Employment, Scheduled Caste, Subsidy, Livestock, Milch Animals, Agriculture,Rural & Environment",State,https://www.myscheme.gov.in/schemes/speoselummapuy
165,"Agriculture,Rural & Environment",SEBPU,Scheme for Establishment of Backyard Poultry Units,What is Scheme for Establishment of Backyard Poultry Units?,"The objective of the scheme is to improve the socio-economic and nutritional status of the poor families, small farmers and landless agricultural labourers and other economically weaker section of the society.","Backyard Poultry, Chicks, Hatchery, Feeders, Water Drinkers, Agriculture,Rural & Environment",State,https://www.myscheme.gov.in/schemes/sebpu
166,"Agriculture,Rural & Environment",JRFRY,Jharkhand Rajya Fasal Rahat Yojana,What is Jharkhand Rajya Fasal Rahat Yojana?,"The scheme was launched by the Department of Agriculture, Animal Husbandry & Cooperative, Government of Jharkhand. This scheme is mainly to provide financial assistance to the farmers in the event of crop damage due to any natural calamity and natural accidents.","Crop Loss, Farmer, Agriculture, Natural Calamity, Agriculture,Rural & Environment",State,https://www.myscheme.gov.in/schemes/jrfry
167,"Agriculture,Rural & Environment",BDY,Bhraman - Darshan Yojana,What is Bhraman - Darshan Yojana?,"The ""Bhraman-Darshan Yojana"" was launched by the Animal and Fisheries Resources Department, Government of Bihar aims to educate fish farmers in Bihar about the latest fisheries techniques through organized excursions, enabling them to adopt and implement these technologies in their water source.....","Opportunities, Fish Farmer, Technologies, Agriculture,Rural & Environment",State,https://www.myscheme.gov.in/schemes/bdy
168,"Agriculture,Rural & Environment",POFACS,Production of Foundation and Certified Seeds,What is Production of Foundation and Certified Seeds?,"The ""Production of Foundation and Certified Seeds"" scheme, provides subsidy to farmers who produce and supply Foundation and Certified seeds to the Department of Agriculture.","Agriculture, Farmer, Certified Seeds, Seed Production, Foundation Seeds, Agriculture,Rural & Environment",State,https://www.myscheme.gov.in/schemes/pofacs
169,"Agriculture,Rural & Environment",DORPO,Distribution of Rhizobium Packets-Oilseeds,What is Distribution of Rhizobium Packets-Oilseeds?,"The “Distribution of Rhizobium Packets-Oilseeds” scheme provides a subsidy on the cost of Rhizobium, to eligible farmers who produce and supply Foundation and Certified Class seeds.","Agriculture, Farmer, Rhizobium, Oilseeds, Subsidy, Agriculture,Rural & Environment",State,https://www.myscheme.gov.in/schemes/dorpo
170,"Agriculture,Rural & Environment",DOMAFOC,Distribution of Minikits At Free of Cost,What is Distribution of Minikits At Free of Cost?,"The ""Distribution of Minikits at Free of Cost"" scheme provides subsidies for minikits to maize-growing farmers in some of the selected districts of Tamil Nadu.","Agriculture, Farmer, Minikits, Subsidy, Agriculture,Rural & Environment",State,https://www.myscheme.gov.in/schemes/domafoc
171,"Agriculture,Rural & Environment",VCFRSK,Visit of Contract Farming Farmers to the Research Stations in Karnataka,What is Visit of Contract Farming Farmers to the Research Stations in Karnataka?,The scheme “Visit of Contract Farming Farmers to the Research Stations in Karnataka” facilitates visits for contract farming farmers to research stations across Karnataka to gain agricultural knowledge. Financial support is provided for a 3-day visit.,"Agriculture, Farmer, Contract Farming, Research Stations Visit, Agriculture,Rural & Environment",State,https://www.myscheme.gov.in/schemes/vcfrsk
172,"Agriculture,Rural & Environment",TFPPT,Training of Farmers on Pulses Production Technologies,What is Training of Farmers on Pulses Production Technologies?,The “Training of Farmers on Pulses Production Technologies” scheme aims to educate farmers on advanced pulses production technologies to enhance crop yield.,"Agriculture, Farmer, Pulses Production, Training, Agriculture,Rural & Environment",State,https://www.myscheme.gov.in/schemes/tfppt
173,"Agriculture,Rural & Environment",MBYKVY,Mukhyamantri Bagwani Mission: Kela Vikas Yojana,What is Mukhyamantri Bagwani Mission: Kela Vikas Yojana?,The Scheme aims to expand plantain cultivation across 15 districts in Bihar. Farmers can receive subsidies for up to 10 acres and access high-quality tissue-cultured plants for cultivation.,"Agriculture, Subsidy, Plant Supply, Financial Assistance, Banana Development, Agriculture,Rural & Environment",State,https://www.myscheme.gov.in/schemes/mbykvy
174,"Agriculture,Rural & Environment",MBYPVY,Mukhyamantri Bagwani Mission: Papita Vikas Yojana,What is Mukhyamantri Bagwani Mission: Papita Vikas Yojana?,The Scheme aims to expand plantain cultivation across all districts in Bihar. Farmers can receive subsidies for up to 10 acres and access high-quality tissue-cultured plants for cultivation.,"Agriculture, Subsidy, Plant Supply, Financial Assistance, Papaya Development, Agriculture,Rural & Environment",State,https://www.myscheme.gov.in/schemes/mbypvy
175,"Agriculture,Rural & Environment",PVY,Phool Vikash Yojana,What is Phool Vikash Yojana?,The scheme aims to provide financial benefits to farmers for the cultivation of marigold flowers. It is available in 15 districts of the state and offers a 50% subsidy for up to 4 hectares.,"Agriculture, Subsidy, Plant Supply, Financial Assistance, Flower Development, Agriculture,Rural & Environment",State,https://www.myscheme.gov.in/schemes/fvy
176,"Agriculture,Rural & Environment",MBYB,Makhana Beej Vitaran,What is Makhana Beej Vitaran?,The scheme aims to boost farmers' income by improving the production and productivity of Makhana in 11 districts of Bihar through the distribution of high-quality seeds at subsidized rates.,"Agriculture, Subsidy, Seed Supply, Financial Assistance, Makhana Seed Distribution, Agriculture,Rural & Environment",State,https://www.myscheme.gov.in/schemes/mbyb
177,"Agriculture,Rural & Environment",CVYB,Chai Vikas Yojana,What is Chai Vikas Yojana?,"The scheme aims to offer subsidies for planting materials, horticultural machinery, and related resources to support tea farmers.","Agriculture, Subsidy, Seed Supply, Financial Assistance, Tea Development, Agriculture,Rural & Environment",State,https://www.myscheme.gov.in/schemes/cvyb
178,"Agriculture,Rural & Environment",MNNY,Mukhyamantri Nijee Nalkup Yojana,What is Mukhyamantri Nijee Nalkup Yojana?,The scheme provides financial assistance to support farmers in ensuring water availability through borewell construction and motor pump installation.,"Agriculture, Irrigation, Borewell, Farmer, Agriculture,Rural & Environment",State,https://www.myscheme.gov.in/schemes/mnny
179,Utility & Sanitation,KSYG,Kisan Suryoday Yojana (KSY),What is Kisan Suryoday Yojana (KSY)?,"""Kisan Suryoday Yojana (KSY)"" is a Gujarat government initiative launched in 2020-2021 to provide daytime electricity for agricultural activities, utilizing solar and non-conventional energy.","Agricultural, Electricity Supply, Farmer, Renewable Energy, Irrigation, Utility & Sanitation, Agriculture,Rural & Environment",State,https://www.myscheme.gov.in/schemes/ksyg
180,"Agriculture,Rural & Environment",COGFGS,Construction of Godown for Grain Storage,What is Construction of Godown for Grain Storage?,"Launched on 24th December 2013, the scheme ""Construction of Warehouse for Grain Storage"" by the Panchayat and Rural Development Department, Government of Madhya Pradesh aims to provide modern and scientific food grain storage facilities under Food Security Act 13 to applicants in rural areas.","Agriculture, Farmer, Food Security, Godown, Storage, Agriculture,Rural & Environment",State,https://www.myscheme.gov.in/schemes/cogfgs
181,"Agriculture,Rural & Environment",AABSSOBPMBOS,Advanced Animal Breeding Scheme (Supply of Breedable Pedigree Murrah Bull on Subsidy),What is Advanced Animal Breeding Scheme (Supply of Breedable Pedigree Murrah Bull on Subsidy)?,"""Advanced Animal Breeding Scheme (Supply of Breedable Pedigree Murrah Bulls on Subsidy)"" aims to improve cattle breeding by supplying pedigreed breedable Murrah bulls to progressive cattle rearers and trained cow servants. Murrah bulls are provided with a 75% subsidy to animal keepers.","Animal, Subsidy, Cow, Breed, Agriculture,Rural & Environment",State,https://www.myscheme.gov.in/schemes/aabssobpmbos
182,"Agriculture,Rural & Environment",SFSOMGOSB,Scheme for Supply of Male Goat on Subsidy Basis,What is Scheme for Supply of Male Goat on Subsidy Basis?,"""Male Goat Supply Scheme on Grant Basis"" aims to improve the breed of indigenous/local goats throughout the state. Through this scheme, one male goat of an improved breed (Jamnapari, Barbari, or Sirohi Bakra) is provided to goat farmers of all categories on a grant basis.","Animal, Goat, Insurance, Financial Assistance, Subsidy, Agriculture,Rural & Environment",State,https://www.myscheme.gov.in/schemes/sfsomgosb
183,"Agriculture,Rural & Environment",KSYJ,Kisan Samriddhi Yojana Jharkhand,What is Kisan Samriddhi Yojana Jharkhand?,"The ""Kisan Samriddhi Yojana"" by the Department of Agriculture, Animal Husbandry & Cooperative, Government of Jharkhand, promotes solar-powered irrigation systems to reduce agricultural costs and dependency on fossil fuels. Farmers receive up to 90% subsidy for solar units under this initiative.","Farmers, Subsidy, Solar Units, Self-help Group, Agriculture,Rural & Environment",State,https://www.myscheme.gov.in/schemes/ksyj
184,"Agriculture,Rural & Environment",RPCS,Rearing Pond Construction Scheme,What is Rearing Pond Construction Scheme?,"The ""Rearing Pond Construction Scheme"" by the Department of Agriculture, Animal Husbandry, and Cooperation, Government of Jharkhand, aims to promote fish farming by providing financial aid for constructing rearing ponds. Beneficiaries receive up to 80% government assistance for Scheduled Castes (SC)","Financial Assistance, Pond, Construction, Scheduled Castes, Scheduled Tribes, Agriculture,Rural & Environment",State,https://www.myscheme.gov.in/schemes/rpcs
185,"Agriculture,Rural & Environment",PPSJ,Paddy Procurement Scheme Jharkhand,What is Paddy Procurement Scheme Jharkhand?,"The ""Paddy Procurement Scheme"" 2012-13"" by the Food, Public Distribution, and Consumer Affairs Department, Government of Jharkhand, ensures that farmers receive minimum support price for paddy procurement, preventing distress sales and supporting food security.","Farmers, Food Security, Fair Compensation, Agriculture,Rural & Environment, Social welfare & Empowerment",State,https://www.myscheme.gov.in/schemes/ppsj
186,"Agriculture,Rural & Environment",CATCICBFA,Compensation Amount Towards Cattle Injury Caused by Forest Animals,What is Compensation Amount Towards Cattle Injury Caused by Forest Animals?,"Launched on 6th February 2024, the scheme ""Compensation Amount towards Cattle Injury Caused by Forest Animals"" by the Forest Department, Government of Madhya Pradesh, provides compensation in case of death of cattle due to attacks by wild animals.","Animal, Forest, Financial Assistance, Death, Compensation, Injury, Cattle, Agriculture,Rural & Environment, Social welfare & Empowerment",State,https://www.myscheme.gov.in/schemes/caicoloabfabfa
187,"Agriculture,Rural & Environment",KSAS,Kharmore Sonchidia Award Scheme,What is Kharmore Sonchidia Award Scheme?,"In the scheme ""Kharmore Sonchidia Award"" by the Forest Department, Government of Madhya Pradesh, the farmers are rewarded with ₹5,000/- if a Kharmor bird is sighted in the private land of the farmer and ₹10,000/- if a Golden bird is sighted in the private land of the farmer.","Award, Bird, Farmer, Financial Assistance, Agriculture,Rural & Environment",State,https://www.myscheme.gov.in/schemes/ksas
188,"Agriculture,Rural & Environment",PMSCH,Pashudhan Mitra Scheme,What is Pashudhan Mitra Scheme?,"Launched on 20th June 2013, the scheme ""Pashudhan Mitra Scheme1"" by the Animal Husbandry Department, Govt of Chhattisgarh, aims to expand veterinary and breeding services, strengthen service delivery, and provide incentive honorariums to Pashudhan Mitras for livelihood support.","Animal, Agriculture, Breeding, Husbandry, Cattle, Agriculture,Rural & Environment",State,https://www.myscheme.gov.in/schemes/pmsch
189,"Agriculture,Rural & Environment",WFAFCP,Wire Fencing Around the Farm for Crop Protection,What is Wire Fencing Around the Farm for Crop Protection?,"This scheme has been introduced by the Agriculture, Farmers Welfare and Cooperation Dept., Gujarat. It aims to protect farmers' crops from damage caused by wild and stray animals by providing financial assistance for wire fencing around farms.","Agriculture, Farmer, Farmers Group, Crop Protection, Wire Fencing, Agriculture,Rural & Environment",State,https://www.myscheme.gov.in/schemes/wfafcp
190,"Agriculture,Rural & Environment",AFPHFE,Assistance to Farmers to Purchase Heavy Farm Equipment (Tractor),What is Assistance to Farmers to Purchase Heavy Farm Equipment (Tractor)?,"This scheme has been introduced by the Agriculture, Farmers Welfare and Cooperation Department, Gujarat. It aims to provide financial assistance to farmers for purchasing tractors, promoting farm mechanization and increasing farm power availability.","Agriculture, Farmer, Heavy Farm Equipment, Tractor, Agriculture,Rural & Environment",State,https://www.myscheme.gov.in/schemes/afphfe
191,"Agriculture,Rural & Environment",CDSG,Coconut Development Scheme,What is Coconut Development Scheme?,"The ""Coconut Development Scheme"" introduced by the Agriculture, Farmers Welfare and Cooperation Department, Gujarat, aims to support farmers by providing quality coconut saplings and financial assistance for coconut cultivation.","Agriculture, Farmer, Coconut Saplings Distribution, Agriculture,Rural & Environment",State,https://www.myscheme.gov.in/schemes/cdsg
192,"Agriculture,Rural & Environment",IAIFCPB,Incentive to Owners of A.I. Born Female Calf through Pure Breeding in Indigenous Cow Across the State,What is Incentive to Owners of A.I. Born Female Calf through Pure Breeding in Indigenous Cow Across the State?,The scheme aims to support livestock owners in maintaining and increasing the population of indigenous cattle breeds like Gir and Kankrej.,"Animal Husbandry, Artificial Insemination, Female Calf Breeding, Agriculture,Rural & Environment",State,https://www.myscheme.gov.in/schemes/iaifcpb
193,"Agriculture,Rural & Environment",BPYUK,Bakri Palan Yojana,What is Bakri Palan Yojana?,"The scheme aims to promote goat rearing as a source of self-employment and livelihood generation for eligible beneficiaries, particularly from SECC categories, by providing financial support for rearing a goat unit.","Goat Rearing, SECC, Self-Employment, Scheduled Caste, Scheduled Tribe, Subsidy, Agriculture,Rural & Environment",State,https://www.myscheme.gov.in/schemes/bpuk
194,"Agriculture,Rural & Environment",CIAD,Compensation in Animal Death,What is Compensation in Animal Death?,"The ""Compensation in Animal Death"" scheme introduced by the Agriculture, Farmers Welfare and Cooperation Department, Gujarat, provides financial assistance to animal breeders who suffer livestock losses due to natural disasters, diseases, or poisoning.","Animal Husbandry, Animal Insurance, Death Compensation, Agriculture,Rural & Environment, Banking,Financial Services and Insurance",State,https://www.myscheme.gov.in/schemes/ciad
195,"Agriculture,Rural & Environment",SOFMG,Supply of Fodder Minikit,What is Supply of Fodder Minikit?,"The ""Supply of Fodder Minikit"" scheme introduced by the Agriculture, Farmers Welfare and Cooperation Department, Gujarat, aims to provide improved varieties of fodder seeds to farmers.","Animal Husbandry, Fodder Minikit, Agriculture,Rural & Environment",State,https://www.myscheme.gov.in/schemes/sofmg
196,"Agriculture,Rural & Environment",AFCGWTB,"Assistance for Cattleshed, Gaman, Water Tank and Bucket","What is Assistance for Cattleshed, Gaman, Water Tank and Bucket?","The scheme ""Assistance for Cattleshed, Gaman, Water Tank and Bucket"" introduced by the Agriculture, Farmers Welfare and Cooperation Dept., Gujarat, aims to support livestock farmers by offering financial assistance for essential infrastructure such as cattle sheds, gaman, water tanks, and buckets.","Animal Husbandry, Cattleshed, Water Tank, Shelter For Cattle, Agriculture,Rural & Environment",State,https://www.myscheme.gov.in/schemes/afcgwtb
197,"Agriculture,Rural & Environment",SSKPF,Subsidy Scheme on Establishment of 25 R.I.R./Kadaknath & 1000 Broiler Bird’s Unit and Stipend for Poultry Farming Training for Scheduled Tribes People of the State,What is Subsidy Scheme on Establishment of 25 R.I.R./Kadaknath & 1000 Broiler Bird’s Unit and Stipend for Poultry Farming Training for Scheduled Tribes People of the State?,"This scheme has been introduced by the Agriculture, Farmers Welfare and Cooperation Department, Gujarat. It aims to provide financial assistance and training stipends to Scheduled Tribe (ST) individuals in Gujarat for poultry farming.","Agriculture, Poultry Farming, Birds Unit, Agriculture,Rural & Environment",State,https://www.myscheme.gov.in/schemes/sskpf
198,"Agriculture,Rural & Environment",ACFAPST,Assistance of Concentrate Feed After Parturition (Scheduled Tribe Category),What is Assistance of Concentrate Feed After Parturition (Scheduled Tribe Category)?,"The scheme ""Assistance of Concentrate Feed After Parturition (Scheduled Tribe Category)"" provides 150 kg of BIS Type II concentrate feed to Scheduled Tribe Category livestock owners after parturition to support cattle health, increase milk production, and enhance calf development.","Animal Husbandry, Cattle Development, Milk Production, Concentrate Feeds, Agriculture,Rural & Environment",State,https://www.myscheme.gov.in/schemes/acfapst
199,"Agriculture,Rural & Environment",ACFPASC,Assistance of Concentrate Feed for Pregnant Animals (Scheduled Caste Category),What is Assistance of Concentrate Feed for Pregnant Animals (Scheduled Caste Category)?,"This scheme provides free BIS type II concentrate feed to pregnant cattle owned by Scheduled Caste Category livestock owners in Gujarat to ensure their good health, boost immunity, prevent metabolic diseases, and enhance milk production.","Animal Husbandry, Pregnant Cattle, Milk Production, Agriculture,Rural & Environment",State,https://www.myscheme.gov.in/schemes/acfpasc
200,"Agriculture,Rural & Environment",FAFISKC,COP-34 Financial Assistance to Farmer for Interest Subvention (Kishan Credit Card Interest Asst.),What is COP-34 Financial Assistance to Farmer for Interest Subvention (Kishan Credit Card Interest Asst.)?,"Under this scheme, financial assistance in the form of interest subvention is provided to farmers who repay their crop loans on time, helping them improve their agricultural productivity and economic well-being.","Agriculture, Farmer, Interest Subvention, Agriculture,Rural & Environment",State,https://www.myscheme.gov.in/schemes/fafiskc
201,"Agriculture,Rural & Environment",TPAHKCC,To Provide Interest Subvention to Animal Husbandry of the State at the Rate of 4% to the Beneficiaries Kisan Credit Card,What is To Provide Interest Subvention to Animal Husbandry of the State at the Rate of 4% to the Beneficiaries Kisan Credit Card?,The scheme aims to provide 4% interest subvention to cattle breeders in Gujarat on timely repayment of short-term loans taken through the Kisan Credit Card for animal husbandry activities.,"Agriculture, Animal Husbandry, Cattle Breeders, Interest Subvention, Agriculture,Rural & Environment",State,https://www.myscheme.gov.in/schemes/tpahkcc
202,"Agriculture,Rural & Environment",ANMPY,Atma Nirbhar Matsya Palan Yojana,What is Atma Nirbhar Matsya Palan Yojana?,"The scheme aims to provide a 45% subsidy with credit linkage for fishery infrastructure to ST individuals, SHGs, and FPOs engaged in aquaculture.","Subsidy, Farmers, Scheduled Tribe, Self Help Groups, FPO, Loan, Agriculture,Rural & Environment, Banking,Financial Services and Insurance",State,https://www.myscheme.gov.in/schemes/anmpy
203,"Agriculture,Rural & Environment",PPLCNPSAAHR,PMMSY: Provision of Polythene lining for the Construction of New ponds for Saline/Alkaline area-Haryana,What is PMMSY: Provision of Polythene lining for the Construction of New ponds for Saline/Alkaline area-Haryana?,"The scheme aims to provide central assistance for the cost of polythene lining for new ponds in saline/alkaline areas. Through this scheme, polythene lining costs are provided to beneficiaries constructing new water bodies for fish/shrimp culture.","Polythene, New Ponds, Fish, Shrimp, Saline, Alkaline, Agriculture,Rural & Environment",State,https://www.myscheme.gov.in/schemes/pplcnpsaahr
204,"Agriculture,Rural & Environment",PMMSYCRMHR,PMMSY: Construction of Fish Retail Markets including Ornamental Fish/Aquarium Markets - Haryana,What is PMMSY: Construction of Fish Retail Markets including Ornamental Fish/Aquarium Markets - Haryana?,"The scheme aims to support the construction of fish retail markets, including those for ornamental fish and aquariums. Through this scheme, financial assistance for project costs is provided to individual beneficiaries.","Retail, Market, Ornamental, Aquarium, Financial Assistance, Agriculture,Rural & Environment, Business & Entrepreneurship",State,https://www.myscheme.gov.in/schemes/pmmsycrmhr
205,"Agriculture,Rural & Environment",CWIBHR,PMMSY: Cycle with Ice Boxes-Haryana,What is PMMSY: Cycle with Ice Boxes-Haryana?,"The scheme aims to provide central assistance for the cost of cycles with ice boxes for fisheries activities. Through this scheme, central assistance is provided for newly purchased cycles with ice boxes for the initial crop.","Subsidy, Purchase, Initial Crop, Fish, Agriculture,Rural & Environment",State,https://www.myscheme.gov.in/schemes/cwibhr
206,"Agriculture,Rural & Environment",CNRPHR,PMMSY: Construction of New Rearing ponds - Haryana,What is PMMSY: Construction of New Rearing ponds - Haryana?,"The scheme aims to expand fisheries in various urban/semi-urban areas. Through this scheme, financial assistance and subsidies are provided for the construction of new rearing ponds.","Subsidy, Ponds, Nursery, Seed, Agriculture,Rural & Environment",State,https://www.myscheme.gov.in/schemes/cnrphr
207,"Agriculture,Rural & Environment",PMMSYTWIBIFV,Pradhan Mantri Matsya Sampada Yojana: Three Wheeler with Ice Box Including E-rickshaws for Fish Vending - Haryana,What is Pradhan Mantri Matsya Sampada Yojana: Three Wheeler with Ice Box Including E-rickshaws for Fish Vending - Haryana?,"The scheme aims to promote hygienic and efficient fish transportation and retailing through mobile outlets. Under this scheme, financial assistance is provided to eligible beneficiaries for purchasing e-rickshaws equipped with ice boxes for selling fish directly.","Subsidy, Fish, Fishries, Three Wheeler, Ice Box, Agriculture,Rural & Environment",State,https://www.myscheme.gov.in/schemes/twibierfv
208,"Agriculture,Rural & Environment",OSTPS-ATISIS,"""Orthodox or Specialty Tea Production Subsidy"" under the ""Assam Tea Industries Special Incentives Scheme""","What is ""Orthodox or Specialty Tea Production Subsidy"" under the ""Assam Tea Industries Special Incentives Scheme""?","The scheme aims to ensure long-term financial sustainability of the Tea industry and to incentivize manufacturers to move from Crush, Tear, Curl tea to Orthodox tea production. The scheme is implemented by the Finance Department and the Industries & Commerce Department, Government of Assam.","Subsidy, Tea, Production, Incentive, Industry, Agriculture,Rural & Environment, Banking,Financial Services and Insurance",State,https://www.myscheme.gov.in/schemes/ostps-atisis
209,"Agriculture,Rural & Environment",SPSPWDPF,Scheme to Provide Stipend to the Persons With Disabilities of the State for Poultry Training,What is Scheme to Provide Stipend to the Persons With Disabilities of the State for Poultry Training?,"The ""Scheme to Provide Stipend to the Persons With Disabilities of the State for Poultry Training"" aims to promote poultry rearing skills among persons with disabilities through a ₹2,000/- stipend for attending a 7-day training program conducted by the Intensive Poultry Development Unit.","Poultry Training, Disability Empowerment, Skill Development, Animal Husbandry, Stipend, Agriculture,Rural & Environment",State,https://www.myscheme.gov.in/schemes/spspwdpf
210,"Agriculture,Rural & Environment",PMMSYESRGUJ,Pradhan Mantri Matsya Sampada Yojana (PMMSY-Inland): Establishment of Small RAS Culture System Gujarat,What is Pradhan Mantri Matsya Sampada Yojana (PMMSY-Inland): Establishment of Small RAS Culture System Gujarat?,The scheme aims to boost inland fish production and create employment. It provides financial support for setting up Small RAS units for eligible beneficiaries.,"Fish Farming, Small RAS, Biofloc, Recirculating Aquaculture System, Agriculture,Rural & Environment",State,https://www.myscheme.gov.in/schemes/pmmsyesrguj
211,"Agriculture,Rural & Environment",PMMSYENFWHGUJ,Pradhan Mantri Matsya Sampada Yojana (PMMSY-Inland): Establishment of New Fresh Water Fin Fish Hatchery - Gujarat,What is Pradhan Mantri Matsya Sampada Yojana (PMMSY-Inland): Establishment of New Fresh Water Fin Fish Hatchery - Gujarat?,The scheme aims to increase fish production by rearing fish in reservoirs and provide employment to people involved in inland fisheries activities.,"Fish Farming, Biofloc, Recirculating Aquaculture System, Fish Hatchery, Agriculture,Rural & Environment",State,https://www.myscheme.gov.in/schemes/pmmsyenfwhguj
212,"Agriculture,Rural & Environment",SOSTUPM-ATISIS,"""Subsidy for Orthodox & Speciality Tea Unit for Plant & Machinery"" under the ""Assam Tea Industries Special Incentives Scheme""","What is ""Subsidy for Orthodox & Speciality Tea Unit for Plant & Machinery"" under the ""Assam Tea Industries Special Incentives Scheme""?","The scheme aims to ensure long-term financial sustainability of the Tea industry and to incentivize manufacturers to move from Crush, Tear, Curl tea to Orthodox tea production. The scheme is implemented by the Finance Department and the Industries & Commerce Department, Government of Assam.","Subsidy, Tea, Production, Incentive, Industry, Machinery, Agriculture,Rural & Environment, Banking,Financial Services and Insurance",State,https://www.myscheme.gov.in/schemes/sostupm-atisis
213,"Agriculture,Rural & Environment",STISRR,Scheme to Increase Seed Replacement Rate (SRR),What is Scheme to Increase Seed Replacement Rate (SRR)?,"The ""Scheme to Increase Seed Replacement Rate (SRR)"" by the Agriculture and Co-operation Department, Government of Gujarat, aims to improve crop productivity through providing certified seeds at subsidized rates to all farmers across the state.","Seed Distribution, Seed Replacement Rate, Subsidy, Certified Seeds, Agriculture,Rural & Environment",State,https://www.myscheme.gov.in/schemes/stisrr
214,"Agriculture,Rural & Environment",POFUSOP,Promotion of Organic Farming under State Organic Policy,What is Promotion of Organic Farming under State Organic Policy?,"The scheme ""Promotion of Organic Farming under State Organic Policy"" by the Agriculture and Co-operation Department, Government of Gujarat, aims to promote organic agriculture by providing financial assistance for certification, transportation, and organic inputs to farmers across the state.","Organic Farming, Certification Assistance, Organic Input Subsidy, Farmer, Agriculture,Rural & Environment",State,https://www.myscheme.gov.in/schemes/pofusop
215,"Agriculture,Rural & Environment",AFMTPTFM,Assistance to Farmers for Mini Tractor and Power Tiller in Farm Mechanization Program,What is Assistance to Farmers for Mini Tractor and Power Tiller in Farm Mechanization Program?,The scheme “Assistance to Farmers for Mini Tractor and Power Tiller in Farm Mechanization Program”  aims to support mechanization in agriculture through financial aid for the purchase of mini tractors and power tillers to all eligible farmers across the state.,"Agricultural, Farm Mechanization, Subsidy, Mini Tractor, Power Tiller, Agriculture,Rural & Environment",State,https://www.myscheme.gov.in/schemes/afmtptfm
216,"Agriculture,Rural & Environment",ASCFTSCTGUJ,Assistance to Scheduled Castes for Fisheries: Training of Scheduled Caste trainees Gujarat,What is Assistance to Scheduled Castes for Fisheries: Training of Scheduled Caste trainees Gujarat?,The scheme aims to increase fish production and provide employment opportunities to Scheduled Caste (SC) people engaged in inland fisheries activities.,"Fish Production, Fish Farming, Fishermen, Fish Farmer, Training Of Scheduled Caste Trainees, Agriculture,Rural & Environment",State,https://www.myscheme.gov.in/schemes/ascftsctguj
217,"Agriculture,Rural & Environment",NMOEPMICIO,National Mission on Edible Oil–Oil Palm: Maintenance and Input Cost for Intercropping in Oilpalm,What is National Mission on Edible Oil–Oil Palm: Maintenance and Input Cost for Intercropping in Oilpalm?,"The scheme component ""Maintenance and Input Cost for Intercropping in Oilpalm"" launched under the ""National Mission on Edible Oil–Oil Palm"" scheme aims to increase the production of oil palm and reduce imports by providing financial assistance for maintenance and intercropping.","Edible Oil, Oil Palm, Intercropping Assistance, Maintenance Support, Subsidy, Agriculture,Rural & Environment",State,https://www.myscheme.gov.in/schemes/nmoepmicio
218,"Agriculture,Rural & Environment",PMMSYEOSCGUJ,PMMSY: Establishment of open Sea cages (100-120)m3 vol. - Gujarat ,What is PMMSY: Establishment of open Sea cages (100-120)m3 vol. - Gujarat?,"The scheme aims to support the installation of open sea cages of 100–120 cubic meter capacity for fish farming in marine waters. This helps fishermen and entrepreneurs to undertake cage-based aquaculture, thereby increasing fish production, ensuring sustainable marine resource utilization.","Construction Of Plant, Storage, Fishermen, Fish Seller, Agriculture,Rural & Environment",State,https://www.myscheme.gov.in/schemes/pmmsyeoscguj
219,"Agriculture,Rural & Environment",PMMSYMCSIPGUJ,PMMSY : Modernization of Cold storage /Ice Plant - Gujarat ,What is PMMSY : Modernization of Cold storage /Ice Plant - Gujarat?,"The scheme aims to strengthen fish storage infrastructure for hygienic preservation. Through this scheme, beneficiaries receive financial assistance for the modernisation of Cold storage /Ice Plant.","Construction Of Plant, Storage, Fishermen, Fish Sellers, Modernization Of Cold Storage, Ice Plant, Agriculture,Rural & Environment",State,https://www.myscheme.gov.in/schemes/pmmsymcsipguj
220,"Agriculture,Rural & Environment",SHCSUK,Soil Health Card Scheme - Uttarakhand,What is Soil Health Card Scheme - Uttarakhand?,"The scheme aims to provide Soil Health Cards to all farmers in the state, helping them understand the nutrient composition of their soil and the type and quantity of fertilizers suitable for their crops.","Farmer, Soil Health, Agriculture, Soil Testing, Agriculture,Rural & Environment",State,https://www.myscheme.gov.in/schemes/shc
221,"Agriculture,Rural & Environment",PMMSYEBTMFVGUJ,PMMSY:  Establishment of Bio-toilets in mechanised fishing vessels - Gujarat,What is PMMSY:  Establishment of Bio-toilets in mechanised fishing vessels - Gujarat?,"The scheme aims to provide sanitation facilities on mechanised fishing vessels. It provides financial assistance depending on category, with once-in-a-lifetime eligibility.","Construction Of Plant, Storage, Fishermen, Fish Sellers, Agriculture,Rural & Environment",State,https://www.myscheme.gov.in/schemes/pmmsyebtmfvguj
222,"Agriculture,Rural & Environment",KVS,Kisan-Vaigyanik Sangoshthi,What is Kisan-Vaigyanik Sangoshthi?,The scheme aims to guide farmers and youth in biotechnology-based farming and animal husbandry by providing technical training and solutions to enhance self-employment and income generation.,"Farmer, Scientist, Self-help Group, Seminar, Training, Youth, Biotechnology, Agriculture,Rural & Environment, Skills & Employment",State,https://www.myscheme.gov.in/schemes/f-ss
223,"Agriculture,Rural & Environment",CFLLCBWA,Compensation for Livestock Loss Caused by Wild Animals,What is Compensation for Livestock Loss Caused by Wild Animals?,The scheme aims to provide financial relief to livestock owners for losses due to wild animal attacks.,"Financial Assistance, Wild Animal, Relief, Livestock, Agriculture,Rural & Environment, Health & Wellness",State,https://www.myscheme.gov.in/schemes/cfllcbwa
224,"Agriculture,Rural & Environment",MMDPP,Mukhyamantri Dairy Plus Programme (Provision of 02 Murrah Buffaloes on Subsidy),What is Mukhyamantri Dairy Plus Programme (Provision of 02 Murrah Buffaloes on Subsidy)?,The scheme aims to increase milk production and promote improved livestock breeding by providing two Murrah buffaloes to eligible farmers on a subsidy basis.,"Subsidy, Farmer, Buffaloes, Livestock, Agriculture,Rural & Environment",State,https://www.myscheme.gov.in/schemes/mmdpp
225,"Agriculture,Rural & Environment",DBAKY,Dr. Bhimrao Ambedkar Kamdhenu Yojana,What is Dr. Bhimrao Ambedkar Kamdhenu Yojana?,"The scheme aims to provide business opportunities in the dairy sector especially to unemployed youths, increase milk production, strengthen economic condition and farmers will get economic benefits even in adverse circumstances.","Business, Loan, Youth, Farmer, Dairy, Unemployed, Agriculture,Rural & Environment, Business & Entrepreneurship",State,https://www.myscheme.gov.in/schemes/dbaky
226,"Agriculture,Rural & Environment",GSPEVCSG,Grant of Subsidy for Purchase of 'Electric Vehicles' to Consumers in State of Goa,What is Grant of Subsidy for Purchase of 'Electric Vehicles' to Consumers in State of Goa?,"The scheme provides financial assistance in the form of a subsidy for the purchase or conversion of Electric two-wheelers, three-wheelers, and four-wheelers, along with scrapping incentives for old vehicles, incentives for local manufacturing in Goa, and low-cost loans provided by CESL.","Subsidy, Vehicle, Consumer, Incentive, Transport, Agriculture,Rural & Environment, Transport & Infrastructure",State,https://www.myscheme.gov.in/schemes/gspevcsg
227,"Agriculture,Rural & Environment",FDD,Flower Development (Demonstration),What is Flower Development (Demonstration)?,"The scheme aims to promote flower cultivation through demonstrations of major flowers like rose, tuberose, and marigold by providing financial assistance to farmers.","Flower Development, Horticulture, Floriculture, Farmer, Agriculture,Rural & Environment, Business & Entrepreneurship",State,https://www.myscheme.gov.in/schemes/fdd
228,"Agriculture,Rural & Environment",SDPUK,Skill Development Programme- Uttarakhand,What is Skill Development Programme- Uttarakhand?,"The scheme aims to enhance the employability and entrepreneurial skills of students, researchers, and farmers in the field of biotechnology, thereby promoting self-employment and entrepreneurship in emerging areas of the biotechnology sector.","Skill Development, Training Program, Biotechnology, Student, Researcher, Farmer, Agriculture,Rural & Environment, Skills & Employment",State,https://www.myscheme.gov.in/schemes/sdpuk
229,"Agriculture,Rural & Environment",WBCISM,Weather Based Crop Insurance Scheme,What is Weather Based Crop Insurance Scheme?,The scheme aims to provide crop insurance protection to farmers against weather-related risks under the Pradhan Mantri Fasal Bima Yojana. It ensures financial support to farmers affected by adverse weather conditions.,"Crop Insurance, Weather Risk, Farmer, Agriculture,Rural & Environment",State,https://www.myscheme.gov.in/schemes/wbcism
230,"Agriculture,Rural & Environment",AS-SMP,Annapurna Scheme: Seed Multiplication Programme,What is Annapurna Scheme: Seed Multiplication Programme?,The scheme aims to enhance the economic status and productivity of SC/ST farmers by providing high-quality Breeder or Certified I grade seeds for seed production. Beneficiaries receive a 75% subsidy on the cost of the seed for up to 1 hectare of land.,"Agriculture, Seed, Farmer, Subsidy, Crop, Agriculture,Rural & Environment",State,https://www.myscheme.gov.in/schemes/as-smp
231,"Agriculture,Rural & Environment",SFPPCCHC,Scheme for Promotion of Protected Cultivation of Commercial Horticultural Crops,What is Scheme for Promotion of Protected Cultivation of Commercial Horticultural Crops?,"The scheme aims to promote the protected cultivation of commercial horticultural crops by providing financial assistance to farmers. The scheme supports greenhouse, shade net, low tunnel, plastic mulching, bird/hail net, and cultivation of vegetables and flowers under polyhouse/shade net house.","Protected Cultivation, Greenhouse, Shade Net, Polyhouse, Plastic Mulching, Horticulture, Agriculture,Rural & Environment",State,https://www.myscheme.gov.in/schemes/sfppcchc
232,"Agriculture,Rural & Environment",IVDP,Integrated Vegetable Development Program,What is Integrated Vegetable Development Program?,The scheme aims to increase vegetable production in all district headquarters and within a 20 km radius of industrial establishments in Madhya Pradesh through integrated vegetable development.,"Vegetable Production, Hybrid Seeds, Seed Treatment, Agriculture,Rural & Environment",State,https://www.myscheme.gov.in/schemes/ivdp
233,"Agriculture,Rural & Environment",GGY-GOA,Gomantak Govsamvardhan Yojana,What is Gomantak Govsamvardhan Yojana?,The scheme aims to support the conservation and rearing of Local Breeds of Cattle in the State of Goa. It provides financial assistance of ₹80/- per animal per day to Dairy Farmers or Individuals who are bonafide residents of Goa to encourage responsible stall feeding and conservation practices.,"Cattle, Farmer, Subsidy, Animal, Vaccination, Agriculture,Rural & Environment",State,https://www.myscheme.gov.in/schemes/ggy-goa
234,"Agriculture,Rural & Environment",SSPHP,"Simplification of Sale Process of Herbal Products - Herbal Research and Development Institute, Uttarakhand","What is Simplification of Sale Process of Herbal Products - Herbal Research and Development Institute, Uttarakhand?","The scheme aims to simplify the sale process of medicinal and aromatic products produced by cultivators, enabling them to legally and easily sell their produce through authorized markets or buyers.","Herbal Products, Herbs, Marketing, Cultivator Of Medicinal Plants, Cultivator Of Aromatic Plants, Sale Process, Agriculture,Rural & Environment",State,https://www.myscheme.gov.in/schemes/sephp
235,"Agriculture,Rural & Environment",CAPMGNREGA,Cultivation of Aromatic Plants under MGNREGA - Centre for Aromatic Plants,What is Cultivation of Aromatic Plants under MGNREGA - Centre for Aromatic Plants?,"The scheme aims to encourage farmers in rural areas to grow aromatic plants by providing them free planting material, technical help, and wage support through MGNREGA.","Aromatic, Farmer, Aromatic Plants, Cultivation, MGNREGA, Agriculture,Rural & Environment",State,https://www.myscheme.gov.in/schemes/capmgnrega
236,"Agriculture,Rural & Environment",BK,Bee Keeping,What is Bee Keeping?,"The scheme aims to promote beekeeping as a sustainable livelihood by providing subsidized bee boxes, bee colonies, and training support to farmers, thereby increasing honey production, enhancing farm income, and strengthening the beekeeping sector in Uttarakhand.","Bee, Bee Colonies, Bee Boxes, Subsidy, Honey Bees, Agriculture,Rural & Environment, Business & Entrepreneurship",State,https://www.myscheme.gov.in/schemes/bk
237,"Agriculture,Rural & Environment",STSCSP,Scheduled Tribe/Scheduled Caste Subplan,What is Scheduled Tribe/Scheduled Caste Subplan?,The scheme aims to promote fish farming as a sustainable livelihood opportunity among individuals and groups belonging to the Scheduled Castes and Scheduled Tribes.,"Financial Assistance, Construction Of Ponds, Fish Production, Scheduled Tribe, Pond Clusters, Agriculture,Rural & Environment",State,https://www.myscheme.gov.in/schemes/stscss
238,"Agriculture,Rural & Environment",SSRPPES,Sugarcane Seed Replacement Programme / Production Enhancement Scheme,What is Sugarcane Seed Replacement Programme / Production Enhancement Scheme?,"The scheme aims to increase sugarcane productivity & improve sugar recovery by promoting cultivation of high-quality, high-yielding, & newly developed sugarcane varieties, while providing farmers with financial support, modern cultivation techniques, & access to advanced agricultural technology.","Sugarcane, Sugar, Sugarcane Seed, Farmer, Sugarcane Seed Replacement, Agriculture,Rural & Environment",State,https://www.myscheme.gov.in/schemes/ssrppes
239,"Agriculture,Rural & Environment",SFPK,Sthaniya Fasal Protsahan Karyakram,What is Sthaniya Fasal Protsahan Karyakram?,"The program aims to promote the cultivation of local crops, enhance productivity, ensure the use of quality seeds, and provide fair prices to farmers in the mountain districts of Uttarakhand.","Farmer, Local Crop, Agriculture, Seed Production, Subsidy On Seed, Crop Promotion Program, Agriculture,Rural & Environment",State,https://www.myscheme.gov.in/schemes/sfpk
240,"Agriculture,Rural & Environment",AHASMF,Animal Husbandry: Assistance to Small and Marginal Farmers,What is Animal Husbandry: Assistance to Small and Marginal Farmers?,"The scheme aims to provide financial assistance to small and marginal farmers for the replacement of productive livestock lost due to notified natural disasters such as floods, landslides, or other calamities.","Small Farmer, Marginal Farmer, Natural Disaster, Livestock, Animal Husbandry, Agriculture,Rural & Environment",State,https://www.myscheme.gov.in/schemes/ahsmfuk
241,"Agriculture,Rural & Environment",BPY,Bhed Palan Yojana,What is Bhed Palan Yojana?,"The scheme aims to promote sheep rearing as a source of self-employment and livelihood generation for eligible beneficiaries, particularly from SECC categories, by providing financial support for rearing a sheep unit.","Sheep Rearing, Sheep, Scheduled Caste, Scheduled Tribe, Self-employment, Subsidy, Agriculture,Rural & Environment, Business & Entrepreneurship",State,https://www.myscheme.gov.in/schemes/bpy
242,"Agriculture,Rural & Environment",MSPUK,Mushroom Production,What is Mushroom Production?,"The scheme aims to promote and support mushroom cultivation in the state by providing financial assistance and subsidies for establishing mushroom, compost, and spawn production units, thereby enhancing both farmer income and overall mushroom production in Uttarakhand.","Mushroom, Subsidy, Farmer, Agriculture,Rural & Environment",State,https://www.myscheme.gov.in/schemes/fsf
243,"Agriculture,Rural & Environment",SFGUK,Scheme for Fencing in Gardens,What is Scheme for Fencing in Gardens?,"The scheme aims to protect fruit plants, horticultural crops, and orchards from wild animals by providing financial assistance for fencing.","Fencing, Garden, Subsidy, Agriculture,Rural & Environment",State,https://www.myscheme.gov.in/schemes/sfguk
244,"Agriculture,Rural & Environment",IFSPIFTFCGUJ,To Increase Fish Seed Production and Inland Fisheries Resources in Tribal Areas: Fish Cage Culture - Gujarat,What is To Increase Fish Seed Production and Inland Fisheries Resources in Tribal Areas: Fish Cage Culture - Gujarat?,The scheme aims to increase fish production and provide employment through reservoir-based inland fisheries. It offers financial assistance to Scheduled Tribe fishermen.,"Fish, Fish Activities, Fish Production, Scheduled Tribes, Fishermen, Fish Cage Culture, Agriculture,Rural & Environment",State,https://www.myscheme.gov.in/schemes/ifspiftfcguj
245,"Agriculture,Rural & Environment",PFSPFSRWGUJ,To Increase Fish Seed Production and Inland Fisheries Resources in Tribal Areas: Fish Seed Rearing by Women - Gujarat,What is To Increase Fish Seed Production and Inland Fisheries Resources in Tribal Areas: Fish Seed Rearing by Women - Gujarat?,"The scheme aims to increase fish production through inland fisheries and provide employment opportunities, particularly to Scheduled Tribe women engaged in fish seed rearing.","Fish, Fish Activities, Fish Production, Scheduled Tribes, Fisherman, Self-Employment, Agriculture,Rural & Environment, Women and Child",State,https://www.myscheme.gov.in/schemes/pfspfsrwguj
246,"Agriculture,Rural & Environment",AOBOFPK,Assistance to OBM Boat Owner Fishermen on Purchase of Kerosene/Petrol,What is Assistance to OBM Boat Owner Fishermen on Purchase of Kerosene/Petrol?,The scheme aims to provide financial assistance to fishermen owning small boats with Outboard Motors (OBM) by subsidizing the cost of kerosene or petrol.,"Agriculture, Fishing Activities, Fishermen, Boat Owner, Agriculture,Rural & Environment",State,https://www.myscheme.gov.in/schemes/aobofpk
247,"Agriculture,Rural & Environment",MAWS,Meghalaya Agriculture Warehouse Scheme ,What is Meghalaya Agriculture Warehouse Scheme?,"The scheme reduces post-harvest losses and supports farmers by providing loans and subsidies to build small, weatherproof warehouses for safe storage and better marketing of crops.","Agriculture, Warehouses, Farmer, Farming, Agriculture,Rural & Environment",State,https://www.myscheme.gov.in/schemes/maws
248,"Agriculture,Rural & Environment",FOCUSS,FOCUS Scheme (Farmers Collectivization For Upscaling Production and Marketing System),What is FOCUS Scheme (Farmers Collectivization For Upscaling Production and Marketing System)?,"The objective of the FOCUS Scheme is to strengthen farmer groups, increase production, and improve market access to enhance farmers’ income.","Farmers, Farming, Agriculture, DBT, Agriculture,Rural & Environment",State,https://www.myscheme.gov.in/schemes/focuss
249,"Agriculture,Rural & Environment",CWSDI,Construction of Water Storage Tanks for Drip Irrigation,What is Construction of Water Storage Tanks for Drip Irrigation?,"The scheme provides financial assistance to farmers across Gujarat for constructing water storage tanks to support drip irrigation, with cost-sharing benefits based on farmer category.","Agriculture, Drip Irrigation, Farmer, Water Tank, Agriculture,Rural & Environment",State,https://www.myscheme.gov.in/schemes/cwsdi
250,"Agriculture,Rural & Environment",APNFUSCST,Assistance to Farmers in Purchasing Nano Fertilizers Under the Agricultural Assistance Program for Farmers Other than Scheduled Castes and Scheduled Tribes,What is Assistance to Farmers in Purchasing Nano Fertilizers Under the Agricultural Assistance Program for Farmers Other than Scheduled Castes and Scheduled Tribes?,"This scheme offers financial assistance to farmers from non-SC/ST categories to support the purchase of Nano Fertilizers, aiming to enhance agricultural productivity and uplift the standard of living of farmers in Gujarat.","Agriculture, Nano Fertilizers, Farmer, Agriculture,Rural & Environment",State,https://www.myscheme.gov.in/schemes/apnfuscst
251,"Agriculture,Rural & Environment",SCSP-EWSCF,Scheduled Caste Sub Plan (SCSP): Electrification of Wells of Scheduled Caste Farmers,What is Scheduled Caste Sub Plan (SCSP): Electrification of Wells of Scheduled Caste Farmers?,The scheme aims to provide agricultural electricity connections on a priority basis to Scheduled Caste farmers. Benefits include electrification of wells and free domestic electricity connections for Scheduled Caste farmers and beneficiaries across Gujarat.,"Farmer, Scheduled Caste, Electricity, Agriculture, Rural, Agriculture,Rural & Environment, Utility & Sanitation",State,https://www.myscheme.gov.in/schemes/scsp-ewscf
252,"Agriculture,Rural & Environment",NGRA,National Gopal Ratna Award,What is National Gopal Ratna Award?,"The scheme aims to promote scientific dairy practices and AI coverage. It provides awards, recognition, and monetary incentives to farmers, dairy organizations, and AI technicians.","Dairy Farmer, Milk, Award, AI Technicians, Dairy Organizations, Monetary Incentive, Agriculture,Rural & Environment","Ministry of Fisheries,Animal Husbandry and Dairying",https://www.myscheme.gov.in/schemes/ngra
253,"Agriculture,Rural & Environment",CDPNER:WA,Coffee Development Programme in North Eastern Region: Water Augmentation,What is Coffee Development Programme in North Eastern Region: Water Augmentation?,"The scheme ""Coffee Development Programme in North Eastern Region: Water Augmentation"" aims to improve the productivity and quality of coffee by facilitating the creation of infrastructure for water augmentation for irrigation and wet processing of coffee.","Agriculture, Farmer, Subsidy, DBT, Agriculture,Rural & Environment",Ministry Of Commerce And Industry,https://www.myscheme.gov.in/schemes/cdpnerwa
254,"Agriculture,Rural & Environment",ISFEPQIISARADOCEOPLCRNP,Integrated Scheme for Export Promotion & Quality Improvement in Spices and Research and Development of Cardamom: Export Oriented Production:Large Cardamom Replanting/New planting (Ha),What is Integrated Scheme for Export Promotion & Quality Improvement in Spices and Research and Development of Cardamom: Export Oriented Production:Large Cardamom Replanting/New planting (Ha)?,"Under this scheme, growers are encouraged to adopt systematic replanting of large cardamom using high-yielding, disease-free planting materials. It aims to increase productivity, improve quality, and enhance export competitiveness under the Spices Board of India.","Agriculture, Farming, Farmer, Subsidy, Agriculture,Rural & Environment",Ministry Of Commerce And Industry,https://www.myscheme.gov.in/schemes/isfepqiisaradoceoplcrnp
255,"Agriculture,Rural & Environment",MARVS,Meghalaya Agriculture Response Vehicle Scheme,What is Meghalaya Agriculture Response Vehicle Scheme?,"The scheme “Meghalaya Agriculture Response Vehicle Scheme” was launched by the Department of Agriculture & Farmers’ Welfare, Government of Meghalaya to provide Small Commercial Vehicles and pickups at each CD Block across Meghalaya with 50% financial aid from the Government of Meghalaya.","Agriculture, Response Vehicle, Farmer, Financial Aid, Farmers Associations, Entrepreneur, Agriculture,Rural & Environment",State,https://www.myscheme.gov.in/schemes/marvs
256,"Agriculture,Rural & Environment",ICROAIP,ICRO Amrit Internship Programme,What is ICRO Amrit Internship Programme?,"The IPL Centre for Rural Outreach (ICRO) has launched ICRO Amrit Internship Programme focused on youth productivity for prosperity. The interns will be placed at the headquarters and Regional Offices of NPC/ IPL. The duration of the internship will be 3 months initially, renewable up to four times.","Internship, Student, Youth Productivity, Stipend, Agriculture,Rural & Environment, Education & Learning, Social welfare & Empowerment",Ministry Of Chemicals And Fertilizers,https://www.myscheme.gov.in/schemes/icroaip
257,"Agriculture,Rural & Environment",ISFEPQIISAR,Integrated Scheme for Export Promotion & Quality Improvement in Spices and Research and Development of Cardamom:Large cardamom Irrigation Land Development : Irrigation / water storage structures(nos),What is Integrated Scheme for Export Promotion & Quality Improvement in Spices and Research and Development of Cardamom:Large cardamom Irrigation Land Development : Irrigation / water storage structures(nos)?,"The scheme aims to motivate the growers to bring more area under irrigation by constructing water storage structures, rain water harvesting structures and installation of irrigation equipments for increasing the productivity and improving quality of large cardamom.","Agriculture, Farmer, Farming, Water Storage Structures, Subsidy, Agriculture,Rural & Environment",Ministry Of Commerce And Industry,https://www.myscheme.gov.in/schemes/isfepqiisar
258,"Agriculture,Rural & Environment",SSDU,Establishment Of Small Scale Dairy Unit (SSDU),What is Establishment Of Small Scale Dairy Unit (SSDU)?,"The scheme aims to support the establishment of dairy units with 10 Gir cows. Through this scheme, capital subsidy and back-ended subsidy are provided to beneficiaries via bank finance and NABARD.","Dairy Development, Milch Cow, Insurance Coverage, Cattle Shed, Equipment, Procurement Of Feed, Agriculture,Rural & Environment",State,https://www.myscheme.gov.in/schemes/ssdu
259,"Agriculture,Rural & Environment",POESOISINCOLTHA,Promotion of Exportable surplus of identified spices in NE: Cultivation of Lakadong turmeric (Ha) ,What is Promotion of Exportable surplus of identified spices in NE: Cultivation of Lakadong turmeric (Ha)?,"To promote the cultivation of Lakadong turmeric for exports by providing 50% of the cost of planting material, subject to a maximum of ₹ 30,000 per Ha, to turmeric growers of the North East having land holding size of 0.10 Ha to 8 Ha.","Lakadong Turmeric, Farmer, Farming, Agriculture, Agriculture,Rural & Environment",Ministry Of Commerce And Industry,https://www.myscheme.gov.in/schemes/poesoisincoltha
260,"Agriculture,Rural & Environment",AC&ABC,Agri-Clinics And Agri-Business Centres Scheme,What is Agri-Clinics And Agri-Business Centres Scheme?,"A welfare scheme by the Ministry of Agriculture and Farmers' Welfare was launched in 2002. AC&ABC aims at agricultural development, supplementing the efforts of public extension by providing extension and other services to farmers either on a payment basis or free of cost as per the business model.","Business, Entrepreneur, Student, Training, Agriculture, Employment, Agriculture,Rural & Environment, Business & Entrepreneurship, Skills & Employment",Ministry Of Agriculture and Farmers Welfare,https://www.myscheme.gov.in/schemes/acandabc
261,"Agriculture,Rural & Environment",SLSMF,Scheme for Loan and Subsidy for Manure and Fertilizer-DNH&DD,What is Scheme for Loan and Subsidy for Manure and Fertilizer-DNH&DD?,The scheme aims to promote fertiliser use for higher productivity. Subsidy-cum-loan assistance is provided in kind to small and marginal farmers.,"Cultivator, Farmer, Subsidy, Loan, Small Farmers, Marginal Farmers, Scheduled Castes, Scheduled Tribes, Agriculture,Rural & Environment",State,https://www.myscheme.gov.in/schemes/slsmf
262,"Agriculture,Rural & Environment",NMNF,National Mission on Natural Farming,What is National Mission on Natural Farming?,"The scheme aims to promote natural farming practices through capacity building, training, certification, and financial assistance for on-farm input production infrastructure, thereby reducing cultivation costs and increasing farmers' income.","Natural Farming, Agro Ecology, Chemical-free Farming, Agriculture,Rural & Environment",Ministry Of Agriculture and Farmers Welfare,https://www.myscheme.gov.in/schemes/nmnf
263,"Agriculture,Rural & Environment",ISFEPQIISARADOCRSSOSS,Integrated Scheme for Export Promotion & Quality Improvement in Spices and Research and Development of Cardamom: Reintroduced subcomponents:Supply of Silpaulin Sheets (nos),What is Integrated Scheme for Export Promotion & Quality Improvement in Spices and Research and Development of Cardamom: Reintroduced subcomponents:Supply of Silpaulin Sheets (nos)?,"The objective of the scheme is to encourage spice growers to adopt hygienic drying practices by using Silpaulin Sheets, thereby improving the quality of spices.","Agriculture, Spices Growers, Farmer, Farming, Agriculture,Rural & Environment",Ministry Of Commerce And Industry,https://www.myscheme.gov.in/schemes/isfepqiisaradocrssoss
264,"Agriculture,Rural & Environment",ISFEPQISARADOCNSFFREISHFIT,Integrated Scheme for Export Promotion & Quality Improvement in Spices and Research and Development of Cardamom: New Subcomponents:FRESH-IT (Farmer’s Research & Enterprise in Spice Holdings for Innovative Technology),What is Integrated Scheme for Export Promotion & Quality Improvement in Spices and Research and Development of Cardamom: New Subcomponents:FRESH-IT (Farmer’s Research & Enterprise in Spice Holdings for Innovative Technology)?,"To encourage spice farmers to adopt innovative technologies and develop improved spice varieties and cost-effective post-harvest machinery to enhance the production, productivity, and quality of spices.","Farming, Farmer, Enterprise, Technology, Agriculture,Rural & Environment, Business & Entrepreneurship, Banking,Financial Services and Insurance",Ministry Of Commerce And Industry,https://www.myscheme.gov.in/schemes/isfepqisaradocnsffreishfit
265,"Agriculture,Rural & Environment",ISFEPQISARADOCNSWBISFSC,Integrated Scheme for Export Promotion & Quality Improvement in Spices and Research and Development of Cardamom: New Subcomponents:Weather Based Insurance Scheme for small cardamom,What is Integrated Scheme for Export Promotion & Quality Improvement in Spices and Research and Development of Cardamom: New Subcomponents:Weather Based Insurance Scheme for small cardamom?,"To protect small cardamom growers against the adverse weather incidences such as deficit or excess rainfall, heat (temperature), relative humidity, etc. which are deemed to adversely affect the production.","Agricultural, Farmer, Small Cardamom, Weather Based, Agriculture,Rural & Environment",Ministry Of Commerce And Industry,https://www.myscheme.gov.in/schemes/isfepqisaradocnswbisfsc
266,"Agriculture,Rural & Environment",ISPIMSFSC,Implementation of Scheme for Providing Implements/Machinery on Subsidy to the Farmers of Scheduled Caste Category (SB-89),What is Implementation of Scheme for Providing Implements/Machinery on Subsidy to the Farmers of Scheduled Caste Category (SB-89)?,"The scheme aims to improve agricultural mechanization among scheduled caste farmers, enhance farm income, and enable them to access other mechanization schemes that require tractor ownership.","Subsidy, Farmer, Scheduled Caste, Tractor, Machinery, Agriculture,Rural & Environment",State,https://www.myscheme.gov.in/schemes/ispimsfsc
267,"Agriculture,Rural & Environment",Feed The Seed,Feed The Seed,What is Feed The Seed?,"The ""Feed for Seed"" program is an initiative launched by the Government of Telangana in India, aimed at promoting agriculture and supporting farmers in the state. The program is designed to encourage farmers to produce their own seeds by providing them with free, high-quality seeds of various crops.","Feed For Seed, Seed Village, State Seed Development Corporation, Agriculture,Rural & Environment",State,https://www.myscheme.gov.in/schemes/feed-the-seed
268,"Agriculture,Rural & Environment",IARIS,Indian Agricultural Research Institute - Scholarship,What is Indian Agricultural Research Institute - Scholarship?,The Indian Agricultural Research Institute (IARI) Junior and Senior Scholarship shall be awarded to M.Sc. and Ph.D. students admitted under General Open Competition Scheme.,"IARI, Scholarship, Education, PhD, Agriculture,Rural & Environment, Education & Learning",Ministry Of Agriculture and Farmers Welfare,https://www.myscheme.gov.in/schemes/iaris
269,"Agriculture,Rural & Environment",KALIA,Krushak Assistance For Livelihood And Income Augmentation,What is Krushak Assistance For Livelihood And Income Augmentation?,"Through the implementation of Krushak Assistance for Livelihood and Income Augmentation - KALIA Scheme , the State Government aims to lend farmers with an all inclusive and flexible support system, ensuring accelerated agricultural prosperity.","KALIA, Farmers, Cultivators, Financial Assistance, Agriculture, Agriculture,Rural & Environment",State,https://www.myscheme.gov.in/schemes/kalia
270,"Agriculture,Rural & Environment",KVDGSSY,Karma Veer Dadasaheb Gaikwad Sabalikaran & Swabhiman Yojana,What is Karma Veer Dadasaheb Gaikwad Sabalikaran & Swabhiman Yojana?,"The main objective of this scheme is to improve the financial condition of the scheduled castes and Nav-Buddhists who are landless workers and are from ""Below Poverty Line"". Only citizens who are permanent residents of Maharashtra are eligible. This scheme is 100% funded by the State Govt.","Loan, Subsidy, Below Poverty Line, Scheduled Caste, Financial Assistance, Agriculture,Rural & Environment, Banking,Financial Services and Insurance, Social welfare & Empowerment",State,https://www.myscheme.gov.in/schemes/kvdgssy
271,"Agriculture,Rural & Environment",CM-SKY,Chief Minister’s Shasakt Kisan Yojana,What is Chief Minister’s Shasakt Kisan Yojana?,"The Govt. of Arunachal Pradesh started the scheme “Chief Minister’s Shasakt Kisan Yojana (CM-SKY)” for uplifting the status of women, marginal and small farmers of the State for self-employment generation & commercialization of Horticulture activities to double their income.","Farmer, Horticulture, Self-employment, Tea, Rubber, Financial Assistance, Agriculture,Rural & Environment",State,https://www.myscheme.gov.in/schemes/cm-sky
272,"Agriculture,Rural & Environment",GNY,Godhan Nyay Yojana,What is Godhan Nyay Yojana?,"Godhan Nyay Yojana is a scheme launched by the Government of Chhattisgarh on 20 July 2020. Under this scheme, cow dung will be purchased by the state government from the cattle-rearing farmers.","Cattle Herders, New Employment, Cow Protection, Organic Fertilizers, Agriculture,Rural & Environment",State,https://www.myscheme.gov.in/schemes/gny
273,"Agriculture,Rural & Environment",MTC,Motorisation Of Traditional Crafts,What is Motorisation Of Traditional Crafts?,"The scheme “Motorisation of Traditional Crafts” was launched by the Department of Fisheries & Animal Resources Development, Government of Odisha to increase the income and livelihoods of traditional fishermen by motorizing their traditional non-motorized crafts.","Fishermen, Fish, Crafts, Financial Assistance, Boat, Agriculture,Rural & Environment",State,https://www.myscheme.gov.in/schemes/mtc
274,"Agriculture,Rural & Environment",LSMFDFBP,Livelihood Support To Marine Fishermen During Fishing Ban Period,What is Livelihood Support To Marine Fishermen During Fishing Ban Period?,"Livelihood Support to Marine Fishermen during the Fishing Ban Period scheme under the Department of Fisheries & Animal Resources Development, Government of Odisha aims to support the livelihood of marine fisher families.","Fishermen, Livelihood, Financial Assistance, Agriculture,Rural & Environment",State,https://www.myscheme.gov.in/schemes/lsmfdfbp
275,"Agriculture,Rural & Environment",CMKRY,Chief Minister's Krishi Rinn Yojana,What is Chief Minister's Krishi Rinn Yojana?,The Government of Arunachal Pradesh has introduced The Chief Minister's Krishi Rinn Yojana (CMKRY) with the aim of providing a zero interest crop loan facility to farmers of the state to enable them easy access to formal credit through banking channels.,"Farmers, Crop Loan, Zero Interest, Agriculture,Rural & Environment, Banking,Financial Services and Insurance",State,https://www.myscheme.gov.in/schemes/cmkry
276,Social welfare & Empowerment,OMPS,Opening And Maintenance Of Public School (Vidya Niketan) For Vimukta Jatis And Nomadic Tribes,What is Opening And Maintenance Of Public School (Vidya Niketan) For Vimukta Jatis And Nomadic Tribes?,"The Government of Maharashtra has introduced a scheme ""Opening And Maintenance Of Public School (Vidya Niketan) For Vimukta Jatis And Nomadic Tribes"" to voluntary organizations to run the Public School (Vidya Niketan) on a grant-in-aid basis.","Vidya Niketan, Education, Public School, Vimukta Jatis And Nomadic Tribes, Social welfare & Empowerment, Education & Learning, Agriculture,Rural & Environment",State,https://www.myscheme.gov.in/schemes/omps
277,"Agriculture,Rural & Environment",HKPY,Him Kukkut Palan Yojna,What is Him Kukkut Palan Yojna?,"The scheme “Him Kukkut Palan Yojna” was launched by the Department of Animal Husbandry, Government of Himachal Pradesh to provide the subsidy to the entrepreneurs/farmers who are interested and engaged in poultry farming in the state.","Farmer, Poultry Farming, Subsidy, Self Employment, Agriculture,Rural & Environment, Business & Entrepreneurship",State,https://www.myscheme.gov.in/schemes/hkpy
278,"Agriculture,Rural & Environment",PIATIBFT,Promotion Of Intensive Aquaculture Through Introduction Of Bio-floc Technology During The Year 2021-22,What is Promotion Of Intensive Aquaculture Through Introduction Of Bio-floc Technology During The Year 2021-22?,The government of Odisha introduced Bio-floc-based farming and aims to promote sustainable intensification of freshwater fish and brackish water shrimp farming for boosting productivity and generating high income in a limited area.,"Bio-Floc, Farming, Fish, Shrimp, Odisha, Agriculture,Rural & Environment",State,https://www.myscheme.gov.in/schemes/piatibft
279,"Agriculture,Rural & Environment",PMKSY:PDMC,Pradhan Mantri Krishi Sinchayee Yojana: Per Drop More Crop,What is Pradhan Mantri Krishi Sinchayee Yojana: Per Drop More Crop?,"The scheme “Pradhan Mantri Krishi Sinchayee Yojana: Per Drop More Crop” was launched by the Dept. of Agriculture & Farmers Welfare, Ministry of Agriculture & Farmers Welfare, Govt. of India on 1st July 2015. The scheme mainly focuses on water use efficiency at farm level through Micro Irrigation.","Agriculture, Crop, Farmer, Irrigation, Water Harvesting, Water Management, Agriculture,Rural & Environment",Ministry Of Agriculture and Farmers Welfare,https://www.myscheme.gov.in/schemes/pmksypdmc
280,"Agriculture,Rural & Environment",AGR2(FM)SFOTSCST,AGR 2 (Farm Mechanization) Scheme Of Farmers Other Than SC/ST,What is AGR 2 (Farm Mechanization) Scheme Of Farmers Other Than SC/ST?,"The scheme “AGR 2 (Farm Mechanization) Scheme of Farmers Other Than SC/ST” was started by the Department of Agriculture, Farmers Welfare & Co-operation, Government of Gujarat.","Farmer, Agriculture, Equipment, Mechanization, Financial Assistance, Agriculture,Rural & Environment",State,https://www.myscheme.gov.in/schemes/agr2fmsfotscst
281,"Agriculture,Rural & Environment",SSEG10SCP,Subsidy Scheme For Establishment Of Goat Unit (10+1) For Scheduled Caste People,What is Subsidy Scheme For Establishment Of Goat Unit (10+1) For Scheduled Caste People?,"The scheme “Subsidy Scheme for Establishment of Goat Unit (10+1) for Scheduled Caste People” was launched by the Dept. of Agriculture, Farmers Welfare & Co-operation, Government of Gujarat to uplift economically poor livestock breeders of Gujarat State.","Scheduled Caste, Goat, Subsidy, Milk Production, Employment, Agriculture,Rural & Environment, Business & Entrepreneurship",State,https://www.myscheme.gov.in/schemes/sseg10scp
282,"Agriculture,Rural & Environment",SSST-PTS,Stipend Scheme For Scheduled Tribes - Poultry Training Stipend,What is Stipend Scheme For Scheduled Tribes - Poultry Training Stipend?,"The scheme “Stipend Scheme for Scheduled Tribes - Poultry Training Stipend” was launched by the Department of Agriculture, Farmers Welfare & Co-operation, Government of Gujarat to raise the income of poultry farmers of Schedule Tribes through scientific poultry farming training.","Poultry Farming, Scheduled Tribe, Stipend, Training, Cash Assistance, Agriculture,Rural & Environment, Skills & Employment",State,https://www.myscheme.gov.in/schemes/ssst-pts
283,"Agriculture,Rural & Environment",GRAS,Gopal Ratna Award Scheme,What is Gopal Ratna Award Scheme?,"""Gopal Ratna Award Scheme"" intends to appreciate the achievement of Dairy Farmers for the highest individual milk production by undertaking scientific Dairy Farming in the State of Goa and encouraging youth to take up the Dairy Business.","Milk, Animal, Husbandry, Award, Farming, Dairy, Agriculture,Rural & Environment",State,https://www.myscheme.gov.in/schemes/gras
284,"Agriculture,Rural & Environment",FAMCOFG,Financial Assistance to Mussel Culture and Oyster Farming in Goa,What is Financial Assistance to Mussel Culture and Oyster Farming in Goa?,"“Financial Assistance to Mussel Culture and Oyster Farming in Goa” is a scheme by the Dept. of Fisheries, Govt. of Goa. Through this scheme, financial assistance is provided to eligible fishermen for setting up units in estuarine waters, and in open sea. Only offline applications are accepted.","Fishermen, Fish, Aquaculture, Subsidy, Financial Assistance, Agriculture,Rural & Environment",State,https://www.myscheme.gov.in/schemes/famcofg
285,"Agriculture,Rural & Environment",FGRMB-FAASCDMF,"""Financial Grant for Reactivation of Mechanised Boats"" under ""Financial Assistance for Availing Subsidy Components for the Development of Marine Fisheries""","What is ""Financial Grant for Reactivation of Mechanised Boats"" under ""Financial Assistance for Availing Subsidy Components for the Development of Marine Fisheries""?","The scheme ""Financial Grant for Reactivation of Mechanised Boats"" is introduced by the Govt of Puducherry with the objective of increasing marine fish production by extending financial grants for the reactivation of wooden/steel mechanized boats.","Boat, Grant, Financial Assistance, Fisheries, Fisherman, Agriculture,Rural & Environment",State,https://www.myscheme.gov.in/schemes/fgrmb-faascdmf
286,"Agriculture,Rural & Environment",SPFRPCVWNMPCN-FAASCDMF,"""Subsidy for the Purchase of Fiber-reinforced Plastic Cattamaran/ Vallam/ Wooden Nava/ Marine Plywood Canoe With Nets"" under ""Financial Assistance for Availing Subsidy Components for the Development of Marine Fisheries""","What is ""Subsidy for the Purchase of Fiber-reinforced Plastic Cattamaran/ Vallam/ Wooden Nava/ Marine Plywood Canoe With Nets"" under ""Financial Assistance for Availing Subsidy Components for the Development of Marine Fisheries""?","The scheme ""Subsidy for the Purchase of Fiber-reinforced Plastic Cattamaran/ Vallam/ Wooden Nava/ Marine Plywood Canoe With Nets"" is introduced to increase marine fish production by extending subsidies to the fishermen for the procurement of fiber-reinforced plastic vallam with nets.","Subsidy, Boat, Fisherman, Financial Assistance, Procurement, Agriculture,Rural & Environment",State,https://www.myscheme.gov.in/schemes/spfrpcvwnmpcn-faascdmf
287,"Agriculture,Rural & Environment",MMKY-NTEBWA,MMKY-New Tank Excavation Under Brackish Water Aquaculture,What is MMKY-New Tank Excavation Under Brackish Water Aquaculture?,"The State plan scheme “MMKY-New Tank Excavation Under Brackish Water Aquaculture” was launched by the Fisheries & Animal Resources Development Department, Government of to promote farmers and entrepreneurs to take up Brackish water aquaculture.","Tank Excavation, Brackish, Maschyajibi, Fish Production, Shrimp Exports, Fish Exports, Subsidy Assistance, Agriculture,Rural & Environment",State,https://www.myscheme.gov.in/schemes/mmky-ntebwa
288,"Agriculture,Rural & Environment",MMKY-FANBEN,"MMKY-Financial Assistance for New Boat, Engine, and Net","What is MMKY-Financial Assistance for New Boat, Engine, and Net?","The State plan scheme “MMKY-Financial Assistance for New Boat, Engine, and Net” was launched by the Fisheries & Animal Resources Development Department, Government of Odisha in order to increase the marine fish production and to enhance incomes and livelihoods of the marine fishers.","Financial Assistance, Boat, Engine, Net, Maschyajibi, Fish, Fisherman, Agriculture,Rural & Environment",State,https://www.myscheme.gov.in/schemes/mmky-fanben
289,"Agriculture,Rural & Environment",AASFSV,Aushadhi Avam Sugandhit Fasal Shetra Vistar,What is Aushadhi Avam Sugandhit Fasal Shetra Vistar?,"Under the Scheme To increase production and productivity by expanding the area of ​​quality, high-yielding, short-duration medicinal and aromatic species.","Farming, Farmer, Farm, Land, Agriculture,Rural & Environment",State,https://www.myscheme.gov.in/schemes/aasfsv
290,"Agriculture,Rural & Environment",IHDPDA,Integrated Horticultural Development Program Through Diversification of Agriculture,What is Integrated Horticultural Development Program Through Diversification of Agriculture?,"Through this scheme, the farmers are provided subsidies through DBT mode for Organic Manures for Coconut Palms, Tools and Implements for Agricultural Purposes, Mud Pots or Cement Pots, Plant Protection Chemicals, Motor Pumpset for Irrigation Purposes, Biogas Unit, Planting Materials, etc.","Horticulture, Subsidy, Farmer, DBT, Agriculture,Rural & Environment",State,https://www.myscheme.gov.in/schemes/ihdpda
291,"Agriculture,Rural & Environment",NAMO SHETKARI MAHASANMAN NIDHI YOJANA,Namo Shetkari Mahasanman Nidhi Yojana,What is Namo Shetkari Mahasanman Nidhi Yojana?,"To increase the income of farmers, State government has announced ""Namo Shetkari Mahasanman Nidhi Yojana"" in which cultivable land holding farmer families of the state will get an additional amount of Rs. 6000/- per year (along with Rs. 6000/- through Pradhan Mantri Kisan Samman Nidhi Yojana","PM KISAN TOP UP, Direct Benefit Transfer, Agriculture Land Holder, Family Scheme, Agriculture,Rural & Environment",State,https://www.myscheme.gov.in/schemes/namo-shetkari-mahasanman-nidhi-yojana
292,"Agriculture,Rural & Environment",SSVY,Sabji Shetra Vistar Yojana,What is Sabji Shetra Vistar Yojana?,"Under the Sabji Shetra Vistar yojana, selection of vegetables through quality high yielding varieties to expand the area of crops and increase production.","Farming, Farmer, Financial Benefits, Farming Land, Vegetable, Agriculture,Rural & Environment",State,https://www.myscheme.gov.in/schemes/ssvy
293,"Agriculture,Rural & Environment",STLSMEGHALAYA,Seed Testing Laboratory Scheme,What is Seed Testing Laboratory Scheme?,The objective of the scheme is to assist seed testing services to farmers to ensure the viability and purity of seed to be sown.,"Seed Testing, Laboratory, Farmer, Agriculture, Agriculture,Rural & Environment",State,https://www.myscheme.gov.in/schemes/stlsmeghalaya
294,"Agriculture,Rural & Environment",IAFFFFP-MMKY,"""Input Assistance to Farmers for Taking up Fish Farming in Farm Ponds"" Component of the ""Mukhyamantri Maschyajibi Kalyan Yojana"" Scheme","What is ""Input Assistance to Farmers for Taking up Fish Farming in Farm Ponds"" Component of the ""Mukhyamantri Maschyajibi Kalyan Yojana"" Scheme?","The objective of this scheme is to increase the inland fish production, and to enhance the income of farmers in the State though aquaculture. Input assistance is provided to the farmers who have excavated farm ponds under MGNREGA for facilitating the production of fingerling and fish.","Farmer, Fisheries, Seed, Subsidy, Fertilizer, Pond, Agriculture,Rural & Environment",State,https://www.myscheme.gov.in/schemes/mmky-iaftufffp
295,"Agriculture,Rural & Environment",SFS,Seed Farms Scheme,What is Seed Farms Scheme?,"The objective of the scheme is the production of high-quality seeds of cereals, pulses, oilseeds, etc. and for raising Horticultural seedlings such as orange, coconut, arecanut etc. for distribution to cultivators.","Seed, Farms, Agriculture, Farmer, Horticultural Seedlings, Cultivator, Agriculture,Rural & Environment",State,https://www.myscheme.gov.in/schemes/sfs
296,"Agriculture,Rural & Environment",OAPSUCMUPT,Old Age Pension Scheme under Chief  Minister’s Uzhavar Padhukappu Thittam,What is Old Age Pension Scheme under Chief  Minister’s Uzhavar Padhukappu Thittam?,"The 'Old Age Pension Scheme under Chief Minister’s Uzhavar Padhukappu Thittam' is a state scheme. The scheme aims to give a pension of ₹1,000/- to old-age farmers and destitute agricultural labourers who have membership card under CMPUT.","Farmers, Pension, Financial Assistance, Senior Citizen, Labour, Agriculture,Rural & Environment, Social welfare & Empowerment",State,https://www.myscheme.gov.in/schemes/oapsucmupt
297,"Agriculture,Rural & Environment",FTIS,Farmers Training Institute Scheme,What is Farmers Training Institute Scheme?,The objective of the scheme is to provide training to farmers at the village level on updated and innovative agriculture technology. The Training Institute facilitates exposure visits for farmers to agriculturally advanced states.,"Farmer, Training Institute, Training, Agriculture, Agriculture Technology, Agriculture,Rural & Environment",State,https://www.myscheme.gov.in/schemes/ftis
298,"Agriculture,Rural & Environment",MDCAS,Maize Development through Cluster Approach Scheme,What is Maize Development through Cluster Approach Scheme?,The objectives of the scheme is to increase food grain production in order to attain self-sufficiency by growing high yielding varieties of maize and also by adopting the crop and location specific production technology.,"Agriculture, Farmer, Maize, Quality Seeds, Agriculture,Rural & Environment",State,https://www.myscheme.gov.in/schemes/mdcas
299,"Agriculture,Rural & Environment",VI,Vermicompost Ikai,What is Vermicompost Ikai?,"In the Vermicompost Ikai scheme, provide subsidies to farmers and Organic fertilizer is a systematic pest-nutrition process in which the soil is made fertile by absorbing other organic substances present within the soil.","Farmer, Fertilizer, Agriculture, Agriculture,Rural & Environment",State,https://www.myscheme.gov.in/schemes/vi
300,"Agriculture,Rural & Environment",SH,Shednet House,What is Shednet House?,"The Shednet House provided subsidies to farmers so they could earn more income by cultivating horticultural crops like vegetables, flowers, fruits, etc. by controlling the agro-climatic factors, temperature, humidity, and sunlight.","Farmer, Shednet House, Farming, Agriculture, Agriculture,Rural & Environment",State,https://www.myscheme.gov.in/schemes/sh
301,"Agriculture,Rural & Environment",FMSCSP(SCC),Fodder Minikits under Schedule Castes Sub Plan (SC Category),What is Fodder Minikits under Schedule Castes Sub Plan (SC Category)?,"The scheme “Fodder Minikits under Schedule Castes Sub Plan” is implemented by the Directorate of Animal Husbandry, Government of Gujarat to provide an improved variety of fodder seeds to Scheduled Castes beneficiaries for widespread publicity, demonstration, and adaptation by farmers.","Farmer, Scheduled Caste, Fodder Minikits, Seed, Agriculture,Rural & Environment",State,https://www.myscheme.gov.in/schemes/fmscspscc
302,"Agriculture,Rural & Environment",APDCCSTASP(STC),Assistance for Power Driven Chaff Cutter Scheme under Tribal Area Sub Plan (TASP- ST Category),What is Assistance for Power Driven Chaff Cutter Scheme under Tribal Area Sub Plan (TASP- ST Category)?,"The scheme provides financial assistance to dairy farmers belonging to ST category on purchase of electric powered chaff cutters. By using power driven chaff cutter, dairy farmers can reduce wastage of green & dry fodder which is economically important for their profitable dairy farming.","Chaff Cutter, Scheduled Tribe, TASP, Dairy Farming, Fodder, Subsidy, Agriculture,Rural & Environment",State,https://www.myscheme.gov.in/schemes/apdccstaspstc
303,"Agriculture,Rural & Environment",EEBDSRS,Establishment of Entrepreneur for Breed Development in Small Ruminant Sector (Sheep and Goat Farming),What is Establishment of Entrepreneur for Breed Development in Small Ruminant Sector (Sheep and Goat Farming)?,"The scheme for the ""Establishment of Entrepreneurs for Breed Development in the Small Ruminant Sector (Sheep and Goat Farming)"" falls under the Sub-mission on Breed Development of Livestock and Poultry. The Entrepreneurs / Eligible Entities can establish sheep and goat breeding unit.","Entrepreneur, Breed, Investment, Subsidy, Sheep, Goat, Agriculture,Rural & Environment","Ministry of Fisheries,Animal Husbandry and Dairying",https://www.myscheme.gov.in/schemes/eebdsrs
304,"Agriculture,Rural & Environment",PCWFSF,Pipes Carrying Water From Source To Field,What is Pipes Carrying Water From Source To Field?,"The scheme provides subsidies to farmers for installing pipes to carry water from the source to their fields, offering a 50% subsidy or up to ₹15,000/- for pipes (up to 800m), including PVC, HDPE, and others.","Agriculture, Farmer, Irrigation, Pipes, Agriculture,Rural & Environment",State,https://www.myscheme.gov.in/schemes/pcwfsf
305,"Agriculture,Rural & Environment",FT,Farmers Training,What is Farmers Training?,The “Farmers Training” scheme provides financial assistance for training sessions involving up to 50 farmers or agricultural laborers per cluster.,"Agriculture, Farmer, Training, Agriculture,Rural & Environment",State,https://www.myscheme.gov.in/schemes/ft
306,"Agriculture,Rural & Environment",SMSOPM,"Seed Multiplication Scheme of Paddy, Millets, Pulses, Oilseeds and Cotton","What is Seed Multiplication Scheme of Paddy, Millets, Pulses, Oilseeds and Cotton?","The “Seed Multiplication Scheme of Paddy, Millets, Pulses, Oilseeds, and Cotton” offers subsidies to farmers to produce seeds under contract with the Department of Agriculture.","Agriculture, Farmer, Seed Multiplication, Paddy, Crops, Agriculture,Rural & Environment",State,https://www.myscheme.gov.in/schemes/smsopm
307,"Agriculture,Rural & Environment",POFS,Production of Foundation Seeds,What is Production of Foundation Seeds?,"The ""Production of Foundation Seeds"" scheme, provides subsidies to farmers cultivating seed farms for pulses, offering specific benefits to SC/ST farmers and farm women.","Agriculture, Farmer, Seed Production, Foundation Seeds, Agriculture,Rural & Environment",State,https://www.myscheme.gov.in/schemes/pofs
308,"Agriculture,Rural & Environment",PCWFSTFPI,Pipes Carrying Water From Source To Field-Pulses ISPOM,What is Pipes Carrying Water From Source To Field-Pulses ISPOM?,"The scheme provides subsidies to farmers for installing pipes to carry water from the source to their fields, offering a 50% subsidy or up to ₹15,000/- for pipes (up to 800m), including PVC, HDPE, and others.","Agriculture, Farmer, Irrigation, Pipes, Pulses ISPOM, Agriculture,Rural & Environment",State,https://www.myscheme.gov.in/schemes/pcwfstfpi
309,"Banking,Financial Services and Insurance",PCARDAH,Primary Cooperative Agriculture and Rural Development Bank: For Animal Husbandry,What is Primary Cooperative Agriculture and Rural Development Bank: For Animal Husbandry?,"The scheme provides loans to farmers for the purpose of animal husbandry, allowing them to improve their income through livestock.","Animal Husbandry Loan, Agriculture, Farmer, Banking,Financial Services and Insurance, Agriculture,Rural & Environment",State,https://www.myscheme.gov.in/schemes/pcardah
310,"Banking,Financial Services and Insurance",PCARDBIF,Primary Cooperative Agriculture and Rural Development Bank: For Inland Fishing,What is Primary Cooperative Agriculture and Rural Development Bank: For Inland Fishing?,"The scheme offers loans to farmers for inland fishing projects, with a loan amount of up to ₹3,30,000/- per hectare at an interest rate between 11% and 12%.","Inland Fishing, Loan, Farmer, Agriculture And Rural Development Bank, Banking,Financial Services and Insurance, Agriculture,Rural & Environment",State,https://www.myscheme.gov.in/schemes/pcardbif
311,"Agriculture,Rural & Environment",GUSGBL,Goat Unit Scheme On Grants And Bank Loans,What is Goat Unit Scheme On Grants And Bank Loans?,"The scheme provides financial support through grants and bank loans to farmers to purchase (10+1) goat units for milk and meat production. The scheme covers a 40% subsidy for general applicants and 60% for SC/ST beneficiaries, based on a total unit cost of ₹77,456/-.","Animal Husbandry, Agriculture, Loan, Goat Breeding, Agriculture,Rural & Environment",State,https://www.myscheme.gov.in/schemes/gusgbl
312,"Agriculture,Rural & Environment",MKVB,Mushroom Kit Vitaran,What is Mushroom Kit Vitaran?,"The scheme aims to provide subsidized mushroom kits and training to farmers, promoting mushroom cultivation as a sustainable livelihood opportunity.","Agriculture, Subsidy, Plant Supply, Financial Assistance, Mushroom Development, Mushroom Kit, Training, Agriculture,Rural & Environment",State,https://www.myscheme.gov.in/schemes/mkvb
313,"Agriculture,Rural & Environment",GKDKBDTMFKPY,"Grishm Kaleen Dhan Ke Badle Dalhan, Tilhan, Makka Fasal ko Protsahan Yojana","What is Grishm Kaleen Dhan Ke Badle Dalhan, Tilhan, Makka Fasal ko Protsahan Yojana?","The scheme was launched on April 30, 2014,  under the Agriculture Development and Farmer Welfare and Biotechnology Department, Chhattisgarh. The scheme aims to promote the cultivation of pulses, oilseeds, and maize as an alternative to summer rice, helping to conserve groundwater.","Agriculture, Oilseed, Farmer, Crop, Rural, Agriculture,Rural & Environment",State,https://www.myscheme.gov.in/schemes/gkdkbdtmfkpy
314,"Agriculture,Rural & Environment",SSEBBUP,Subsidy Scheme on Establishment of 25 R.I.R. Bird’s unit 40 R.I.R. Bird’s Unit and Stipend for Poultry Farming Training,What is Subsidy Scheme on Establishment of 25 R.I.R. Bird’s unit 40 R.I.R. Bird’s Unit and Stipend for Poultry Farming Training?,"This scheme has been introduced by the Agriculture, Farmers Welfare and Cooperation Department, Gujarat. It aims to provide financial assistance and training to economically weaker sections and Divyang individuals in Gujarat for poultry farming.","Agriculture, Poultry Farming, Birds Unit, Agriculture,Rural & Environment",State,https://www.myscheme.gov.in/schemes/ssebbup
315,"Agriculture,Rural & Environment",PNAOIF,Providing Navigational Aids and Other Infrastructure Facilities,What is Providing Navigational Aids and Other Infrastructure Facilities?,"This scheme has been introduced by the Agriculture, Farmers Welfare and Cooperation Dept., Gujarat. It aims to support fishermen by providing financial assistance for purchasing essential fishing equipment, life-saving gear, and infrastructure to enhance safety, efficiency, and fish preservation.","Agriculture, Fishing Activities, Ice Plant, Cold Storage, Agriculture,Rural & Environment",State,https://www.myscheme.gov.in/schemes/pnaoif
316,"Agriculture,Rural & Environment",EMADU,Establishment of 50 Milch Animals Dairy Unit,What is Establishment of 50 Milch Animals Dairy Unit?,"The ""Establishment of 50 Milch Animals Dairy Unit"" scheme introduced by the Agriculture, Farmers Welfare and Cooperation Department, Gujarat, aims to provide financial aid to livestock owners for setting up dairy farms, ensuring sustainable dairy production.","Animal Husbandry, Dairy Unit, Cattle Development, Livestock Farming, Self Employment, Agriculture,Rural & Environment",State,https://www.myscheme.gov.in/schemes/emadu
317,"Agriculture,Rural & Environment",IHDPSSCF,Integrated Horticulture Development Plan Scheme for Scheduled Caste Families,What is Integrated Horticulture Development Plan Scheme for Scheduled Caste Families?,"Under this scheme, Scheduled Caste farmers will be provided with quality planting material and other inputs for mushroom cultivation, bamboo stacking in vegetables, and protected cultivation with a subsidy of up to 90%. Additionally, training will be offered on various aspects of these practices.","Horticulture, Scheduled Caste, Farmer, Subsidy, Vegetable Cultivation, Mushroom Cultivation, Crop Husbandary, Agriculture,Rural & Environment",State,https://www.myscheme.gov.in/schemes/ihdpsscf
318,"Agriculture,Rural & Environment",SPATSP,Scheme to Provide Financial Assistance to Purchase Solar Power Unit/Kit for Solar Fencing around the Farm,What is Scheme to Provide Financial Assistance to Purchase Solar Power Unit/Kit for Solar Fencing around the Farm?,"This scheme has been introduced by the Agriculture, Farmers Welfare and Cooperation Department, Gujarat. It aims to provide financial assistance to farmers for purchasing solar power units/kits for solar fencing around their farms to protect crops from damage caused by wild and stray animals.","Agriculture, Farmer, Solar Power Unit, Agriculture,Rural & Environment",State,https://www.myscheme.gov.in/schemes/spatsp
319,"Agriculture,Rural & Environment",UADTAS,Use of Advanced Drone Technology (Agriculture Aircraft) in Agriculture Sector,What is Use of Advanced Drone Technology (Agriculture Aircraft) in Agriculture Sector?,"The scheme ""Use of Advanced Drone Technology (Agriculture Aircraft) in Agriculture Sector"" introduced by the Agriculture, Farmers Welfare and Cooperation Dept., Gujarat, aims to promote the use of advanced drone technology for spraying crop protection chemicals and bio-fertilizers, etc.","Agriculture, Farmer, Drone Technology, Crop Protection Chemicals, Fertilizers, Agriculture,Rural & Environment",State,https://www.myscheme.gov.in/schemes/uadtas
320,"Agriculture,Rural & Environment",DBWA,Development of Brackish Water Aquaculture,What is Development of Brackish Water Aquaculture?,"The scheme ""Development of Brackish Water Aquaculture"" introduced by the Agriculture, Farmers Welfare and Cooperation Department, Gujarat, aims to support the development of brackish water aquaculture through financial assistance for infrastructure, equipment, and modern shrimp farming techniques.","Agriculture, Fishing Activities, Fishermen, Aquaculture, Agriculture,Rural & Environment",State,https://www.myscheme.gov.in/schemes/dbwa
321,"Agriculture,Rural & Environment",ACFPAST,Assistance of Concentrate Feed for Pregnant Animals (Scheduled Tribe Category),What is Assistance of Concentrate Feed for Pregnant Animals (Scheduled Tribe Category)?,"This scheme provides free BIS type II concentrate feed to pregnant cattle owned by Scheduled Tribe Category livestock owners in Gujarat to ensure their good health, boost immunity, prevent metabolic diseases, and enhance milk production.","Animal Husbandry, Pregnant Cattle, Milk Production, Agriculture,Rural & Environment",State,https://www.myscheme.gov.in/schemes/acfpast
322,"Agriculture,Rural & Environment",EPVUK,Establishment of Poultry Valley,What is Establishment of Poultry Valley?,"The scheme aims to promote sustainable and organized poultry farming among cooperative society members, especially women, by providing financial and technical support for poultry rearing, thereby enhancing income generation and livelihood opportunities in the state.","Chicks, MPACS, Poultry Farming, Poultry Valley, Loan, Agriculture,Rural & Environment",State,https://www.myscheme.gov.in/schemes/kgsuk
323,"Agriculture,Rural & Environment",GPYUK,Gau Palan Yojana,What is Gau Palan Yojana?,"The scheme aims to promote cow rearing among eligible Scheduled Caste and Scheduled Tribe beneficiaries, enhancing their livelihood and income generation by providing financial support for cow rearing units.","Cow, Cow Rearing, Scheduled Caste, Scheduled Tribes, Self-employment, Subsidy, Agriculture,Rural & Environment",State,https://www.myscheme.gov.in/schemes/gpyuk
324,"Agriculture,Rural & Environment",ANPYAP,Atma Nirbhar Plantation Yojana,What is Atma Nirbhar Plantation Yojana?,"The scheme aims to promote self-reliance in the agriculture sector through sustainable plantation activities across the state. Under this scheme, support in the form of plantation assistance and allied resources is provided to individual farmers, Self-Help Groups & Farmer Producer Organizations.","Subsidy, Farmer, SHGs, FPO, Loan, Plantation, Agriculture,Rural & Environment, Banking,Financial Services and Insurance",State,https://www.myscheme.gov.in/schemes/anpyap
325,"Banking,Financial Services and Insurance",PMMSYAISUK,Pradhan Mantri Matsya Sampada Yojana: Accident Insurance Scheme - Uttarakhand,What is Pradhan Mantri Matsya Sampada Yojana: Accident Insurance Scheme - Uttarakhand?,"Under this scheme, fish farmers are provided insurance coverage of ₹5 lakh in case of accidental death/total permanent disability, ₹2.5 lakh for partial disability, & ₹50,000 for hospitalization. No premium is required to be paid by fish farmers, entire cost of the insurance is fully borne by Dept.","Insurance, Fish Farmer, Accidental Death, Disability, Fisherman, Banking,Financial Services and Insurance, Agriculture,Rural & Environment",State,https://www.myscheme.gov.in/schemes/ais
326,"Agriculture,Rural & Environment",KUKSY, Krishak Utpadak Kshati Sahayata Yojana,What is Krishak Utpadak Kshati Sahayata Yojana?,"The scheme aims to provide financial assistance and compensation to farmers in the event of loss or damage to crops, livestock, or agricultural land caused by fire, flood, or heavy rains in the notified areas of the state.","Agriculture, Damage Assistance, Farmer, Natural Calamities, Crop Damage, Compensation, Agriculture,Rural & Environment",State,https://www.myscheme.gov.in/schemes/kuksy
327,"Agriculture,Rural & Environment",FIPCS,PMMSY: Ice Plant/Cold Store of Minimum 30-Ton Capacity - Haryana,What is PMMSY: Ice Plant/Cold Store of Minimum 30-Ton Capacity - Haryana?,The subsidy for 30-ton capacity ice plants/cold storage units under Pradhan Mantri Matsya Sampada Yojana (PMMSY) supports the establishment of ice plants or cold storage facilities with a minimum capacity of 30 tons to improve fish preservation and cold chain infrastructure in Haryana.,"Entrepreneurs, Fish Farmers, Cold Chain Infrastructure, Fish Preservation, Agriculture,Rural & Environment, Business & Entrepreneurship, Social welfare & Empowerment",State,https://www.myscheme.gov.in/schemes/sfipcs
328,"Agriculture,Rural & Environment",CNPSAAHR,PMMSY: Construction of New ponds for Saline /Alkaline areas-Haryana,What is PMMSY: Construction of New ponds for Saline /Alkaline areas-Haryana?,"The scheme aims to expand fisheries in various urban and semi-urban areas. Through this scheme, subsidies for the construction of new ponds and central financial assistance for the initial fish crop on newly constructed ponds are provided to beneficiaries.","Construction, Ponds, Fish Crop, Lease, Agriculture,Rural & Environment",State,https://www.myscheme.gov.in/schemes/scnpsaahr
329,"Agriculture,Rural & Environment",SCFKIKAOFHR,PMMSY: Construction of Fish Kiosks Including Kiosks of Aquarium/Ornamental Fish-Haryana,What is PMMSY: Construction of Fish Kiosks Including Kiosks of Aquarium/Ornamental Fish-Haryana?,"The scheme aims to provide central assistance for the construction of fish kiosks, including those for aquarium/ornamental fish.","Subsidy, Aquarium, Ornamental, Construction, Koisks, Agriculture,Rural & Environment, Skills & Employment",State,https://www.myscheme.gov.in/schemes/scfkikaofhr
330,"Agriculture,Rural & Environment",IFFWA,"PMMSY: Inputs for fresh water Aquaculture including Composite fish culture, Scampi, Pangasius, Tilapia etc - Haryana","What is PMMSY: Inputs for fresh water Aquaculture including Composite fish culture, Scampi, Pangasius, Tilapia etc - Haryana?",The scheme under Pradhan Mantri Matsya Sampada Yojana (PMMSY) provides input cost subsidy for freshwater aquaculture in newly constructed ponds to expand fisheries production in Haryana.,"Aquaculture, Fish Farmers, Subsidy, Entrepreneurs, Agriculture,Rural & Environment, Business & Entrepreneurship",State,https://www.myscheme.gov.in/schemes/sfiffwa
331,"Agriculture,Rural & Environment",CNGOPHR,PMMSY: Construction of New Grow Out Ponds - Haryana,What is PMMSY: Construction of New Grow Out Ponds - Haryana?,"The scheme aims to expand fisheries in various urban and semi-urban areas through the construction of new grow-out ponds. Through this scheme, subsidies are provided for the construction of new grow-out ponds to beneficiaries who are engaged in fisheries.","Subsidy, Fish, Farming, PMMSY, Ponds, Agriculture,Rural & Environment",State,https://www.myscheme.gov.in/schemes/cngophr
332,"Agriculture,Rural & Environment",SWSCFFSS2Y5YLM,Scheme for the Welfare of Schedule Caste Families in Fisheries Sector: Subsidy on 2nd Year to 5th Year Lease Money,What is Scheme for the Welfare of Schedule Caste Families in Fisheries Sector: Subsidy on 2nd Year to 5th Year Lease Money?,The objective of the scheme is to provide full-time employment to individuals from Scheduled Caste families in the fisheries sector and uplift their economic status by promoting fish farming through financial assistance for leasing Panchayati ponds or watershed areas.,"Subsidy, Fish Farming, Scheduled Caste, Fisheries, Lease, Fish, Agriculture,Rural & Environment",State,https://www.myscheme.gov.in/schemes/so2yt5ylm
333,"Agriculture,Rural & Environment",PMMSYSBEGUJ,Pradhan Mantri Matsya Sampada Yojana (PMMSY-Inland): Small Biofloc Establishment Gujarat,What is Pradhan Mantri Matsya Sampada Yojana (PMMSY-Inland): Small Biofloc Establishment Gujarat?,The scheme aims to increase inland fish production and generate employment through innovative fish farming techniques like Biofloc and RAS.,"Fish Farming, Biofloc, Recirculating Aquaculture System, Fish, Small Biofloc Establishment, Agriculture,Rural & Environment",State,https://www.myscheme.gov.in/schemes/pmmsysbeguj
334,"Agriculture,Rural & Environment",NMSA-RADG,National Mission for Sustainable Agriculture - Reinforced Area Development,What is National Mission for Sustainable Agriculture - Reinforced Area Development?,"The scheme ""National Mission for Sustainable Agriculture - Reinforced Area Development"" aims to promote sustainable agriculture through improved agronomic practices, efficient resource use, and integrated farming systems by providing financial support to all farmers.","Agriculture, Soil Health, Crop Diversification, Integrated Farming, Agriculture,Rural & Environment",State,https://www.myscheme.gov.in/schemes/nmsa-radg
335,"Agriculture,Rural & Environment",SFVPTPHDF,Scheme for Fruit and Vegetable Preservation and Training Program in Horticulture Department HRT 5,What is Scheme for Fruit and Vegetable Preservation and Training Program in Horticulture Department HRT 5?,"The ""Scheme for Fruit and Vegetable Preservation and Training Program in Horticulture Department HRT 5"" aims to enhance the skills of women through training on value addition, preservation, and kitchen gardening of horticultural produce, while also providing a daily stipend and training support.","Horticultural Training, Fruit Preservation, Women Empowerment, Kitchen Gardening, Stipend, Agriculture,Rural & Environment, Skills & Employment",State,https://www.myscheme.gov.in/schemes/sfvptphdf
336,"Agriculture,Rural & Environment",AFPC,Assistance for Protected Cultivation,What is Assistance for Protected Cultivation?,"The scheme “Assistance for Protected Cultivation” by the Agriculture and Co-operation Department, Government of Gujarat aims to promote protected horticulture practices by providing financial assistance to farmers for mulching, plug nursery, polyhouse, shed net house, and nursery development.","Agriculture, Protected Cultivation, Mulching, Plug Nursery, Subsidy, Agriculture,Rural & Environment",State,https://www.myscheme.gov.in/schemes/afpc
337,"Agriculture,Rural & Environment",DSPVHFAFEFCGUJ,Distribution of Seeds of more productions varieties/ Hybrids varieties Seeds and fertilizer at subsidies etc. to Adivasi farmers in Tribal Area: Agricultural Fair/Exhibition/Farmer Camp Gujarat ,What is Distribution of Seeds of more productions varieties/ Hybrids varieties Seeds and fertilizer at subsidies etc. to Adivasi farmers in Tribal Area: Agricultural Fair/Exhibition/Farmer Camp Gujarat?,"The scheme aims to improve the agricultural productivity and the livelihood of Adivasi farmers. It provides hybrid seeds, fertilizers, equipment, and support for agricultural fairs.","Adivasi Farmers, Crop Production, Farmer Camp, Seeds, Fertilizer, Exhibition, Agricultural Fair, Agriculture,Rural & Environment",State,https://www.myscheme.gov.in/schemes/dspvhfafefcguj
338,"Agriculture,Rural & Environment",NMOEROP,National Mission on Edible Oil- Oil Palm: Replanting of Old Oil Palm Garden,What is National Mission on Edible Oil- Oil Palm: Replanting of Old Oil Palm Garden?,"The scheme component ""Replanting of Old Oil Palm Garden"" launched under the ""National Mission on Edible Oil–Oil Palm"" scheme aims to enhance oil palm production and lower dependency on imports by supporting farmers in uprooting and replanting old oil palm gardens.","Edible Oil, Oil Palm, Oil Palm Replanting, Subsidy, Agriculture,Rural & Environment",State,https://www.myscheme.gov.in/schemes/nmoerop
339,"Agriculture,Rural & Environment",DSMPVHVFPSGUJ,Distribution of Seeds of more productions varieties/ Hybrids varieties Seeds and fertilizer at subsidies etc. to Adivasi farmers in Tribal Area: Pump Set (TASP & OTASP) Gujarat,What is Distribution of Seeds of more productions varieties/ Hybrids varieties Seeds and fertilizer at subsidies etc. to Adivasi farmers in Tribal Area: Pump Set (TASP & OTASP) Gujarat?,The scheme aims to improve agricultural productivity and livelihood. It provides subsidized pump sets and farm inputs to Scheduled Tribe farmers (except Dang district).,"Adivasi Farmers, Crop Production, Livelihood, Seeds, Fertilizer, Subsidies, Pump Set, Agriculture,Rural & Environment",State,https://www.myscheme.gov.in/schemes/dsmpvhvfpsguj
340,"Agriculture,Rural & Environment",DSMPVHFPOPEGUJ,Distribution of Seeds of more productions varieties/ Hybrids varieties Seeds and fertilizer at subsidies etc. to Adivasi farmers in Tribal Area: Power Operated Plant Protection Equipment Gujarat,What is Distribution of Seeds of more productions varieties/ Hybrids varieties Seeds and fertilizer at subsidies etc. to Adivasi farmers in Tribal Area: Power Operated Plant Protection Equipment Gujarat?,The scheme aims to help farmers belonging to scheduled tribes and tribal cultivators residing outside tribal areas achieve higher production of agricultural crops and improve their livelihood.,"Adivasi Farmers, Crop Production, Livelihood, Seeds, Fertilizer, Subsidies, Power Operated Plant Protection Equipment, Agriculture,Rural & Environment",State,https://www.myscheme.gov.in/schemes/dsmpvhfpopeguj
341,"Agriculture,Rural & Environment",NMOEHT,National Mission on Edible Oil- Oil Palm: Harvesting Tools,What is National Mission on Edible Oil- Oil Palm: Harvesting Tools?,"The scheme component ""Harvesting Tools"" launched under the ""National Mission on Edible Oil–Oil Palm"" scheme aims to increase the production of oil palm and reduce its import by providing subsidies for various harvesting tools to farmers in the state.","Edible Oil, Agricultural Equipment Subsidy, Cutter, Wire Mash, Agriculture,Rural & Environment",State,https://www.myscheme.gov.in/schemes/nmoeht
342,"Agriculture,Rural & Environment",PMMSYRVGUJ,PMMSY: Refrigerated vehicles - Gujarat,What is PMMSY: Refrigerated vehicles - Gujarat?,"The scheme aims to provide financial assistance for the purchase of vehicles. Through this scheme, subsidy benefits are provided to general, women, and SC/ST category beneficiaries.","Construction Of Plant, Storage, Fishermen, Fish Sellers, Agriculture,Rural & Environment",State,https://www.myscheme.gov.in/schemes/pmmsyrvguj
343,"Agriculture,Rural & Environment",IGFHALUK,Investment Grant for Farmers with More than 2 Hectares of Agricultural Land,What is Investment Grant for Farmers with More than 2 Hectares of Agricultural Land?,The scheme aims to provide financial assistance to farmers owning more than 2 hectares of agricultural land who suffer crop losses due to natural disasters.,"Agricultural Land, Crop Losses, Natural Calamities, Investment Grant, Farmer, Disaster, Agriculture,Rural & Environment",State,https://www.myscheme.gov.in/schemes/igfhaluk
344,"Agriculture,Rural & Environment",PMRDFS,Prime Minister’s Rural Development Fellows Scheme,What is Prime Minister’s Rural Development Fellows Scheme?,"The scheme aims to provide short term catalytic support to the District Administration in backward districts to improve programme delivery and simultaneously develop a cadre of Development Facilitators. Fellows receive professional experience, structured learning, and a monthly stipend.","Youth, Professional, Fellowship, Rural, Training, Agriculture,Rural & Environment, Skills & Employment",Ministry Of Rural Development,https://www.myscheme.gov.in/schemes/pmrdfs
345,"Agriculture,Rural & Environment",ALCWAA,Compensation for Loss of Life and Property Caused by Wild Animals in and around Forest Areas: Assistance for Loss of Cattle Due to Wild Animal Attacks,What is Compensation for Loss of Life and Property Caused by Wild Animals in and around Forest Areas: Assistance for Loss of Cattle Due to Wild Animal Attacks?,"The scheme aims to provide financial assistance to owners of domestic animals who suffer losses due to attacks by wild animals in forest areas and their surroundings. Under this scheme, a grant ranging from ₹3,000 to ₹40,000 per animal is provided, depending on the species and extent of loss.","Domestic Animals, Wild Animal Attacks, Compensation, Livestock Loss, Loss Of Cattle, Agriculture,Rural & Environment, Social welfare & Empowerment",State,https://www.myscheme.gov.in/schemes/cllpcwaadlwfasr
346,"Agriculture,Rural & Environment",KCCP,Kisan Credit Card (Pashupalan),What is Kisan Credit Card (Pashupalan)?,The scheme aims to provide short-term working capital loans for livestock activities by offering eligible livestock farmers interest-subsidized loans for operational purposes through banks.,"Loan, Livestock, Cooperative Society, Interest Rate, Farmer, Agriculture, Agriculture,Rural & Environment, Banking,Financial Services and Insurance",State,https://www.myscheme.gov.in/schemes/kccp
347,"Agriculture,Rural & Environment",CHDICBWA,Compensation for Human Death or Injury Caused by Wild Animals,What is Compensation for Human Death or Injury Caused by Wild Animals?,The scheme aims to provide financial relief to victims or families affected by wild animal attacks in both urban and rural areas through timely monetary compensation.,"Financial Assistance, Deceased, Injured, Wild Animal, Agriculture,Rural & Environment, Health & Wellness",State,https://www.myscheme.gov.in/schemes/chdicbwa
348,"Agriculture,Rural & Environment",SSISCPP,Special Scheme for Increasing the Storage Capacity of Perishable Products,What is Special Scheme for Increasing the Storage Capacity of Perishable Products?,The scheme aims to increase the storage capacity of perishable products by providing grant assistance for cold storage facilities.,"Cold Storage, Perishable Products, Storage Capacity, Farmer, Agriculture,Rural & Environment",State,https://www.myscheme.gov.in/schemes/ssiscpp
349,"Agriculture,Rural & Environment",SMAMCHCBFUK,Sub-Mission on Agricultural Mechanization (SMAM) for Custom Hiring Centres / Big Farmers - Uttarakhand,What is Sub-Mission on Agricultural Mechanization (SMAM) for Custom Hiring Centres / Big Farmers - Uttarakhand?,"Under this scheme, individual large farmers, farmer groups, cooperatives, self-help groups, and custom hiring centres in the state can purchase agricultural equipment at a subsidized rate, with the Government of India providing a maximum subsidy of 40%.","Farmer, Agricultural, Mechanization, Subsidy, Custom Hiring Centre, Self-help Group, Agriculture,Rural & Environment",State,https://www.myscheme.gov.in/schemes/smamchcbfuk
350,"Agriculture,Rural & Environment",BKGS,Bari (Kitchen Garden) Scheme,What is Bari (Kitchen Garden) Scheme?,The scheme aims to promote kitchen gardening among poor and small/marginal farmers and agricultural laborers living below the poverty line by providing free vegetable seed packets.,"Kitchen Garden, Horticulture, Vegetable Seeds, Farmer, Agriculture,Rural & Environment",State,https://www.myscheme.gov.in/schemes/bkgs
351,"Agriculture,Rural & Environment",EFAP,Exhibition Fair and Publicity,What is Exhibition Fair and Publicity?,"The scheme aims to promote departmental schemes and disseminate information about the technology of fruit, flower, vegetable, and spice crops to farmers through exhibitions and seminars organized at the district and block levels.","Exhibition Fair, Publicity, Horticulture, Agriculture,Rural & Environment",State,https://www.myscheme.gov.in/schemes/efap
352,"Agriculture,Rural & Environment",MPLVY,Madhya Pradesh Lok Vaniki Yojana,What is Madhya Pradesh Lok Vaniki Yojana?,"The scheme aims to provide for the management of tree covered areas located on private land and revenue land under the MP Public Forestry Act, 2001. The scheme benefits landowners, Gram Panchayats, or Gram Sabhas by allowing them to undertake the scientific management of their tree covered areas.","Forest, Management, Village, Panchayat, Trees, Land, Agriculture,Rural & Environment",State,https://www.myscheme.gov.in/schemes/mplvy
353,"Agriculture,Rural & Environment",AS-SEP,Annapurna Scheme: Seed Exchange Programme,What is Annapurna Scheme: Seed Exchange Programme?,"The scheme aims to increase agricultural productivity and production for SC/ST farmers who cannot afford improved seeds. It provides high-yielding improved seed varieties, up to one hectare, in exchange for existing crop or seed, backed by a 75% subsidy with a maximum limit of ₹1,500/-.","Agriculture, Seed, Farmer, Subsidy, Crop, Agriculture,Rural & Environment",State,https://www.myscheme.gov.in/schemes/as-sep
354,"Agriculture,Rural & Environment",ATSSSG,Assistance Towards Sugarcane Supplied By The Sugarcane Growers,What is Assistance Towards Sugarcane Supplied By The Sugarcane Growers?,"The scheme aims to assist Sugarcane Growers to take up sugarcane cultivation in the State of Goa. It provides financial support to farmers cultivating sugarcane, paid based on actual tonnage supplied at the factory weighbridge as per the Fair & Remunerative Price.","Farmer, Sugarcane, Crop, Agriculture, Financial Assistance, Agriculture,Rural & Environment",State,https://www.myscheme.gov.in/schemes/atsssg
355,"Agriculture,Rural & Environment",MKMY,Mukhyamantri Krishak Mitra Yojana,What is Mukhyamantri Krishak Mitra Yojana?,The scheme aims to create necessary infrastructure by the distribution company for providing permanent pump connections to farmers or groups of farmers.,"Agriculture, Farmer, Pump Connection, Agriculture,Rural & Environment, Utility & Sanitation",State,https://www.myscheme.gov.in/schemes/mkmy
356,"Agriculture,Rural & Environment",AS-SPP,Annapurna Scheme: Seed Production Programme,What is Annapurna Scheme: Seed Production Programme?,The scheme aims to enhance the production and economic status of Scheduled Caste and Scheduled Tribe small and marginal farmers. It provides Foundation or Certified Grade I seeds for high-yielding food grain crops with a 75% subsidy to registered farmers operating near Government agricultural farms.,"Agriculture, Seed, Farmer, Subsidy, Crop, Production, Agriculture,Rural & Environment",State,https://www.myscheme.gov.in/schemes/as-spp
357,"Agriculture,Rural & Environment",LMSIPL,Livestock Mission Scheme - Interest Payment on Loan,What is Livestock Mission Scheme - Interest Payment on Loan?,The scheme aims to promote self-employment opportunities at the local level by encouraging livestock-based entrepreneurship and reducing the financial burden on beneficiaries through payment of 90% of the bank loan interest by the State Government.,"Livestock Mission, Interest Payment, Loan, Animal Husbandry, Buffalo, Cow, Sheep, Goat, Poultry, Pig, Agriculture,Rural & Environment",State,https://www.myscheme.gov.in/schemes/lmsipl
358,"Agriculture,Rural & Environment",DPSDS,District Plan - Sugarcane Development Scheme,What is District Plan - Sugarcane Development Scheme?,"The scheme aims to enhance sugarcane productivity & quality in Uttarakhand by providing financial & technical support to farmers for improved seed production, seed & soil treatment, pest & disease management, thereby promoting sustainable farming & strengthening the livelihoods of sugarcane growers.","Sugarcane, Sugar, Sugarcane Seed, Farmer, Soil Treatment, Agriculture,Rural & Environment",State,https://www.myscheme.gov.in/schemes/dpsds
359,"Agriculture,Rural & Environment",RAPF,Registration of Aromatic Plant Farmers - Centre for Aromatic Plants,What is Registration of Aromatic Plant Farmers - Centre for Aromatic Plants?,"The registration ensures that farmers are eligible to access the benefits of all schemes offered by CAP, including state and central government subsidies, technical guidance, training programs, and product clearance support.","Aromatic, Farmer, Aromatic Plants, Registration, Agriculture,Rural & Environment",State,https://www.myscheme.gov.in/schemes/rapf
360,"Agriculture,Rural & Environment",PMMSYUK,Pradhan Mantri Matsya Sampada Yojana - Uttarakhand,What is Pradhan Mantri Matsya Sampada Yojana - Uttarakhand?,"The scheme aims to promote growth of fisheries sector by providing financial assistance & technical support for modern fisheries activities, thereby increasing fish production,improving livelihood opportunities,& encouraging adoption of advanced fisheries infrastructure among eligible beneficiaries.","Fisheries, Subsidy, Fish Farming, Fish Farmer, Fishermen, Agriculture,Rural & Environment",State,https://www.myscheme.gov.in/schemes/pmmsyuk
361,"Agriculture,Rural & Environment",DIS,Drip Irrigation Sprinkler,What is Drip Irrigation Sprinkler?,The scheme aims to promote efficient and sustainable irrigation for horticultural crops by providing farmers with modern irrigation systems and financial subsidies to enhance productivity and water conservation.,"Farmer, Drip Sprinkler, Irrigation System, Drip Irrigation, Sprinkler, Agriculture,Rural & Environment",State,https://www.myscheme.gov.in/schemes/dsuk
362,"Agriculture,Rural & Environment",TIPC,Tubewell Installation /Pond Construction,What is Tubewell Installation /Pond Construction?,"The scheme aims to enhance irrigation facilities for farmers in Uttarakhand by providing financial assistance for the construction of tubewells and ponds, thereby improving water availability, supporting horticultural development, and increasing agricultural productivity.","Tubewell Installation, Pond Construction, Farmer, Irrigation, Agriculture,Rural & Environment",State,https://www.myscheme.gov.in/schemes/tipc
363,"Agriculture,Rural & Environment",MSPAOPCAP,Minimum Support Price for Aromatic Oils/Products - Centre for Aromatic Plants,What is Minimum Support Price for Aromatic Oils/Products - Centre for Aromatic Plants?,The scheme aims to provide registered farmers engaged in aromatic cultivation with a fair price and a guaranteed market for their produce.,"Aromatic Cultivation, Farmer, Aromatic Plants, Minimum Support Price, Aromatic Oil, Agriculture,Rural & Environment",State,https://www.myscheme.gov.in/schemes/mspaopcap
364,"Agriculture,Rural & Environment",SMM,State Millet Mission,What is State Millet Mission?,"The mission aims to promote millet cultivation, ensure fair prices for farmers, and strengthen food security in the state. It seeks to support farmers, particularly in mountain districts, by procuring millet crops such as Mandua and Jhangora at the minimum support price through cooperative groups.","Millet, Farmer, Mandua, Jhangora, Food Security, Agriculture,Rural & Environment",State,https://www.myscheme.gov.in/schemes/smm
365,"Agriculture,Rural & Environment",ASKB,Allotment of Shops in Kisan Bazaar,What is Allotment of Shops in Kisan Bazaar?,The scheme aims to facilitate trade in products other than agricultural produce by providing commercial shops in Kisan Bazaars. The shops are allotted to eligible residents of Uttarakhand through public notices published in newspapers and displayed at public places.,"Farmer Market, Kisan Bazaar, Shop Allotment, Agriculture,Rural & Environment, Business & Entrepreneurship",State,https://www.myscheme.gov.in/schemes/asfm
366,"Agriculture,Rural & Environment",MDVPUK,Mahila Dairy Vikas Pariyojana - Uttarakhand,What is Mahila Dairy Vikas Pariyojana - Uttarakhand?,"The scheme aims to empower rural women in Uttarakhand by promoting their active participation in the dairy sector through Women Milk Producers Cooperative Societies, enhancing milk production, and providing training, incentives, and awareness programs for sustainable livelihood development.","Dairy Development, Woman, Milk Production, Cooperative Society, Training, Milk Procurement, Agriculture,Rural & Environment, Business & Entrepreneurship, Women and Child",State,https://www.myscheme.gov.in/schemes/mddpu
367,"Agriculture,Rural & Environment",SMAMUK,Sub-Mission on Agricultural Mechanization - Uttarakhand,What is Sub-Mission on Agricultural Mechanization - Uttarakhand?,"The scheme aims to encourage farm mechanization purchasing and providing 50% subsidy/financial assistance to SC/ST, small and marginal, and women farmers (of all categories), while 40% subsidy/financial assistance is provided to other (large) farmers.","Farmer, Agricultural, Mechanization, Small Farmer, Marginal Farmer, Subsidy, Farm Equipment, Agriculture,Rural & Environment",State,https://www.myscheme.gov.in/schemes/smamuk
368,"Agriculture,Rural & Environment",SMAEUK,Sub-Mission on Agricultural Extension (SMAE),What is Sub-Mission on Agricultural Extension (SMAE)?,"The scheme aims to promote the adoption of modern and scientific farming practices among farmers across the state through continuous training, practical demonstrations, and exposure visits.","Agricultural, Farmer, SMAE, Kisan Award, Kisan Ratna, Kisan Shri, Agriculture,Rural & Environment",State,https://www.myscheme.gov.in/schemes/smaeuk
369,"Agriculture,Rural & Environment",PKVYUK,Paramparagat Krishi Vikas Yojana - Uttarakhand,What is Paramparagat Krishi Vikas Yojana - Uttarakhand?,"The scheme aims to promote & support organic farming among farmers in Uttarakhand. The scheme provides financial assistance of ₹9,000/- per hectare to farmers for the purchase of organic inputs, including seeds, compost, green manure, biofertilizers, biopesticides, neem oil, etc.","Farmer, Traditional Agriculture, Organic Farming, Agriculture,Rural & Environment",State,https://www.myscheme.gov.in/schemes/pkvyuk
370,"Agriculture,Rural & Environment",FAEUK,Flower Area Expansion,What is Flower Area Expansion?,"The scheme aims to promote and expand flower cultivation by providing cultivators in Uttarakhand access to quality flower planting material at a subsidized cost, thereby increasing flower production and enhancing farmers’ income.","Horticulture, Flower, Flower Planting Material, Farmer, Agriculture,Rural & Environment",State,https://www.myscheme.gov.in/schemes/faeuk
371,"Agriculture,Rural & Environment",FAE,Fruit Area Expansion,What is Fruit Area Expansion?,"The scheme aims to increase fruit production by encouraging farmers to establish new orchards, providing fruit plants at a 50% subsidy to support the expansion of fruit cultivation across Uttarakhand.","Horticulture, Fruit, Fruit Plants, Farmer, Agriculture,Rural & Environment",State,https://www.myscheme.gov.in/schemes/fae
372,"Agriculture,Rural & Environment",IFPTRAININGUJ,To Increase Fish Seed Production and Inland Fisheries Resources in Tribal Areas: Training of Tribal Trainees - Gujarat,What is To Increase Fish Seed Production and Inland Fisheries Resources in Tribal Areas: Training of Tribal Trainees - Gujarat?,"The scheme aims to boost fish production and provide employment through inland fisheries. Under this scheme, Financial assistance is provided as a scholarship to tribal trainees undergoing fisheries training.","Fish, Fish Activities, Fish Production, Scheduled Tribes, Fishermen, Training, Agriculture,Rural & Environment",State,https://www.myscheme.gov.in/schemes/ifptraininguj
373,"Agriculture,Rural & Environment",ISEPQISRDC:EOP:LCCN,Integrated Scheme for Export Promotion & Quality Improvement in Spices and Research and Development of Cardamom: Export Oriented Production: Large Cardamom Certified Nursery (Unit),What is Integrated Scheme for Export Promotion & Quality Improvement in Spices and Research and Development of Cardamom: Export Oriented Production: Large Cardamom Certified Nursery (Unit)?,"The scheme ""Export Oriented Production: Large Cardamom Certified Nursery (Unit)"" is a Sub-Scheme of the Integrated Scheme for Export Promotion & Quality Improvement in Spices and Research and Development of Cardamom by the Spice Board, Department of Commerce and Industry, Ministry of Commerce.","Farmer, Nursery, Export, Subsidy, Agriculture, DBT, Agriculture,Rural & Environment, Business & Entrepreneurship",Ministry Of Commerce And Industry,https://www.myscheme.gov.in/schemes/isepqisrdceoplccn
374,"Agriculture,Rural & Environment",MDDS,Meghalaya Dairy Development Scheme,What is Meghalaya Dairy Development Scheme?,"The Chief Minister’s CM-ELEVATE Program includes Meghalaya Dairy Development Scheme under the Planning Dept, Govt of Meghalaya. The scheme aims to employ, engage, and empower the youth and rural communities by promoting Dairy related entrepreneurship through easy access to credit and subsidies.","Dairy, Farming, Farmer, Animal, Agriculture,Rural & Environment",State,https://www.myscheme.gov.in/schemes/mdds
375,"Agriculture,Rural & Environment",APMUPHMH,Assistance in Packing Materials under Post Harvest Management of Horticultural Produce,What is Assistance in Packing Materials under Post Harvest Management of Horticultural Produce?,The scheme provides financial assistance to farmers to procure packing materials like corrugated and wooden boxes for post-harvest management of horticultural produce.,"Horticulture, Post-harvest Management, Packing Material Subsidy, Farmer, Agriculture,Rural & Environment",State,https://www.myscheme.gov.in/schemes/apmuphmh
376,"Agriculture,Rural & Environment",APCLFDF,Assistance Program for the Cultivation of Lotus Fruit (Dragon Fruit),What is Assistance Program for the Cultivation of Lotus Fruit (Dragon Fruit)?,"The scheme provides financial assistance to farmers to support the cultivation of dragon fruit (lotus fruit), with higher benefits for SC/ST and priority for small-scale and women farmers.","Agriculture, Dragon Fruit Farming, Lotus Fruit Farming, Fruit Cultivation, Agriculture,Rural & Environment",State,https://www.myscheme.gov.in/schemes/apclfdf
377,"Agriculture,Rural & Environment",APFPF,Assistance Program for Planting in Floriculture,What is Assistance Program for Planting in Floriculture?,"The scheme offers financial assistance to farmers in Gujarat for the cultivation of floriculture crops, including loose, cut, and tuberous flowers, based on crop type and farmer category.","Floriculture, Flower Farming, Subsidy, Agriculture,Rural & Environment",State,https://www.myscheme.gov.in/schemes/apfpf
378,"Agriculture,Rural & Environment",NAI,National Agriculture Insurance Scheme,What is National Agriculture Insurance Scheme?,"The National Agriculture Insurance Scheme (NAIS) was introduced by the Government of India to provide comprehensive insurance coverage and financial support to farmers against crop losses due to natural calamities, pests, and diseases.","Farmers, Crop Insurance, Agriculture Subsidy, Natural Disaster Coverage, Agriculture,Rural & Environment",Ministry Of Agriculture and Farmers Welfare,https://www.myscheme.gov.in/schemes/nai
379,"Agriculture,Rural & Environment",PMKMDY,Pradhan Mantri Kisan Maandhan Yojana,What is Pradhan Mantri Kisan Maandhan Yojana?,"The scheme aims to provide old-age social security through a minimum assured monthly pension of ₹ 3,000/- to Small and Marginal Farmers after attaining the age of 60 years.","Small And Marginal Farmer, Social Security, Old Age Pension, Family Pension, Agriculture,Rural & Environment, Banking,Financial Services and Insurance, Social welfare & Empowerment",Ministry Of Agriculture and Farmers Welfare,https://www.myscheme.gov.in/schemes/pmkmdy
380,"Agriculture,Rural & Environment",RTMEAS,Rotavator/Thresher Machine Equipment Assistance Scheme,What is Rotavator/Thresher Machine Equipment Assistance Scheme?,The scheme aims to support BPL Scheduled Tribe farmers in tribal areas by providing financial assistance to purchase rotavators and thresher machines.,"Farmer, Financial Assistance, Self-employment, Machines, BPL, Agriculture,Rural & Environment",State,https://www.myscheme.gov.in/schemes/rtmeas
381,"Agriculture,Rural & Environment",CDPNER:QUC:DY,Coffee Development Programme in North Eastern Region: Quality Upgradation / Certification: Drying Yards,What is Coffee Development Programme in North Eastern Region: Quality Upgradation / Certification: Drying Yards?,"The scheme ""Quality Upgradation / Certification: Drying Yards"" aims to facilitate the improvement of the quality of coffee produced by growers by encouraging them to establish infrastructure for quality enhancement and obtain certification for their coffees, enabling them to earn better returns.","Agriculture, Farmer, Subsidy, DBT, Agriculture,Rural & Environment",Ministry Of Commerce And Industry,https://www.myscheme.gov.in/schemes/cdpnerqucdy
382,"Agriculture,Rural & Environment",PCARDFTC,Primary Cooperative Agriculture and Rural Development Bank: For Tractor Purchase,What is Primary Cooperative Agriculture and Rural Development Bank: For Tractor Purchase?,"The scheme offers a specialized loan for farmers to purchase tractors, covering up to 90% of the tractor's cost.","Agriculture, Loan, Farmer, Agriculture,Rural & Environment, Banking,Financial Services and Insurance",State,https://www.myscheme.gov.in/schemes/pcardftc
383,"Agriculture,Rural & Environment",FABOFPAK,Financial Assistance to Boat owner / Fishermen Captured by Pakistan Marine Security Agency (PMSA)-DNH&DD,What is Financial Assistance to Boat owner / Fishermen Captured by Pakistan Marine Security Agency (PMSA)-DNH&DD?,"The scheme aims to help the families of the fishermen affected due to captured by Pakistani Marine Security Agency. Under this scheme, daily assistance, repatriation allowances, and vessel reconstruction subsidies are provided.","Financial Assistance, Fisherman, Boat Owner, PMSA, Subsidy, Fishing Vessels, Agriculture,Rural & Environment",State,https://www.myscheme.gov.in/schemes/fabofpak
384,"Agriculture,Rural & Environment",LCILDIE,Large cardamom Irrigation Land Development : Irrigation equipment (nos),What is Large cardamom Irrigation Land Development : Irrigation equipment (nos)?,"The scheme aims to motivate the growers to bring more area under irrigation by constructing water storage structures, rain water harvesting structures and installation of irrigation equipments for increasing the productivity and improving quality of large cardamom.","Rain Water Harvesting, Land Holding, Agriculture, Farmer, Agriculture,Rural & Environment",Ministry Of Commerce And Industry,https://www.myscheme.gov.in/schemes/lcildie
385,"Agriculture,Rural & Environment",LCILDRH,Large cardamom Irrigation Land Development : Rainwater harvesting structure(nos),What is Large cardamom Irrigation Land Development : Rainwater harvesting structure(nos)?,"The scheme aims to motivate the growers to bring more area under irrigation by constructing water storage structures, rain water harvesting structures and installation of irrigation equipments for increasing the productivity and improving quality of large cardamom","Rainwater Harvesting Structure, Water Storage, Agriculture, Agriculture,Rural & Environment",Ministry Of Commerce And Industry,https://www.myscheme.gov.in/schemes/lcildrh
386,"Agriculture,Rural & Environment",ISFEPQINSARADOCSRNPFKT,Integrated Scheme for Export Promotion & Quality Improvement in Spices and Research and Development of Cardamom: \Small Cardamom Replanting/New Planting: For Kerala & Tamilnadu,What is Integrated Scheme for Export Promotion & Quality Improvement in Spices and Research and Development of Cardamom: \Small Cardamom Replanting/New Planting: For Kerala & Tamilnadu?,"Under this scheme to motivate growers to improve production and productivity through systematic replanting of diseased, old, and senile plantations, and to undertake area expansion.","Planting, Replanting, Kerala, Tamilnadu, Agriculture,Rural & Environment",Ministry Of Commerce And Industry,https://www.myscheme.gov.in/schemes/isfepqinsaradocsrnpfkt
387,"Agriculture,Rural & Environment",RKVYSHFVLSTL,RKVY Soil Health and Fertility Village level Soil Testing Lab,What is RKVY Soil Health and Fertility Village level Soil Testing Lab?,"The scheme aims to provide easy and affordable access to soil testing facilities at the village level and support rural youth through financial assistance of ₹1,50,000/- for establishing Village Level Soil Testing Labs.","Soil Testing Lab, Soil Health, INM, Rural Entrepreneur, RKVY, Agriculture,Rural & Environment",Ministry Of Agriculture and Farmers Welfare,https://www.myscheme.gov.in/schemes/rkvyshfvlstl
388,"Agriculture,Rural & Environment",AE,Agricultural Extension,What is Agricultural Extension?,"Extension Division endeavours towards successful implementation of Agricultural Extension activities. Through its various programmes, schemes and activities, Extension Division helps farmers to get information regarding scientific research and new knowledge in agricultural practices.","Agricultural, Extension, Agricultural Research, Farmer, Agriculture,Rural & Environment",Ministry Of Agriculture and Farmers Welfare,https://www.myscheme.gov.in/schemes/ae
389,"Agriculture,Rural & Environment",ISFEPQIISARADOCSCILDIWSS,Integrated Scheme for Export Promotion & Quality Improvement in Spices and Research and Development of Cardamom : Small Cardamom Irrigation Land Development : Irrigation / Water Storage Structure (nos),What is Integrated Scheme for Export Promotion & Quality Improvement in Spices and Research and Development of Cardamom : Small Cardamom Irrigation Land Development : Irrigation / Water Storage Structure (nos)?,"Under this scheme, to motivate the growers to bring more area under irrigation and land development by constructing water storage structures for increasing the productivity and improving quality of small cardamom.","Agriculture, Water Storage, Scheduled Castes, Scheduled Tribe, Farmer, Agriculture,Rural & Environment",Ministry Of Commerce And Industry,https://www.myscheme.gov.in/schemes/isfepqiisaradocscildiwss
390,"Agriculture,Rural & Environment",ISFEPQIISARADOCOFOCG,Integrated Scheme for Export Promotion & Quality Improvement in Spices and Research and Development of Cardamom: Organic Farming: Organic Certification Groups,What is Integrated Scheme for Export Promotion & Quality Improvement in Spices and Research and Development of Cardamom: Organic Farming: Organic Certification Groups?,Under this scheme to support farmer groups/FPOs in acquiring organic certification for the farm which is a prerequisite for marketing of organic spices.,"Farming, Organic Spices, Farmer, Organic, Farm, Agriculture,Rural & Environment, Business & Entrepreneurship",Ministry Of Commerce And Industry,https://www.myscheme.gov.in/schemes/isfepqiisaradocofocg
391,"Agriculture,Rural & Environment",ISFEPQIISARADOCPHISST,Integrated Scheme for Export Promotion & Quality Improvement in Spices and Research and Development of Cardamom: Post-Harvest Improvement: Seed spice thresher (nos),What is Integrated Scheme for Export Promotion & Quality Improvement in Spices and Research and Development of Cardamom: Post-Harvest Improvement: Seed spice thresher (nos)?,To motivate the farmers to adopt hygienic threshing practices for production of quality seed spices using mechanical seed spices threshers (power operated),"Agriculture, Seed, Spice, Farming, Farmers, Agriculture,Rural & Environment, Business & Entrepreneurship, Banking,Financial Services and Insurance",Ministry Of Commerce And Industry,https://www.myscheme.gov.in/schemes/isfepqiisaradocphisst
392,"Agriculture,Rural & Environment",ISFEPQIISARADOCNSBQTOS,Integrated Scheme for Export Promotion & Quality Improvement in Spices and Research and Development of Cardamom: New Subcomponents: Basic quality testing of spices,What is Integrated Scheme for Export Promotion & Quality Improvement in Spices and Research and Development of Cardamom: New Subcomponents: Basic quality testing of spices?,"To promote field-level basic quality testing of spices, enabling farmers to assess produce quality, negotiate better prices, and receive fair value for their produce.","Entrepreneurs, Agriculture, Farmers, Spices Board, Agriculture,Rural & Environment, Banking,Financial Services and Insurance, Business & Entrepreneurship",Ministry Of Commerce And Industry,https://www.myscheme.gov.in/schemes/isfepqiisaradocnsbqtos
393,"Agriculture,Rural & Environment",RYTHU BIMA,Rythu Bima Scheme,What is Rythu Bima Scheme?,Rythu Bandhu Farmer Group Life  Insurance Scheme for Farmers” is a life insurance scheme by the Government of Telangana that provides insurance coverage to the nominee of a farmer in case of the farmer’s death. It is free for farmers and is implemented through LIC.,"Farmer, Death Insurance, Life Insurance, Bima, Agriculture,Rural & Environment",State,https://www.myscheme.gov.in/schemes/rythu-bima
394,"Agriculture,Rural & Environment",SCDF,Semi-Commercial Duck Farming,What is Semi-Commercial Duck Farming?,"The scheme “Semi-Commercial Duck Farming” started under the State Sector Scheme ""Encouragement of Commercial Poultry Entrepreneur and Promotion of Backyard Poultry Production"" to support small entrepreneurs in setting up Duck farms with a capacity of 1000 ducks.","Duck, Farming, Entrepreneurs, Subsidy, Farmer, Agriculture,Rural & Environment, Business & Entrepreneurship",State,https://www.myscheme.gov.in/schemes/scdf
395,"Agriculture,Rural & Environment",SSYC,Saur Sujala Yojana,What is Saur Sujala Yojana?,"The Saur Sujala Yojana is to set up solar irrigation pumps for the irrigation needs of the farmers. The scheme has been started on November 01, 2016, with the aim of empowering the farmers by providing irrigation pumps to the farmers at subsidized rates.","Solar Irrigation Pumps, Empower, Farmers, Subsidy, Renewable Energy, Agriculture,Rural & Environment",State,https://www.myscheme.gov.in/schemes/ssyc
396,"Agriculture,Rural & Environment",ANBY,Atma Nirbhar Bagwani Yojana,What is Atma Nirbhar Bagwani Yojana?,The schemes are part of the Atma Nirbhar program announced during the Budget session held in February this year. A total amount of Rs 120 crores – Rs 60 crores for each scheme has been allocated to the two concerned departments of Agriculture and Horticulture.,"Subsidy, Farmers, Umbrella Scheme, Agriculture,Rural & Environment",State,https://www.myscheme.gov.in/schemes/anby
397,"Agriculture,Rural & Environment",AGR3(FM)SSTF,AGR 3 (Farm Mechanization) Scheme For ST Farmers,What is AGR 3 (Farm Mechanization) Scheme For ST Farmers?,"The scheme “AGR 3 (Farm Mechanization) Scheme for ST Farmers” was started by the Department of Agriculture, Farmers Welfare & Co-operation, Government of Gujarat.","Agriculture, Farmer, Scheduled Tribe, Adivasi, Mechanization, Equipment, Financial Assistance, Agriculture,Rural & Environment",State,https://www.myscheme.gov.in/schemes/agr3fmsstf
398,"Agriculture,Rural & Environment",AGR50S-APT,AGR-50 Scheme-Assistance To Purchase Tractors,What is AGR-50 Scheme-Assistance To Purchase Tractors?,"The scheme “AGR-50 Scheme-Assistance to Purchase Tractors” was started by the Department of Agriculture, Farmers Welfare & Co-operation, Government of Gujarat in the year 2011-12. The scheme was implemented for the farmers to help in buying the tractor in the state.","Agriculture, Farmer, Mechanization, Tractor, Financial Assistance, Agriculture,Rural & Environment",State,https://www.myscheme.gov.in/schemes/agr50s-apt
399,"Agriculture,Rural & Environment",SSPFTSC,Stipend Scheme For Poultry Farming Training For Schedule Caste,What is Stipend Scheme For Poultry Farming Training For Schedule Caste?,"The scheme “Stipend Scheme for Poultry Farming Training for Schedule Caste” was launched by the Department of Agriculture, Farmers Welfare & Co-operation, Government of Gujarat to raise the income of poultry farmers of Scheduled Caste by scientific poultry farming training.","Poultry Farming, Schedule Caste, Stipend, Training, Cash Assistance, Agriculture,Rural & Environment, Skills & Employment",State,https://www.myscheme.gov.in/schemes/sspftsc
400,"Agriculture,Rural & Environment",SSPFTDP,Stipend Scheme For Poultry Farming Training For Divyang People,What is Stipend Scheme For Poultry Farming Training For Divyang People?,"The scheme “Stipend Scheme for Poultry Farming Training for Divyang People” was launched by the Department of Agriculture, Farmers Welfare & Co-operation, Government of Gujarat to raise the income of Divyang poultry farmers through scientific poultry farming training.","Poultry Farming, Divyang, Stipend, Training, Cash Assistance, Agriculture,Rural & Environment, Skills & Employment",State,https://www.myscheme.gov.in/schemes/sspftdp
401,"Agriculture,Rural & Environment",AGR4(FM)SSCF,AGR 4 (Farm Mechanization) Scheme For SC Farmers,What is AGR 4 (Farm Mechanization) Scheme For SC Farmers?,"The scheme “AGR 4 (Farm Mechanization) Scheme for SC Farmers” was started by the Department of Agriculture, Farmers Welfare & Co-operation, Government of Gujarat.","Agriculture, Farmer, Scheduled Caste, Mechanization, Equipment, Financial Assistance, Agriculture,Rural & Environment",State,https://www.myscheme.gov.in/schemes/agr4fmsscf
402,"Agriculture,Rural & Environment",SSIEMAFST,Scheme For Subsidy On Interest For Establishment Of 1 To 20 Milch Animal Farm For Scheduled Tribe,What is Scheme For Subsidy On Interest For Establishment Of 1 To 20 Milch Animal Farm For Scheduled Tribe?,"The scheme “Scheme for Subsidy on Interest for Establishment of 1 to 20 Milch Animal Farm for Scheduled Tribe” was started by the Dept. of Agriculture, Farmers Welfare & Co-operation, Govt. of Gujarat.","Animal Husbandry, Scheduled Tribe, Cattle Farming, Subsidy, Loan, Agriculture,Rural & Environment",State,https://www.myscheme.gov.in/schemes/ssiemafst
403,"Agriculture,Rural & Environment",SSE25RBUWSE,Subsidy Scheme On Establishment Of 25 R.I.R. Birds' Unit For Weaker Section,What is Subsidy Scheme On Establishment Of 25 R.I.R. Birds' Unit For Weaker Section?,"The scheme “Subsidy Scheme on Establishment of 25 R.I.R. Birds' Unit for Weaker Section” was launched by the Department of Agriculture, Farmers Welfare & Co-operation, Government of Gujarat to provide employment, nutritious diet and to raise the income of weaker section people of the society.","Poultry Farming, Rhode Island Red (RIR), Subsidy, Weaker Section, Farmer, Agriculture,Rural & Environment, Business & Entrepreneurship",State,https://www.myscheme.gov.in/schemes/sse25rbuwse
404,"Agriculture,Rural & Environment",GGAY,Ghar Ghar Aushodhi Yojana,What is Ghar Ghar Aushodhi Yojana?,Rajasthan government has planned a new scheme called Rajasthan Ghar Ghar Aushadhi Yojana to promote the use of Ayurvedic and medicinal herbs across the state.,"Health, Planting, Disease-free Life, Agriculture, Agriculture,Rural & Environment",State,https://www.myscheme.gov.in/schemes/ggay
405,"Agriculture,Rural & Environment",PFMEIIAO,Popularisation Of Fishery Machinery/ Equipments/ Implements” For Intensive Aquaculture In Odisha For The Financial Year 2021-22,What is Popularisation Of Fishery Machinery/ Equipments/ Implements” For Intensive Aquaculture In Odisha For The Financial Year 2021-22?,"The aim of the ""Popularisation of Fishery Machinery/ Equipments/ Implements” for Intensive Aquaculture in Odisha for the Financial Year 2021-22"" scheme is to provide subsidy support to farmers/ fishers.","Fishery, Fishery Machinery, Equipment, Aquaculture, Odisha, Farming, Agriculture,Rural & Environment",State,https://www.myscheme.gov.in/schemes/pfmeiiao
406,"Agriculture,Rural & Environment",GSP,Guru Shishya Parampara,What is Guru Shishya Parampara?,"A scheme called ""Guru Shishya Parampara Scheme"" to preserve and promote rare and vanishing art forms on Classical or Folk/Tribal so that the young talents be nurtured to acquire skills in their chosen field of art art under the able guidance of Gurus","Financial Assistance, Culture, Dance, Tradition, Agriculture,Rural & Environment",State,https://www.myscheme.gov.in/schemes/gsp
407,"Agriculture,Rural & Environment",Rgkny,Rajiv Gandhi Kisan Nyay Yojana,What is Rajiv Gandhi Kisan Nyay Yojana?,"Rajiv Gandhi Kisan Nyay Yojana is a scheme of the Government of Chhattisgarh for the farmers. This scheme was launched on 21 May 2020, on the death anniversary of Rajiv Gandhi.","Agriculture, Farmers, Paddy, Maize, Agriculture,Rural & Environment",State,https://www.myscheme.gov.in/schemes/rgkny
408,"Agriculture,Rural & Environment",FAPFPFOOBM,Financial Assistance for Purchase of Fuel (Petrol) to the Fishermen for Operation of Out Board Motors,What is Financial Assistance for Purchase of Fuel (Petrol) to the Fishermen for Operation of Out Board Motors?,"The scheme “Financial Assistance for Purchase of Fuel (Petrol) to the Fishermen for Operation of Out Board Motors” is a scheme by the Department of Fisheries, Government of Goa. Through this scheme, a subsidy of ₹30 per Litre on a maximum consumption of 1700 Litre of Petrol is provided to fishermen.","Fishermen, Fish, Subsidy, Financial Assistance, Petrol, Agriculture,Rural & Environment",State,https://www.myscheme.gov.in/schemes/fapfpfoobm
409,"Agriculture,Rural & Environment",FASUOFUG,Financial Assistance for setting up of Ornamental Fish Unit in Goa,What is Financial Assistance for setting up of Ornamental Fish Unit in Goa?,"“Financial Assistance for setting up of Ornamental Fish Unit in Goa” is a scheme by the Dept. of Fisheries, Govt. of Goa. Through this scheme, financial assistance is provided to eligible fishermen for setting up Breeding Units and Rearing Units. The applications are accepted only in offline mode.","Fishermen, Fish, Aquaculture, Subsidy, Financial Assistance, Agriculture,Rural & Environment",State,https://www.myscheme.gov.in/schemes/fasuofug
410,"Banking,Financial Services and Insurance",KSIS,Kera Suraksha Insurance Scheme,What is Kera Suraksha Insurance Scheme?,"The ‘Kera Suraksha Insurance Scheme’ is a comprehensive Group Personal Accident Insurance Scheme, implemented by Coconut Development Board in association with Public Insurance companies for Coconut Tree Climbers/Neera Technicians/Coconut Harvesters.","Coconut Tree Climber, Insurance, Neera Technician, Coconut Harvester, Banking,Financial Services and Insurance, Agriculture,Rural & Environment",Ministry Of Agriculture and Farmers Welfare,https://www.myscheme.gov.in/schemes/ksis
411,"Agriculture,Rural & Environment",DMOCHN,Development and Maintenance of Orchard Cum Horti Nurseries,What is Development and Maintenance of Orchard Cum Horti Nurseries?,"The scheme has been launched for the production and multiplication of good, high-yielding, diseased free planting materials in the Government farms for distribution to farmers through the District Horticulture Officer.","Orchard, Agriculture, Farmer, Horticulture, Training, Agriculture,Rural & Environment",State,https://www.myscheme.gov.in/schemes/dmochn
412,"Agriculture,Rural & Environment",SDGTBPCCCC,"Spices Development Ginger, Turmeric, Black Pepper, Cardamom, Coriander, Cinnamon and Chillies","What is Spices Development Ginger, Turmeric, Black Pepper, Cardamom, Coriander, Cinnamon and Chillies?",The objective of the scheme is to encourage farmers to produce good quality and diseased-free planting materials and to grow improved varieties of high-yielding spices.,"Spices, Ginger, Turmeric, Black Pepper, Cardamom, Coriander, Cinnamon, Chillies, Farmer, Horticulture, Agriculture,Rural & Environment",State,https://www.myscheme.gov.in/schemes/sdgtbpcccc
413,"Agriculture,Rural & Environment",SNPSSCPTS,"""Sugarcane Nursery Premium"" Sub-Scheme of the ""Crop Production Technology"" Scheme","What is ""Sugarcane Nursery Premium"" Sub-Scheme of the ""Crop Production Technology"" Scheme?","The ""Sugarcane Nursery Premium"" Sub-Scheme of the ""Crop Production Technology"" Scheme is introduced by the Dept of Agriculture and Farmer's Welfare, UT of Puducherry. Through this scheme, the farmers are provided Nursery Premium for Raising Seed Material to Plant One Hectare of Sugarcane.","Sugarcane, Nursery, Seed, Financial Assistance, Farmer, Agriculture,Rural & Environment",State,https://www.myscheme.gov.in/schemes/snpsscpts
414,"Agriculture,Rural & Environment",BHAUSAHEB FUNDKAR HORTICULTURE PLANTATAION SCHEME,Bhausaheb Fundkar Falbag Lagvad Scheme,What is Bhausaheb Fundkar Falbag Lagvad Scheme?,"This scheme includes, Plantation of sixteen perennial horticulture crops. Farmer from Konkan division can avail benefit of 0.10 Hector  to 10.00 Hector  and rest Of Maharashtra 0.20 Hector  to 6.00 Hector","Direct Benefit Transfer, Farmer, General, Horticulture, Plantation, Agriculture,Rural & Environment",State,https://www.myscheme.gov.in/schemes/bhausaheb-fundkar-horticulture-plantataion-scheme
415,"Agriculture,Rural & Environment",KPBKY,Krshak Prashikshan Tatha Bhraman Karyakram,What is Krshak Prashikshan Tatha Bhraman Karyakram?,"Under the scheme, Horticulture and Food Processing Department provide visit to the different location to make the farmers aware of the new technologies of agronomy by giving them tours.","Farming, Farmer, Farm, Land, Financial Support, Agriculture,Rural & Environment",State,https://www.myscheme.gov.in/schemes/kbky
416,"Agriculture,Rural & Environment",PCCENGAES,"""Protected Cultivation"" Component of ""Establishment of New Gardens (Area Expansion)"" Scheme","What is ""Protected Cultivation"" Component of ""Establishment of New Gardens (Area Expansion)"" Scheme?","Through this scheme, the farmers are provided Poly House, Shade Net House (Tubular Structure), Plastic Mulching at subsidised rates for practising Protected Cultivation. In Puducherry, this scheme is implemented by the Department of Agriculture and Farmer's Welfare, Union Territory of Puducherry.","Cultivation, Farmer, Subsidy, Garden, Horticulture, Agriculture,Rural & Environment",State,https://www.myscheme.gov.in/schemes/pccengaes
417,"Agriculture,Rural & Environment",TCPTC,"Tuber Crops Potato, Tapioca, Colocasia","What is Tuber Crops Potato, Tapioca, Colocasia?","The objective of the scheme is to boost up production and productivity of potato per unit area by providing quality HYV seeds, and equipment at a 50% subsidy.","Tuber Crops, Potato, Tapioca, Colocasia, Farmer, Agriculture, Subsidy, Horticulture, Agriculture,Rural & Environment",State,https://www.myscheme.gov.in/schemes/tcptc
418,"Agriculture,Rural & Environment",DVSMFMFC,Distribution of Vegetable Seeds Minikit & Fruits Minikit at Free of Cost,What is Distribution of Vegetable Seeds Minikit & Fruits Minikit at Free of Cost?,"“Distribution of Vegetable Seeds Minikit & Fruits Minikit at Free of Cost"" was launched by the Dept of Agriculture and Farmer's Welfare, UT of Puducherry. All the horticulture growers of rural & urban areas are provided with vegetable seeds minikit & fruits minikit worth ₹250/‐ free of cost.","Seed, Crop, Farmer, Fruit, Vegetable, Agriculture,Rural & Environment",State,https://www.myscheme.gov.in/schemes/dvsmfmfc
419,"Agriculture,Rural & Environment",POCRA,Nanaji Deshmukh Krishi Sanjivani Prakalp,What is Nanaji Deshmukh Krishi Sanjivani Prakalp?,"The project aims to enhance climate-resilience and profitability of smallholder farming systems in 15 project districts of Maharashtra through promotion of climate resilient technology and commodity value chain across approximately 5,000 drought-prone and/or sodicity/salinity affected villages.","Climate Resilience, Farmers, NDKSP, Drought, Water Conservation, POCRA, Agriculture,Rural & Environment",State,https://www.myscheme.gov.in/schemes/pocra
420,"Agriculture,Rural & Environment",AIUS,Agriculture Information Unit Scheme,What is Agriculture Information Unit Scheme?,"The key objective is to disseminate information on Scientific methods of cultivation to extension staff and farming community through media such as pamphlets, leaflets, radio, television etc. and participating/holding awareness programs by means of exhibitions, seminars etc.","Agriculture, Information Unit, Leaflets, Booklets, Farmer, Agriculture,Rural & Environment",State,https://www.myscheme.gov.in/schemes/aius
421,"Agriculture,Rural & Environment",SRMSMEGHALAYA,State Rice Mission Scheme,What is State Rice Mission Scheme?,"The objective of the scheme is to increase productivity and production of rice through improved technologies and extension methods and, to supply the quality/certified seeds/organic fertilizers at 50% subsidy.","Rice, Farmer, Agriculture, Subsidy, Training, Agriculture,Rural & Environment",State,https://www.myscheme.gov.in/schemes/srmsmeghalaya
422,"Agriculture,Rural & Environment",RCS,Ramie Crop Scheme,What is Ramie Crop Scheme?,The objective of the scheme is to encourage cultivation of perennial and remunerative textile crop such as Ramie in suitable areas by providing necessary inputs and training.,"Ramie Crop, Agriculture, Farmer, Cultivation, Textile Crop, Training, Agriculture,Rural & Environment",State,https://www.myscheme.gov.in/schemes/rcs
423,"Agriculture,Rural & Environment",PTLT,Plastic Tunnel (Lo-Tunnel),What is Plastic Tunnel (Lo-Tunnel)?,Plastic tunnels (low tunnels) provide benefits to farmers. These are protected structures created by covering each crop bed with a low-lying plastic sheet after the crops have been planted in the main field.,"Farmer, Plastic Tunnel, Agriculture, Agriculture,Rural & Environment",State,https://www.myscheme.gov.in/schemes/ptlt
424,"Agriculture,Rural & Environment",JH,Jal Hauj,What is Jal Hauj?,The objective of the Jal Hauj scheme is to promote sustainable water management practices and address water scarcity issues by facilitating the construction of water harvesting structures.,"Jal Hauj, Agriculture, Farming, Tube Well, Agriculture,Rural & Environment",State,https://www.myscheme.gov.in/schemes/jh
425,"Agriculture,Rural & Environment",FMTASPS(STC),Fodder Minikits under Tribal Area Sub Plan (TASP) Scheme (ST Category),What is Fodder Minikits under Tribal Area Sub Plan (TASP) Scheme (ST Category)?,"The scheme “Fodder Minikits under Tribal Area Sub Plan (TASP) Scheme” is implemented by the Directorate of Animal Husbandry, Government of Gujarat to provide an improved variety of fodder seeds to Scheduled Tribe beneficiaries for widespread publicity, demonstration, and adaptation by farmers.","Fodder Minikits, Farmer, Fodder Seed, Scheduled Tribe, Agriculture,Rural & Environment",State,https://www.myscheme.gov.in/schemes/fmtaspsstc
426,Social welfare & Empowerment,DALPS,Destitute Agricultural Labourers Pension Scheme,What is Destitute Agricultural Labourers Pension Scheme?,"The ""Destitute Agricultural Labourers Pension Scheme"" was launched by the Social Welfare and Nutritious Meal Programme Department, Government of Tamil Nadu. The scheme aims to give pensions of ₹1,000/- to destitute agricultural labourers of 60 years and above and dhoti, saree supplied on festivals.","Destitute, Farmer, Financial Assistance, Labour, Senior Citizen, Clothes, Social welfare & Empowerment, Women and Child, Agriculture,Rural & Environment",State,https://www.myscheme.gov.in/schemes/dalps
427,"Agriculture,Rural & Environment",SPEOEPSGUG,"Scheme for Providing Employment Opportunities by Establishing Piggery, Sheep and Goat Units (General)","What is Scheme for Providing Employment Opportunities by Establishing Piggery, Sheep and Goat Units (General)?","This scheme is a credit linked scheme with a primary objective of providing self-employment opportunities, the unemployed persons will be assisted by way of establishing Sheep or Goat Units (15 female+1 male) and Piggery Unit (10 female+1 male).","Self-employment, Piggery Unit, Sheep Unit, Goat Unit, Animal Husbandry, Unemployed, Financial Assistance, Subsidy, Agriculture,Rural & Environment",State,https://www.myscheme.gov.in/schemes/speoepsgug
428,"Agriculture,Rural & Environment",SEH-TMDUMMAPUY,Scheme for Establishment of Hi-Tech and Mini Dairy Units under Mukhya Mantri Antyodaya Parivaar Utthan Yojana,What is Scheme for Establishment of Hi-Tech and Mini Dairy Units under Mukhya Mantri Antyodaya Parivaar Utthan Yojana?,"Under this scheme, a resident of Haryana who is between 18 and 60 years of age can avail a 25% subsidy on the cost of two milch animals. The subsidy can be availed as a loan for the purchase of these milch animals by the beneficiary for the establishment of dairy units with two milch animals.","Hi-Tech, Mini Dairy Unit, Animal Husbandry, Subsidy, Milch Animal, Financial Assistance, Agriculture,Rural & Environment",State,https://www.myscheme.gov.in/schemes/seh-tmdummapuy
429,"Agriculture,Rural & Environment",FP,Fasal Pradarshan,What is Fasal Pradarshan?,"Under this scheme, the Agriculture Department organizes field and crop demonstrations to showcase advanced crop production methods and the latest technologies to farmers.","Agriculture, Financial Support, Crop Display, Farmer, Agriculture,Rural & Environment",State,https://www.myscheme.gov.in/schemes/fp
430,"Agriculture,Rural & Environment",SEBPUMMAPUY,Scheme for Establishment of Backyard Poultry Units under Mukhya Mantri Antyodaya Parivaar Utthan Yojana,What is Scheme for Establishment of Backyard Poultry Units under Mukhya Mantri Antyodaya Parivaar Utthan Yojana?,"Under this scheme, 50 chicks of 10 days of age from the Government Hatchery Farm along with two feeders and two water drinkers are provided free of cost to each beneficiary family at their doorstep.","MMAPUY, Backyard Poultry, Chicks, Feeders, Water Drinkers, Hatchery, Unemployed, Agriculture,Rural & Environment",State,https://www.myscheme.gov.in/schemes/sebpummapuy
431,Business & Entrepreneurship,SMBDLP,Sub-mission on Breed Development of Livestock and Poultry,What is Sub-mission on Breed Development of Livestock and Poultry?,"The Department of Animal Husbandry & Dairying introduced the National Livestock Mission as umbrella scheme. The ""Sub-mission on Breed Development of Livestock and Poultry"" is the realigned National Livestock Mission, which is the scheme's sub-mission.","Rural, Poultry, Farming, Livestock, Business & Entrepreneurship, Agriculture,Rural & Environment","Ministry of Fisheries,Animal Husbandry and Dairying",https://www.myscheme.gov.in/schemes/smbdlp
432,"Agriculture,Rural & Environment",NKYMP,Nalkoop Khanan Yojana- Madhya Pradesh,What is Nalkoop Khanan Yojana- Madhya Pradesh?,"Under this scheme, farmers from SC and ST categories are eligible for a subsidy covering 75% of the unit cost (up to ₹25,000/-) for digging a tube well and 75% of the unit cost (up to ₹15,000/-) for the successful installation of a tube well submersible pump.","Nalkoop, Farmer, Pump, Subsidy, Tube Well, Agriculture,Rural & Environment",State,https://www.myscheme.gov.in/schemes/nkymp
433,"Agriculture,Rural & Environment",DOSHC,Distribution of Soil Health Card,What is Distribution of Soil Health Card?,"Under the “Distribution of Soil Health Card” scheme, Soil health cards will be distributed to all the farmers who have offered the soil sample for testing by paying a prescribed fee of ₹5/- each for Macro and Micronutrient testing.","Agriculture, Farmer, Soil Health Card, Agriculture,Rural & Environment",State,https://www.myscheme.gov.in/schemes/doshc
434,"Agriculture,Rural & Environment",MNS,Micro Nutrient Spray,What is Micro Nutrient Spray?,"The “Micro Nutrient Spray” scheme provides a 50% subsidy or ₹70/- per hectare to eligible farmers, with a focus on ensuring benefits to SC/ST and women farmers.","Agriculture, Farmer, Micro Nutrient Spray, Subsidy, Agriculture,Rural & Environment",State,https://www.myscheme.gov.in/schemes/mns
435,"Banking,Financial Services and Insurance",DCCBSSI,District Central Cooperative Banks and through its Branches: For SSI Unit Loan and Other NFS Activities,What is District Central Cooperative Banks and through its Branches: For SSI Unit Loan and Other NFS Activities?,This scheme provides financial assistance for SSI unit loans and other Non-Farm Sector (NFS) activities through District Central Cooperative Banks and their branches.,"SSI Unit Loan, Non-Farm Sector Activities, Agriculture, Industries, Banking,Financial Services and Insurance, Agriculture,Rural & Environment",State,https://www.myscheme.gov.in/schemes/dccbssi
436,"Agriculture,Rural & Environment",BMKY,Beej Masaale Ki Yojana,What is Beej Masaale Ki Yojana?,The scheme aims to encourage the farmers to cultivate identified seed spices such as coriander and fenugreek keeping in mind their medicinal and nutritional properties.,"Agriculture, Subsidy, Seed Supply, Financial Assistance, Spice Seed, Spice Farming, Agriculture,Rural & Environment",State,https://www.myscheme.gov.in/schemes/bmky
437,"Agriculture,Rural & Environment",AKCKVY,Aaloo Ke Kufri Chipsona-1 Prabhed Ke Kshetra Vistaar Yojana,What is Aaloo Ke Kufri Chipsona-1 Prabhed Ke Kshetra Vistaar Yojana?,The scheme aims to increase the production of Kufri Chipsona variety suitable for potato processing in Bihar by expanding its area and to increase the income of farmers by promoting processing.,"Agriculture, Subsidy, Plant Supply, Financial Assistance, Potato, Kufri Chipsona Varient, Agriculture,Rural & Environment",State,https://www.myscheme.gov.in/schemes/akckvy
438,"Agriculture,Rural & Environment",MBYSVY,Mukhyamantri Bagwani Mission: Strawberry Vikas Yojana,What is Mukhyamantri Bagwani Mission: Strawberry Vikas Yojana?,"The scheme aims to promote strawberry cultivation across 20 districts in Bihar. It provides subsidies on seedlings, packaging materials, and equipment to support farmers in enhancing strawberry production.","Agriculture, Subsidy, Plant Supply, Financial Assistance, Strawberry Development, Agriculture,Rural & Environment",State,https://www.myscheme.gov.in/schemes/mbysvy
439,"Agriculture,Rural & Environment",MBYAVY,Mukhyamantri Bagwani Mission: Aam Vikas Yojana,What is Mukhyamantri Bagwani Mission: Aam Vikas Yojana?,The Scheme aims to expand plantain cultivation across all districts in Bihar. Farmers can receive subsidies for up to 10 acres and access high-quality tissue-cultured plants for cultivation.,"Agriculture, Subsidy, Plant Supply, Financial Assistance, Mango Development, Agriculture,Rural & Environment",State,https://www.myscheme.gov.in/schemes/mbyavy
440,"Agriculture,Rural & Environment",SOKCOS,Supply of Kadaknath Chicks on Subsidy,What is Supply of Kadaknath Chicks on Subsidy?,"The scheme ""Supply of Kadaknath Chicken on Grant"" aims to improve the economic condition of beneficiaries through poultry farming and protect and promote the Kadaknath breed. Beneficiaries receive 40 chicks along with food grains, medicine, and transportation support for 28 days.","Subsidy, Chicken, Farming, Veterinary, Poultry, Agriculture,Rural & Environment",State,https://www.myscheme.gov.in/schemes/sokcos
441,"Agriculture,Rural & Environment",MMJVS,Mukhyamantri Jan-Van Scheme,What is Mukhyamantri Jan-Van Scheme?,"The Mukhyamantri Jan-Van Scheme aims to promote tree plantation on private lands in Jharkhand to enhance farmers' income, conserve the environment, and reduce pressure on notified forests. Farmers are encouraged to plant trees on their lands with incentives covering 75% of plantation and maintenance","Financial Assistance, Increased Income, Farmers, Trees, Agriculture,Rural & Environment",State,https://www.myscheme.gov.in/schemes/mmjvs
442,"Agriculture,Rural & Environment",TOAIFSE,Training on Artificial Insemination for Self-Employment,What is Training on Artificial Insemination for Self-Employment?,"The ""Training on Artificial Insemination for Self-Employment"" by the Animal Husbandry Department, Madhya Pradesh promotes milk production and employment. Trained Gausevaks get an honorarium of ₹4,000 and equipment worth ₹18,000.","Employment, Training, Animal Husbandry, Unemployed, Agriculture,Rural & Environment, Skills & Employment",State,https://www.myscheme.gov.in/schemes/toaifse
443,"Agriculture,Rural & Environment",GIS,Gopal Incentive Scheme,What is Gopal Incentive Scheme?,"The ""Gopal Incentive Scheme"" by the Animal Husbandry Department, Government of Madhya Pradesh, promotes the rearing of Indian high-breed cattle and boosts milk production, benefiting animal breeders and livestock farmers with access to Indian advanced breed cows.","Cows, Animal, Awards, Farmers, Agriculture,Rural & Environment",State,https://www.myscheme.gov.in/schemes/gis
444,"Agriculture,Rural & Environment",MDS,Millet Development Scheme,What is Millet Development Scheme?,"The ""Millet Development Scheme"" introduced by the Agriculture, Farmers Welfare and Cooperation Dept., Gujarat, aims to promote millet cultivation in Gujarat by organizing promotional activities, expos, processing units, demonstrations(seed/input kit ), and taluka-level melas.","Agriculture, Farmer, Millet Development, Input Kits, Seed, Agriculture,Rural & Environment",State,https://www.myscheme.gov.in/schemes/mds
445,"Agriculture,Rural & Environment",ETMAF,Establishment of 12 Milch Animal Farm,What is Establishment of 12 Milch Animal Farm?,"The ""Establishment of 12 Milch Animal Farm"" scheme introduced by the Agriculture, Farmers Welfare and Cooperation Department, Gujarat, supports livestock owners in establishing dairy farms with up to 12 milch animals.","Animal Husbandry, Rural Employment, Animal Farm, Agriculture,Rural & Environment",State,https://www.myscheme.gov.in/schemes/etmaf
446,"Agriculture,Rural & Environment",EOGU,Establishment of Goat Unit (10 +1),What is Establishment of Goat Unit (10 +1)?,"The ""Establishment of Goat Unit (10+1)"" scheme by the Agriculture, Farmers Welfare and Cooperation Department, Gujarat, aims to promote the social and economic upliftment of goat breeders by encouraging goat breeding and genetic improvement through pure breeding.","Animal Husbandry, Goat Breeding, Goat Unit, Agriculture,Rural & Environment",State,https://www.myscheme.gov.in/schemes/eogu
447,"Agriculture,Rural & Environment",SMPACMETF,Scheme to Provide Assistance in Cow Maintenance Expenses to Farmers Practicing Completely Natural Farming Based on Indigenous Cows,What is Scheme to Provide Assistance in Cow Maintenance Expenses to Farmers Practicing Completely Natural Farming Based on Indigenous Cows?,This scheme provides financial assistance for the maintenance of one indigenous cow to farmers who practice completely natural farming methods using native cows.,"Agriculture, Animal Husbandry, Cattle Development, Natural Farming, Agriculture,Rural & Environment",State,https://www.myscheme.gov.in/schemes/smpacmetf
448,"Agriculture,Rural & Environment",TPFAFNFD,To Provide Financial Assistance to the Farmers Practicing Natural Farming Under the Completely Chemical Free Dang District,What is To Provide Financial Assistance to the Farmers Practicing Natural Farming Under the Completely Chemical Free Dang District?,"This scheme provides financial assistance to farmers practicing natural farming in the completely chemical-free Dang district to promote sustainable agriculture, increase productivity, and ensure environmental conservation.","Agriculture, Natural Farming, Soil Fertility, Agriculture,Rural & Environment",State,https://www.myscheme.gov.in/schemes/tpfafnfd
449,"Agriculture,Rural & Environment",TPFKCC,To Provide Interest Subvention to Fishermen of the State at the Rate of 4% to the Beneficiaries Kishan Credit Card,What is To Provide Interest Subvention to Fishermen of the State at the Rate of 4% to the Beneficiaries Kishan Credit Card?,The scheme aims to provide 4% interest subvention to the fishermen in Gujarat on timely repayment of short-term loans taken through the Kisan Credit Card.,"Agriculture, Fisherman, Interest Subvention, Agriculture,Rural & Environment",State,https://www.myscheme.gov.in/schemes/tpfkcc
450,"Agriculture,Rural & Environment",ACFAPGC,Assistance of Concentrate Feed After Parturition (General Category),What is Assistance of Concentrate Feed After Parturition (General Category)?,"The scheme ""Assistance of Concentrate Feed After Parturition (General Category)"" provides 150 kg of BIS Type II concentrate feed to General Category livestock owners after parturition to support cattle health, increase milk production, and enhance calf development.","Animal Husbandry, Cattle Development, Milk Production, Concentrate Feeds, Agriculture,Rural & Environment",State,https://www.myscheme.gov.in/schemes/acfapgc
451,"Agriculture,Rural & Environment",MBP,Mahila Bakri Palan,What is Mahila Bakri Palan?,"The scheme aims to empower women, especially abandoned, widowed, destitute, single, and disaster-affected women, by providing them support for goat rearing to generate livelihood and improve household income.","Goat, Goat Rearing, Widow, Abandoned, Destitute, Disaster Affected Woman, Agriculture,Rural & Environment, Women and Child, Business & Entrepreneurship",State,https://www.myscheme.gov.in/schemes/mbp
452,"Agriculture,Rural & Environment",SPDICV,Scheme of Production of Domestic Indigenous Certified Seed of Cotton Varieties,What is Scheme of Production of Domestic Indigenous Certified Seed of Cotton Varieties?,"The ""Scheme of Production of Domestic Indigenous Certified Seed of Cotton Varieties""  introduced by the Agriculture, Farmers Welfare and Cooperation Department, aims to promote the cultivation and production of local cotton seed varieties across Gujarat.","Agriculture, Cotton Seed, Subsidy, Farmer, Agriculture,Rural & Environment",State,https://www.myscheme.gov.in/schemes/spdicv
453,"Agriculture,Rural & Environment",MRKVY,Mukhyamantri Rajya Krishi Vikas Yojana,What is Mukhyamantri Rajya Krishi Vikas Yojana?,"The scheme aims to help sugarcane farmers grow better crops, increase production, improve sugar quality, and provide support through high-quality seeds, modern techniques, mechanization, crop protection, and advanced farming practices.","Sugarcane, Sugar, Sugarcane Seed, Farmer, Agricultural Equipment, Agriculture,Rural & Environment",State,https://www.myscheme.gov.in/schemes/mrkvy
454,"Agriculture,Rural & Environment",MBBPUYHR,Mukhyamantri Bhed/Bakri (Sheep/Goat) Palak Uthan Yojana for Scheduled Castes,What is Mukhyamantri Bhed/Bakri (Sheep/Goat) Palak Uthan Yojana for Scheduled Castes?,"The scheme aims to uplift Scheduled Caste beneficiaries. Through this scheme, sheep and goat units are provided free of cost, along with veterinary assistance, to eligible unemployed Scheduled Caste families.","Sheep, Goat, Feeder, Scheduled Caste, Employment, Agriculture,Rural & Environment, Skills & Employment",State,https://www.myscheme.gov.in/schemes/mbbpuyhr
455,"Agriculture,Rural & Environment",IFSAWA,PMMSY: Inputs for Saline /Alkaline Water Aquaculture - Haryana,What is PMMSY: Inputs for Saline /Alkaline Water Aquaculture - Haryana?,The subsidy for Inputs for Saline /Alkaline Water Aquaculture under Pradhan Mantri Matsya Sampada Yojana (PMMSY) provides input cost subsidy for saline/alkaline water aquaculture in newly created water bodies to expand fisheries production in Haryana.,"Fish Farmers, Aquaculture, Entrepreneurs, Initial Crop, Agriculture,Rural & Environment, Business & Entrepreneurship",State,https://www.myscheme.gov.in/schemes/sfifsawa
456,"Agriculture,Rural & Environment",PMMSY-EBMRASUHR,Pradhan Mantri Matsya Sampada Yojana: Establishment of Backyard mini RAS Units - Haryana,What is Pradhan Mantri Matsya Sampada Yojana: Establishment of Backyard mini RAS Units - Haryana?,"Under this scheme, financial assistance in the form of subsidies is provided to eligible beneficiaries for establishing these units. Various surface and groundwater sources such as canals, rivers, springs, open wells, and tube wells can be utilized for operating RAS units.","Fisheries, Subsidy, Backyards, Water Source, Fish Farmer, Fish, Agriculture,Rural & Environment",State,https://www.myscheme.gov.in/schemes/ebmrasuhr
457,"Agriculture,Rural & Environment",PMMKSSY-1B,Pradhan Mantri Matsya Kisan Samridhi Sah-yojana (PM-MKSSY): COMPONENT 1B: One-Time Incentive for the Adoption of Aquaculture Insurance,What is Pradhan Mantri Matsya Kisan Samridhi Sah-yojana (PM-MKSSY): COMPONENT 1B: One-Time Incentive for the Adoption of Aquaculture Insurance?,The Component 1B of PM-MKSSY provides a one-time incentive to eligible applicants who have availed institutional credit for fisheries-related activities. The objective is to encourage formal credit adoption and support the repayment capacity of fisheries microenterprises.,"Incentive, Aquaculture, Insurance, Fisheries, Credit, Agriculture,Rural & Environment, Banking,Financial Services and Insurance","Ministry of Fisheries,Animal Husbandry and Dairying",https://www.myscheme.gov.in/schemes/pmmkssy-1b
458,"Agriculture,Rural & Environment",IFDP-SSSFSC,Intensive Fisheries Development Programme - Subsidy on Solar System for fish/shrimp culture,What is Intensive Fisheries Development Programme - Subsidy on Solar System for fish/shrimp culture?,"Under this scheme, subsidies on solar systems for fish/shrimp culture are provided to eligible fish and shrimp farmers. The subsidy is given at 60% of the total project cost, or ₹30,000 per kW, whichever is lower. The maximum subsidy is limited to 30 kW for shrimp farmers and 10 kW for fish farmers.","Subsidy, Solar System, Fish, Fish Farmer, Shrimp Culture, Agriculture,Rural & Environment",State,https://www.myscheme.gov.in/schemes/ssfschr
459,"Agriculture,Rural & Environment",IOCIRS,PMMSY: Installation of Cages in Reservoirs Scheme - Haryana,What is PMMSY: Installation of Cages in Reservoirs Scheme - Haryana?,The scheme aims to promote cage fish farming. It provides grants per unit to the individuals and groups for sustainable aquaculture practices.,"Fish Farming, Fishermen, Subsidy, Scheduled Caste, Women, General Category, Agriculture,Rural & Environment",State,https://www.myscheme.gov.in/schemes/sfiocir
460,"Agriculture,Rural & Environment",ISWC-ATISIS,"""Interest Subvention on Working Capital"" under the ""Assam Tea Industries Special Incentives Scheme""","What is ""Interest Subvention on Working Capital"" under the ""Assam Tea Industries Special Incentives Scheme""?","The scheme aims to ensure long term financial sustainability of the Tea industry and incentivize Orthodox tea production over Crush, Tear, Curl tea. It provides interest subvention, production subsidies, plant & machinery subsidies, tax holidays to tea plantations and manufacturing units in Assam.","Subsidy, Capital, Interest, Incentive, Industry, Agriculture,Rural & Environment, Banking,Financial Services and Insurance",State,https://www.myscheme.gov.in/schemes/iswc-atisis
461,"Agriculture,Rural & Environment",PMMSYICRGUJ,Pradhan Mantri Matsya Sampada Yojana (PMMSY-Inland): Installation of Cage in Reservoir - Gujarat,What is Pradhan Mantri Matsya Sampada Yojana (PMMSY-Inland): Installation of Cage in Reservoir - Gujarat?,The scheme aims to boost inland fish production and employment in fisheries. It provides financial assistance for cage installation in reservoirs to eligible beneficiaries.,"Fish Farming, Biofloc, Recirculating Aquaculture System, Freshwater Hatcheries, Cage, Agriculture,Rural & Environment",State,https://www.myscheme.gov.in/schemes/pmmsyicrguj
462,"Agriculture,Rural & Environment",NMOEDP,National Mission on Edible Oil- Oil Palm: Drip Irrigation,What is National Mission on Edible Oil- Oil Palm: Drip Irrigation?,"The scheme component ""Drip Irrigation"" launched under the ""National Mission on Edible Oil–Oil Palm"" scheme aims to increase the production of oil palm in Gujarat and reduce imports from abroad by providing drip irrigation facilities to farmers under subsidy norms.","Edible Oil, Drip Irrigation, Subsidy, Farmer, Agriculture, Agriculture,Rural & Environment",State,https://www.myscheme.gov.in/schemes/nmoedp
463,"Agriculture,Rural & Environment",AFAEFC,Assistance for Area Expansion in Fruit crops,What is Assistance for Area Expansion in Fruit crops?,"The scheme ""Assistance for Area Expansion in Fruit Crops"" aims to promote fruit crop cultivation through financial assistance for high density and ultra-high density plantations, tissue culture bananas, and papayas to farmers across the state.","Agriculture, Fruit Crop, High Density Plantation, Tissue Culture Banana, Papaya Cultivation, Farmer, Agriculture,Rural & Environment",State,https://www.myscheme.gov.in/schemes/afaefc
464,"Agriculture,Rural & Environment",NMEOESG,National Mission on Edible Oil- Oil Palm: Establishment of Seed Garden,What is National Mission on Edible Oil- Oil Palm: Establishment of Seed Garden?,"The scheme component ""Establishment of Seed Garden"" launched under the ""National Mission on Edible Oil–Oil Palm"" scheme aims to increase oil palm production in Gujarat and reduce imports by establishing seed gardens through infrastructure support to farmers.","Edible Oil, Seed Orchard Infrastructure, Oil Palm Nursery Development, Farmer, Agriculture,Rural & Environment",State,https://www.myscheme.gov.in/schemes/nmeoesg
465,"Agriculture,Rural & Environment",DISTRIBUTIONSEEDSGUJ,Distribution of Seeds of more productions verities / Hybrids verities Seeds and fertilizer at subsidies etc. to Adivasi farmers in Tribal Area: Distribution of Minor and Micro Elements - Gujarat,What is Distribution of Seeds of more productions verities / Hybrids verities Seeds and fertilizer at subsidies etc. to Adivasi farmers in Tribal Area: Distribution of Minor and Micro Elements - Gujarat?,"The scheme aims to enhance productivity for Adivasi farmers through the provision of subsidised seeds, fertilisers, and supporting agricultural inputs. Through this scheme, such inputs are provided to Scheduled Tribe farmers to boost crop yields and livelihoods.","Adivasi Farmers, Crop Production, Livelihood, Seeds, Fertilizer, Subsidies, Agriculture,Rural & Environment",State,https://www.myscheme.gov.in/schemes/distributionseedsguj
466,"Agriculture,Rural & Environment",DSMPVHFDGUJ,Distribution of Seeds of more productions varieties/ Hybrids varieties Seeds and fertilizer at subsidies etc. to Adivasi farmers in Tribal Area: Field Demonstration (TASP & OTASP) Gujarat ,What is Distribution of Seeds of more productions varieties/ Hybrids varieties Seeds and fertilizer at subsidies etc. to Adivasi farmers in Tribal Area: Field Demonstration (TASP & OTASP) Gujarat?,"The scheme aims to improve the agricultural production and livelihood of Scheduled Tribe farmers. Through this scheme, subsidies on seeds, fertilizers, and demonstrations are provided to tribal cultivators.","Adivasi Farmers, Crop Production, Livelihood, Seeds, Fertilizer, Subsidies, Field Demonstration, Agriculture,Rural & Environment",State,https://www.myscheme.gov.in/schemes/dsmpvhfdguj
467,"Agriculture,Rural & Environment",DPN,Decentralized People’s Nursery,What is Decentralized People’s Nursery?,"The scheme aims to increase tree cover and support rural incomes by enabling individuals and institutions to raise tree seedlings. It offers financial assistance per seedling, with beneficiaries retaining ownership of the plants, encouraging commercial nursery activity.","Nursery, Seedlings, Afforestation, Farmers, Forestry, Environment, Rural, Agriculture,Rural & Environment",State,https://www.myscheme.gov.in/schemes/dpn
468,"Agriculture,Rural & Environment",PMMSYUEFVECGUJ,PMMSY: Upgradation of existing fishing vessels for export Competency - Gujarat ,What is PMMSY: Upgradation of existing fishing vessels for export Competency - Gujarat?,"The scheme aims to boost fish production, exports, and the safety of fishermen. Assistance is given for modernisation, insulated vehicles, and upgradation of fishing vessels to improve income and fish quality.","Construction Of Plant, Storage, Fish, Fisherman, Fish Sellers, Upgradation Of Existing Fishing Vessels, Export, Agriculture,Rural & Environment",State,https://www.myscheme.gov.in/schemes/pmmsyuefvecguj
469,"Agriculture,Rural & Environment",GAISGUJ1,Group Accident Insurance Scheme under PMMSY: Accidental death or Permanent Total Disability Gujarat,What is Group Accident Insurance Scheme under PMMSY: Accidental death or Permanent Total Disability Gujarat?,"The scheme aims to provide financial assistance to fishermen/fishermen's families in case of death or injury. Through this scheme, insurance coverage for death permanent partial disability is provided to eligible fishers.","Accident, Death, Disability, Fishermen, Agriculture,Rural & Environment, Banking,Financial Services and Insurance",State,https://www.myscheme.gov.in/schemes/gaisguj1
470,"Agriculture,Rural & Environment",PMMSYCTGUJ,PMMSY: Construction of Ice Plant/Storage of Minimum 10 Tonne Capacity - Gujarat,What is PMMSY: Construction of Ice Plant/Storage of Minimum 10 Tonne Capacity - Gujarat?,"The scheme aims to provide financial assistance for the construction of ice plants/storage units of at least 10 tonne capacity, supporting fishermen and sellers to maintain fish in fresh and hygienic condition.","Construction Of Ice Plant, Storage, Fish, Fishermen, Fish Sellers, Agriculture,Rural & Environment",State,https://www.myscheme.gov.in/schemes/pmmsyctguj
471,"Agriculture,Rural & Environment",RSSVYGGMDY,Rajya Samekit grami Vikas Yojana - Ganga Gaay Mahila Dairy Yojana,What is Rajya Samekit grami Vikas Yojana - Ganga Gaay Mahila Dairy Yojana?,"The scheme aims to promote dairy entrepreneurship among women, Scheduled Castes, Scheduled Tribes, and general category members of cooperative societies by providing financial assistance through subsidies and loans for the purchase of milch cows and buffaloes.","Ganga, Dairy Farmer, Woman, Cooperative Societies, Cow, Milk Production, Agriculture,Rural & Environment, Women and Child",State,https://www.myscheme.gov.in/schemes/rssvyeggmdy
472,"Agriculture,Rural & Environment",SD-UK,Seed Grant,What is Seed Grant?,The scheme aims to provide seeds to farmers at a concessional rate during Kisan Melas with a subsidy of up to 15%.,"Agriculture, Subsidy, Farmer, Seed Distribution, Agriculture,Rural & Environment",State,https://www.myscheme.gov.in/schemes/sdu
473,"Agriculture,Rural & Environment",ACLWAA,Compensation for Loss of Life and Property Caused by Wild Animals in and around Forest Areas: Assistance for Crop Losses Due to Wild Animal Attacks,What is Compensation for Loss of Life and Property Caused by Wild Animals in and around Forest Areas: Assistance for Crop Losses Due to Wild Animal Attacks?,"The scheme aims to provide financial assistance to farmers for crop losses caused by wild animals in forest areas and their surrounding regions, thereby mitigating economic losses and supporting farmers’ livelihoods.","Crop Losses, Wild Animal Attacks, Compensation For Crop Losses, Wild Animal, Farmer, Agriculture,Rural & Environment",State,https://www.myscheme.gov.in/schemes/cllpwaafadcebnbds
474,"Agriculture,Rural & Environment",VPPY,Vats Palan Protsahan Yojana,What is Vats Palan Protsahan Yojana?,The scheme aims to improve Indian indigenous high-yielding cattle breeds by providing eligible livestock farmers with financial incentives and monthly support for calf maintenance.,"Farmer, Financial Assistance, Cattle Breed, Livestock, Agriculture,Rural & Environment",State,https://www.myscheme.gov.in/schemes/vppy
475,"Agriculture,Rural & Environment",PTOOPFC,Payment in the Owner-Occupied / Public Forestry Case,What is Payment in the Owner-Occupied / Public Forestry Case?,"Under this scheme, farmers are enabled to sell teak and sal wood to the government at notified rates, ensuring fair compensation through timely e-payment.","Farmers, Land, Wood, Teak And Sal, Financial Assistance, Agriculture,Rural & Environment",State,https://www.myscheme.gov.in/schemes/ptoopfc
476,"Agriculture,Rural & Environment",DMF-ACIBP,Development of Manures & Fertilizers: Assistance for Construction/Installation of Biogas Plants,What is Development of Manures & Fertilizers: Assistance for Construction/Installation of Biogas Plants?,"The scheme aims to effectively manage on-farm livestock waste to produce renewable energy through biogas units, converting animal waste into a sustainable energy source. The payment of the sanctioned subsidy is through the Electronic Clearance System (ECS).","Agriculture, Farmer, Crop, Soil, Plant, Agriculture,Rural & Environment",State,https://www.myscheme.gov.in/schemes/dmf-acibp
477,"Agriculture,Rural & Environment",DMF-AUM,Development of Manures & Fertilizers: Assistance for use of Micronutrients,What is Development of Manures & Fertilizers: Assistance for use of Micronutrients?,"The scheme “Development of Manures & Fertilizers"" was launched by the Department of Agriculture, Government of Goa. The ""Assistance for use of Micronutrients"" component of the scheme aims to address micronutrient deficiencies in the soil that affect crop productivity and ensure healthy crop growth.","Agriculture, Farmer, Crop, Soil, Plant, Agriculture,Rural & Environment",State,https://www.myscheme.gov.in/schemes/dmf-bp
478,"Agriculture,Rural & Environment",SSY-GOA,Sheti Samrudhi Yojana,What is Sheti Samrudhi Yojana?,"The scheme aims to provide financial assistance to facilitate community level action for agriculture growth and management of natural resources. It offers financial assistance, wages for personnel, and funding for necessary office equipment for Tribal Farmers Co-operative.","Farmer, Tribal, Cooperative, Agriculture, Subsidy, Rural, Agriculture,Rural & Environment",State,https://www.myscheme.gov.in/schemes/ssy-goa
479,"Agriculture,Rural & Environment",TWP,Top Working Program,What is Top Working Program?,"The scheme aims to transform local varieties of Mango, Ber, Amla, and other indigenous plants into improved varieties. It also provides 20 days of Top Working training to unemployed rural youth.","Horticulture, Farmer, Training, Unemployed Youth, Tool Kit, Financial Assistance, Agriculture,Rural & Environment",State,https://www.myscheme.gov.in/schemes/twp
480,"Agriculture,Rural & Environment",SP,Seed Program,What is Seed Program?,The scheme aims to provide free vegetable seeds to small and marginal farmers and agricultural laborers living below the poverty line.,"Seed Distribution, Horticulture, Vegetable Cultivation, Farmer, Agriculture,Rural & Environment",State,https://www.myscheme.gov.in/schemes/sp
481,"Agriculture,Rural & Environment",IDSDCO,Infrastructure Development Scheme for Dairy Co-operatives,What is Infrastructure Development Scheme for Dairy Co-operatives?,"The scheme aims to provide financial assistance to Dairy Co-operative Societies for their development, smooth functioning of business, and other allied activities, enabling them to become stable and create better infrastructure. The scheme provides financial support in the form of grant or subsidy.","Society, Dairy, Farmer, Subsidy, Infrastructure, Agriculture,Rural & Environment",State,https://www.myscheme.gov.in/schemes/idsdco
482,"Agriculture,Rural & Environment",PFGFSP,Procurement of Food Grains From Farmers at Support Price,What is Procurement of Food Grains From Farmers at Support Price?,"The scheme aims to ensure fair and assured prices for farmers by enabling direct government procurement of wheat, paddy, maize, and jowar from registered farmers at the centrally declared Minimum Support Price (MSP) along with any applicable state bonus during the designated procurement period.","Financial Assistance, Crop, Farmer, Wheat, Paddy, Procurement, Agriculture,Rural & Environment",State,https://www.myscheme.gov.in/schemes/pfgfsp
483,"Agriculture,Rural & Environment",STPMTDH,Scheme to Promote Mechanization for the Development of Horticulture,What is Scheme to Promote Mechanization for the Development of Horticulture?,The scheme aims to promote mechanization for the development of horticulture by providing subsidies to farmers for purchasing modern agricultural machinery used in horticultural crops.,"Mechanization, Horticulture, Subsidy, Modern Machines, Agriculture,Rural & Environment",State,https://www.myscheme.gov.in/schemes/stpmtdh
484,"Agriculture,Rural & Environment",AKJY,Atal Kisan Jyoti Yojana,What is Atal Kisan Jyoti Yojana?,The scheme aims to provide affordable electricity to farmers in Madhya Pradesh by offering power supply at concessional rates.,"Agriculture, Farmer, Agricultural Pump, Agriculture,Rural & Environment, Utility & Sanitation",State,https://www.myscheme.gov.in/schemes/akjy
485,"Agriculture,Rural & Environment",BTY,Balram Talab Yojana,What is Balram Talab Yojana?,"The scheme aims to conserve rainwater in fields to help farmers, ensuring water availability during irrigation and drought conditions. Farmers receive subsidies up to ₹1,00,000/- for pond construction.","Farmer, Irrigation, Subsidy, Water, Construction, Agriculture,Rural & Environment",State,https://www.myscheme.gov.in/schemes/bty
486,"Agriculture,Rural & Environment",APCCAP,Aromatic Plants Cultivation - Centre for Aromatic Plants,What is Aromatic Plants Cultivation - Centre for Aromatic Plants?,"The scheme aims to encourage farmers to grow aromatic plants by providing them with free seeds, planting materials, and technical support, helping them increase their income and promote aromatic farming in Uttarakhand.","Aromatic, Farmer, Aromatic Plants, Cultivation, Agriculture,Rural & Environment",State,https://www.myscheme.gov.in/schemes/apccap
487,"Agriculture,Rural & Environment",DES-G,Dairy Equipment Scheme,What is Dairy Equipment Scheme?,"The scheme aims to help Goan dairy farmers purchase essential equipment by offering a 75% subsidy on approved dairy machinery, promoting efficiency and productivity in dairy farming.","Farmer, Dairy, Subsidy, Equipment, Livestock, Agriculture, Machinery, Agriculture,Rural & Environment",State,https://www.myscheme.gov.in/schemes/des-g
488,"Agriculture,Rural & Environment",KCCSF-CMFPS,Kisan Credit Card Scheme for Fisheries- Chief Minister Fishermen Prosperity Scheme,What is Kisan Credit Card Scheme for Fisheries- Chief Minister Fishermen Prosperity Scheme?,The scheme aims to provide short-term loans for fisheries. It offers zero-percent interest working capital to the fish farmers through cooperative banks.,"Credit Card, Loan, Fishermen, Fish Farmer, Agriculture,Rural & Environment, Banking,Financial Services and Insurance",State,https://www.myscheme.gov.in/schemes/kccsf-cmfps
489,Social welfare & Empowerment,TRPS,Teelu Rauteli Pension Scheme,What is Teelu Rauteli Pension Scheme?,"The scheme aims to provide a monthly pension of ₹1,200/- to male and female individuals above 18 years of age who have incurred a partial disability of 20% to 40% while performing agricultural activities.","Pension, Agricultural Activities, Disability, PwD, Social welfare & Empowerment, Agriculture,Rural & Environment",State,https://www.myscheme.gov.in/schemes/dp-f
490,"Agriculture,Rural & Environment",TPSF,Training Programme for Sugarcane Farmers,What is Training Programme for Sugarcane Farmers?,The scheme aims to enhance the knowledge and skills of sugarcane farmers by providing free training and information on advanced and modern sugarcane cultivation techniques.,"Sugarcane Cultivation, Training, Sugarcane Farmer, Sugarcane, Agriculture,Rural & Environment, Skills & Employment",State,https://www.myscheme.gov.in/schemes/trainsugarfarmers
491,"Agriculture,Rural & Environment",SDPPY,Silage evam Dudharu Pashu Poshan Yojana,What is Silage evam Dudharu Pashu Poshan Yojana?,The scheme aims to improve the nutrition of dairy animals and enhance milk production by providing subsidized silage and feed to members of milk cooperative societies.,"Silage, Milk, Cooperative Society, Milch Animals, Dairy, Animal Nutrition, Agriculture,Rural & Environment",State,https://www.myscheme.gov.in/schemes/sedpy
492,"Agriculture,Rural & Environment",DMPY,Dugdh Mulya Protsahan Yojana,What is Dugdh Mulya Protsahan Yojana?,The scheme aims to encourage milk production and ensure fair remuneration to cattle farmers by providing financial incentives based on the quality of milk supplied to cooperative societies.,"Financial Assistance, Milk, Cooperative Society, Milk Production, Cattle, Agriculture,Rural & Environment",State,https://www.myscheme.gov.in/schemes/dmpy
493,"Agriculture,Rural & Environment",FFDS,Fish Farming Diversification (Scheduled Caste / Scheduled Tribe) Scheme,What is Fish Farming Diversification (Scheduled Caste / Scheduled Tribe) Scheme?,The scheme aims to promote economic empowerment and livelihood diversification among Scheduled Caste and Scheduled Tribe communities through fisheries-based activities.,"Subsidy, Scheduled Caste, Scheduled Tribe, Fish Farmer, Fish Farming, Poultry Farming, Agriculture,Rural & Environment",State,https://www.myscheme.gov.in/schemes/ffds
494,"Agriculture,Rural & Environment",SRC,Silkworm Rearing Chamber,What is Silkworm Rearing Chamber?,"The scheme aims to promote sericulture & enhance silk production among farmers by providing financial assistance for establishing dedicated silkworm rearing chambers. Under this scheme, farmers are provided financial support of upto ₹1,00,000 (80:10:10 pattern) for construction of rearing chambers.","Rearing Chamber, Silk, Silkworm Rearing, Silkworm, Sericulture, Agriculture,Rural & Environment",State,https://www.myscheme.gov.in/schemes/kk
495,"Agriculture,Rural & Environment",STP,Silk Tree Plantation,What is Silk Tree Plantation?,"The scheme aims to promote mulberry cultivation and silkworm rearing among farmers in Uttarakhand by providing financial assistance, technical support, and organized cluster-based sericulture activities to enhance their income and livelihood.","Sericulture, Silk Tree Plantation, Farmer, Silkworms, Silk, Agriculture,Rural & Environment",State,https://www.myscheme.gov.in/schemes/rv
496,"Agriculture,Rural & Environment",SRES,Silkworm Rearing Equipment,What is Silkworm Rearing Equipment?,"The scheme aims to support individuals in silkworm rearing by providing necessary equipment, financial assistance, and technical guidance. Under this scheme, financial assistance of upto ₹40,000/- is provided to individuals for procuring essential equipment required for silkworm rearing.","Silk, Rearing Equipment, Silkworm, Sericulture, Agriculture,Rural & Environment",State,https://www.myscheme.gov.in/schemes/ku
497,"Agriculture,Rural & Environment",MEBVY,Mukhyamantri Ekeekrit Bagwani Vikas Yojana,What is Mukhyamantri Ekeekrit Bagwani Vikas Yojana?,"The scheme aims to promote horticulture development in Uttarakhand by providing farmers with subsidized fruit plants, seeds, pesticides, & horticulture infrastructure such as Cool Houses & Refrigerator Vans, thereby increasing productivity, reducing post-harvest losses, & enhancing farmers’ income.","Horticulture, Horticulture Development, Farmer, Subsidy, Agriculture,Rural & Environment",State,https://www.myscheme.gov.in/schemes/mebvy
498,"Agriculture,Rural & Environment",PRTWP,Payment Related to Wheat Procurement,What is Payment Related to Wheat Procurement?,The scheme aims to ensure timely online payment to farmers for wheat sold at government procurement centers through the Just-In-Time (JIT) system directly into their bank accounts.,"Farmer, Financial Assistance, Wheat, Price, Agriculture,Rural & Environment",State,https://www.myscheme.gov.in/schemes/prtwp
499,Education & Learning,PMVKY,Pradhan Mantri Vanbandhu Kalyan Yojana,What is Pradhan Mantri Vanbandhu Kalyan Yojana?,"The scheme provides comprehensive support through six key components, including integrated village development under Pradhan Mantri Adi Adarsh Gram Yojana, development of Particularly Vulnerable Tribal Groups, support to Tribal Research Institutes, and Pre-Matric and Post-Matric Scholarships.","Tribal, Student, Scholarship, Village, Livelihood, Research, Education & Learning, Agriculture,Rural & Environment",Ministry Of Tribal Affairs,https://www.myscheme.gov.in/schemes/pmvky
500,"Agriculture,Rural & Environment",MGFS,Meghalaya Goat Farming Scheme,What is Meghalaya Goat Farming Scheme?,"The Meghalaya Goat Farming Development Scheme is a component of the Chief Minister’s CM-ELEVATE Program, launched by the Govt of Meghalaya. It aims to employ, engage, and empower youth and rural communities by promoting goat farming entrepreneurship, providing easy access to credit and subsidies.","Goat, Farming, Animal Husbandry, Farmer, EMI, Agriculture,Rural & Environment",State,https://www.myscheme.gov.in/schemes/mgfs
501,"Agriculture,Rural & Environment",MPFS,Meghalaya Poultry Farming Scheme,What is Meghalaya Poultry Farming Scheme?,"The Meghalaya Poultry Farming Scheme is a component under the Chief Minister’s CM-ELEVATE Program launched  by the Government of Meghalaya. It aims to employ, engage, and empower the youth and rural communities by  promoting poultry entrepreneurship through easy access to credit and subsidies.","Poultry, Farming, Farmer, Bank Loan, Agriculture,Rural & Environment",State,https://www.myscheme.gov.in/schemes/mpfs
502,"Agriculture,Rural & Environment",PFBLKAF,Planning for Best Livestock Keeper's Award Function,What is Planning for Best Livestock Keeper's Award Function?,"The ""Planning for Best Livestock Keeper's Award Function"" scheme by the Agriculture, Farmers Welfare and Cooperation Department honors outstanding pastoralists in Gujarat by awarding them at Taluka, District, and State levels for their excellence in animal husbandry.","Agriculture, Animal Husbandry, Award, Financial Assistance, Agriculture,Rural & Environment",State,https://www.myscheme.gov.in/schemes/pobahad
503,"Agriculture,Rural & Environment",AFCMAC,Assistance for Cultivation of Medicinal/ Aromatic Crops,What is Assistance for Cultivation of Medicinal/ Aromatic Crops?,"The scheme provides financial assistance up to 75% of the cost or ₹11,250/- per hectare (whichever is lower) to farmers in Gujarat cultivating medicinal or aromatic crops on land between 0.20 and 4 hectares.","Agriculture, Medicinal Crops, Aromatic Crops, Agriculture,Rural & Environment",State,https://www.myscheme.gov.in/schemes/afcmac
504,"Agriculture,Rural & Environment",TSHSDFL,Trainning Scheme for Horticulture Skill Development to Landless farm labour at Centre of Excelence of Department,What is Trainning Scheme for Horticulture Skill Development to Landless farm labour at Centre of Excelence of Department?,"The ""Training Scheme for Horticulture Skill Development to Landless Farm Labour at Centre of Excellence of Department"" aims to provide skill development training in horticulture to landless farm labourers through the Centres of Excellence.","Horticulture Training, Skill Development, Farmer, Agriculture,Rural & Environment",State,https://www.myscheme.gov.in/schemes/tshsdfl
505,"Agriculture,Rural & Environment",OTSM,One Tea Scheme,What is One Tea Scheme?,The objective of the One Tea Scheme is to ensure a minimum guaranteed price for fresh tea leaves to protect tea farmers from financial losses and provide economic stability. It also aims to support bought-leaf factories and promote sustainable tea cultivation in Meghalaya.,"Tea, Cultural, DBT, Farmer, Agriculture,Rural & Environment",State,https://www.myscheme.gov.in/schemes/otsm
506,"Agriculture,Rural & Environment",NDAA,National Dhanwantari Ayurveda Award,What is National Dhanwantari Ayurveda Award?,"The objective of the award is to motivate vaidyas and Ayurveda experts to adopt and showcase best practices in Ayurveda, promoting high standards of excellence. The award also aims to encourage innovation and outstanding performance in the field through healthy competition.","National Dhanwantari, Ayurved, Award, International Level, Agriculture,Rural & Environment",Ministry Of Ayush,https://www.myscheme.gov.in/schemes/ndaa
507,"Agriculture,Rural & Environment",IDDSG,Integrated Dairy Development Scheme Gujarat,What is Integrated Dairy Development Scheme Gujarat?,"Under this scheme, tribal women beneficiaries are provided with milch cattle, dairy equipment, and financial assistance of up to ₹90,000 per unit.","Financial Assistance, Women, Animal Husbandry, Subsidy, Agriculture,Rural & Environment",State,https://www.myscheme.gov.in/schemes/iddsg
508,"Agriculture,Rural & Environment",CDPNER:CC,Coffee Development Programme in North Eastern Region: Consolidation of Coffee,What is Coffee Development Programme in North Eastern Region: Consolidation of Coffee?,"The scheme ""Consolidation of Coffee"" aims to increase the productivity of the existing coffee holdings by gap filling or rejuvenation, followed by improved cultivation methods such as application of compost, bush management, shade management, pest and disease control, etc.","Agriculture, Farmer, Subsidy, DBT, Financial Assistance, Agriculture,Rural & Environment",Ministry Of Commerce And Industry,https://www.myscheme.gov.in/schemes/cdpnercc
509,"Agriculture,Rural & Environment",ESSPULODD,Establishment of Small Scale Poultry Unit (Layer) for livestock owner of Daman & Diu,What is Establishment of Small Scale Poultry Unit (Layer) for livestock owner of Daman & Diu?,"The scheme aims at the economic upliftment of the SC/ST, SMF, and BPL Families. Through this scheme, financial assistance in the form of a subsidy is provided to SC/ST, SMF, and BPL families.","Poultry Development, BPL Livelihood Support, Egg Production, Livestock Subsidy, SC, ST, Agriculture,Rural & Environment",State,https://www.myscheme.gov.in/schemes/esspulodd
510,"Agriculture,Rural & Environment",POESOISINCONG,Promotion of Exportable surplus of identified spices in NE: Cultivation of NE ginger (Ha),What is Promotion of Exportable surplus of identified spices in NE: Cultivation of NE ginger (Ha)?,"The objective of the scheme is to promote the cultivation of ginger in the North Eastern region by supporting farmers with financial assistance for quality planting material, enhancing productivity and quality, and increasing the exportable surplus of spices from the region.","Ginger, Farming, Farmer, Agriculture, Agriculture,Rural & Environment",Ministry Of Commerce And Industry,https://www.myscheme.gov.in/schemes/poesoisincong
511,"Agriculture,Rural & Environment",ISFEPQIISARADOCOFICS,Integrated Scheme for Export Promotion & Quality Improvement in Spices and Research and Development of Cardamom: Organic Farming: Internal Control System (ICS) (nos),What is Integrated Scheme for Export Promotion & Quality Improvement in Spices and Research and Development of Cardamom: Organic Farming: Internal Control System (ICS) (nos)?,"Under this scheme to support the grower groups / FPOs to establish grower group certification in order to prepare farmers on group formation, organic regulations, certification procedures, training, documentation, internal inspection etc. for organic certification and aggregation of the produce.","Organic Regulations, Farming, Farmers, Internal Control System, Agriculture,Rural & Environment, Business & Entrepreneurship",Ministry Of Commerce And Industry,https://www.myscheme.gov.in/schemes/isfepqiisaradocofics
512,"Agriculture,Rural & Environment",ISFEPQIISARADOCSCILDIE,Integrated Scheme for Export Promotion & Quality Improvement in Spices and Research and Development of Cardamom:  Small Cardamom Irrigation Land Development : Irrigation equipment (Nos.),What is Integrated Scheme for Export Promotion & Quality Improvement in Spices and Research and Development of Cardamom:  Small Cardamom Irrigation Land Development : Irrigation equipment (Nos.)?,The objective of the scheme is to encourage small cardamom growers to bring more area under irrigation and land development in order to increase productivity and improve the quality of small cardamom.,"Gravity Equipments, Irrigation Pump, Micro Sprinkler Sets, Farmer, Agriculture,Rural & Environment",Ministry Of Commerce And Industry,https://www.myscheme.gov.in/schemes/isfepqiisaradocscildie
513,Education & Learning,SR,Student READY (Rural Entrepreneurship Awareness Development Yojana) ,What is Student READY (Rural Entrepreneurship Awareness Development Yojana)?,"The Student READY (Rural Entrepreneurship Awareness Development Yojana) program aims to provide rural entrepreneurship awareness, and practical experience in a real-life situation in rural agriculture, and create awareness to undergraduate students about practical agriculture and allied sciences.","Student, Research And Education, Agriculture, Internship, Farmers, Education & Learning, Agriculture,Rural & Environment",Ministry Of Agriculture and Farmers Welfare,https://www.myscheme.gov.in/schemes/sr
514,"Agriculture,Rural & Environment",ISFEPQIISARADOCPHITBNOS,Integrated Scheme for Export Promotion & Quality Improvement in Spices and Research and Development of Cardamom: Post-Harvest Improvement: Turmeric boiler ( nos),What is Integrated Scheme for Export Promotion & Quality Improvement in Spices and Research and Development of Cardamom: Post-Harvest Improvement: Turmeric boiler ( nos)?,To motivate the growers to boil the turmeric hygienically using steam boiling unit and to produce quality turmeric suitable for exports,"Agriculture, Turmeric Boiler, Farmer, Farming, Agriculture,Rural & Environment, Business & Entrepreneurship",Ministry Of Commerce And Industry,https://www.myscheme.gov.in/schemes/isfepqiisaradocphitbnos
515,"Agriculture,Rural & Environment",PMFBY,Pradhan Mantri Fasal Bima Yojna (PMFBY),What is Pradhan Mantri Fasal Bima Yojna (PMFBY)?,Pradhan Mantri Fasal Bima Yojana was launched in  2016 with the aim to support farmers by providing an affordable comprehensive risk cover for crops.,"Crop, Farmer, Insurance, Agriculture, Premium, Agriculture,Rural & Environment, Banking,Financial Services and Insurance",Ministry Of Agriculture and Farmers Welfare,https://www.myscheme.gov.in/schemes/pmfby
516,"Agriculture,Rural & Environment",Kapy,Krushy Aranya Protsaha Yojane (kapy),What is Krushy Aranya Protsaha Yojane (kapy)?,The Karnataka Forest Department launched 'Krushi Aranya Protsaha Yojane (KAPY)' in 2011-12 to encourage farmers and the public to increase forest and tree cover by providing subsidized seedlings and monetary incentives for planting,"Subsidy, Farmers, Tree Plantation, Three-year Nurturing, Pahani, Agriculture,Rural & Environment",State,https://www.myscheme.gov.in/schemes/kapy
517,"Agriculture,Rural & Environment",MMKSY,Mukhya Mantri Mahila Kisan Sashaktikaran Yojana,What is Mukhya Mantri Mahila Kisan Sashaktikaran Yojana?,Mukhya Mantri Mahila Kisan Sashaktikaran Yojana (MMKSY) is a scheme launched by the Government of Gujarat to empower women farmers in the state. The scheme was announced in the 2018-19 budget and is being implemented by the Department of Agriculture and Co-operation.,"Mukhya Mantri, Mahila, Kisan, Sashaktikaran Yojana, Agriculture,Rural & Environment",State,https://www.myscheme.gov.in/schemes/mmksy
518,"Agriculture,Rural & Environment",STL,Soil Testing Laboratory,What is Soil Testing Laboratory?,"Agriculture and Farmers' Welfare Department launched the ""Soil Testing Laboratory"" scheme for the farmer on 01 April 2013.","Farmers, Agriculture, Soil Health, Agriculture,Rural & Environment",State,https://www.myscheme.gov.in/schemes/stl
519,"Agriculture,Rural & Environment",FFES,Feed And Fodder Entrepreneurship Scheme,What is Feed And Fodder Entrepreneurship Scheme?,"It was launched by Union Government in 2014, and focused on supporting farmers in producing fodder from non-forest wasteland/grassland and cultivating coarse grains","Fodder Value Addition, Total Mixed Ration, Storage Facilities, Farmers Scientist Interaction, Fodder Block Making, Agriculture,Rural & Environment",State,https://www.myscheme.gov.in/schemes/ffes
520,"Agriculture,Rural & Environment",MKUSY,Mukhyamantri Krishi Utpadan Sanrakshan Yojana,What is Mukhyamantri Krishi Utpadan Sanrakshan Yojana?,"The scheme “Mukhyamantri Krishi Utpadan Sanrakshan Yojana” was launched by Dept. of Agriculture, Govt. of Himachal Pradesh by merging 3 ongoing protection-based Departmental schemes namely Sour Badhbandi, Anti-Hail Net Structure & Green House Renovation into single scheme having a common objective.","Solar Fencing, Crop Protection, Subsidy, Hailstorms, Agriculture, Financial Assistance, Poly Sheets, Farmers, Agriculture,Rural & Environment",State,https://www.myscheme.gov.in/schemes/mkusy
521,"Agriculture,Rural & Environment",SSE100BBFSC,Subsidy Scheme For Establishment Of 100 Broiler Birds' Farm For Schedule Caste,What is Subsidy Scheme For Establishment Of 100 Broiler Birds' Farm For Schedule Caste?,"The scheme “Subsidy Scheme for Establishment of 100 Broiler Birds' Farm for Schedule Caste” was launched by the Department of Agriculture, Farmers Welfare & Co-operation, Government of Gujarat to provide supplementary income to Schedule Caste People of the society.","Poultry Farming, Scheduled Caste, Subsidy, Broiler Birds, Financial Assistance, Agriculture,Rural & Environment, Business & Entrepreneurship",State,https://www.myscheme.gov.in/schemes/sse100bbfsc
522,"Agriculture,Rural & Environment",SSE25RBUSC,Subsidy Scheme On Establishment Of 25 R.I.R. Birds’ Unit For Scheduled Caste,What is Subsidy Scheme On Establishment Of 25 R.I.R. Birds’ Unit For Scheduled Caste?,"The scheme “Subsidy Scheme on Establishment of 25 R.I.R. Birds’ unit for Scheduled Caste” was launched by the Department of Agriculture, Farmers Welfare & Co-operation, Government of Gujarat to provide employment, nutritious diet and to raise the income of Schedule Caste People of the society.","Poultry Farming, Rhode Island Red, Subsidy, Scheduled Caste, Agriculture,Rural & Environment, Business & Entrepreneurship",State,https://www.myscheme.gov.in/schemes/sse25rbusc
523,"Agriculture,Rural & Environment",PSS,Price Support Scheme,What is Price Support Scheme?,The Government's price policy for agricultural commodities seeks to ensure remunerative prices to the growers for their produce with a view to encourage higher investment and production and to safeguard the interest of consumers by making available supplies at reasonable prices.,"Farmer, Agriculture, Seeds, DBT, Financial Assistance, Agriculture,Rural & Environment",State,https://www.myscheme.gov.in/schemes/pss
524,"Agriculture,Rural & Environment",SSEGU10GCP,Subsidy Scheme For Establishment Of Goat Unit (10+1) For General Category People,What is Subsidy Scheme For Establishment Of Goat Unit (10+1) For General Category People?,"The scheme “Subsidy Scheme for Establishment of Goat Unit (10+1) for General Category People” was launched by the Department of Agriculture, Farmers Welfare & Co-operation, Government of Gujarat to uplift Economically poor livestock breeders of Gujarat State.","General Category, Goat, Subsidy, Milk Production, Employment, Agriculture,Rural & Environment, Business & Entrepreneurship",State,https://www.myscheme.gov.in/schemes/ssegu10gcp
525,"Agriculture,Rural & Environment",SPARA,Sardar Patel Agriculture Research Award,What is Sardar Patel Agriculture Research Award?,"The scheme “Sardar Patel Agriculture Research Award” was launched by the Department of Agriculture, Farmers Welfare & Co-operation, Government of Gujarat on 30.10.1995.","Agriculture, Farmer, Research, Honour, Award, Agriculture,Rural & Environment",State,https://www.myscheme.gov.in/schemes/spara
526,"Agriculture,Rural & Environment",ASDTPWFF,Agricultural Skill Development Training Programme For Women Farmers And Farmers,What is Agricultural Skill Development Training Programme For Women Farmers And Farmers?,"The scheme “Agricultural Skill Development Training Programme for Women Farmers and Farmers” was started by the Department of Agriculture, Farmers Welfare & Co-operation, Government of Gujarat.","Agriculture, Farmer, Women, Training, Skill Development, Youth, Agriculture,Rural & Environment",State,https://www.myscheme.gov.in/schemes/asdtpwff
527,"Agriculture,Rural & Environment",BSYRJ,Beej Swalamban Yojna,What is Beej Swalamban Yojna?,Mukhyamantri Beej Swavalamban Yojana was started in the year 2017-18 with the objective of producing quality improved seeds on their farms for their own use by the farmers.,"Seeds, Agriculture, Farmers, Farming Assistance, Agriculture,Rural & Environment",State,https://www.myscheme.gov.in/schemes/bsyrj
528,"Agriculture,Rural & Environment",ZBNF,Zero Budget Natural Farming,What is Zero Budget Natural Farming?,"The Rajasthan State government started a scheme ""Zero Budget Natual Farming"" in 2020-21 to promote  natural farming.","Low Cost Fartming, Agriculture, Farmer, Training, Agriculture,Rural & Environment",State,https://www.myscheme.gov.in/schemes/zbnf
529,"Agriculture,Rural & Environment",Ksych,Kisan Samriddhi Yojana - Chhattisgarh,What is Kisan Samriddhi Yojana - Chhattisgarh?,"Chhattisgarh State Government started a scheme ""Kisan Samriddhi Yojana"" for farmer.","Financial Assistance, Farmers, Agriculture, Pump Installation, Agriculture,Rural & Environment",State,https://www.myscheme.gov.in/schemes/ksych
530,"Agriculture,Rural & Environment",FAPBNIA,Financial Assistance for Purchase of Barrier Net and its Accessories,What is Financial Assistance for Purchase of Barrier Net and its Accessories?,"“Financial Assistance for Purchase of Barrier Net and its Accessories” is a scheme by Dept. of Fisheries, Govt. of Goa. Under this Scheme financial assistance is provided as a subsidy on the purchase of barrier nets and accessories for the fishermen. The applications are accepted offline.","Fishermen, Fish, Subsidy, Financial Assistance, Agriculture,Rural & Environment",State,https://www.myscheme.gov.in/schemes/fapbnia
531,"Agriculture,Rural & Environment",FAFPFR(GN/RGNWA),Financial Assistance To Fishermen For Purchase of Fisheries Requisites (Gill Net/ River Gill Net with Accessories),What is Financial Assistance To Fishermen For Purchase of Fisheries Requisites (Gill Net/ River Gill Net with Accessories)?,"“Financial Assistance To Fishermen For Purchase of Fisheries Requisites” is a scheme by the Department of Fisheries, Government of Goa. Through this scheme, a 50% subsidy is provided to the fishermen of Goa for the purchase of fisheries requisites (gill nets with accessories).","Fishermen, Fish, Subsidy, Financial Assistance, Marine, Agriculture,Rural & Environment",State,https://www.myscheme.gov.in/schemes/fafpfrgnrgnwa
532,"Agriculture,Rural & Environment",FATUVAS,Financial Assistance to Take up Value Addition to Seafood,What is Financial Assistance to Take up Value Addition to Seafood?,"Through this scheme, individuals who have been residents of Goa for the last 15 years, and are interested in setting up a unit for value-added fisheries products are provided financial assistance as a subsidy of 50% of the cost for the Construction or Renovation of the Unit/ Purchase of Equipment.","Subsidy, Financial Assistance, Fisheries, Construction, Equipment, Agriculture,Rural & Environment",State,https://www.myscheme.gov.in/schemes/fatuvas
533,"Agriculture,Rural & Environment",GVATBSHSDOCFVS,Goa Value Added Tax-Based Subsidy on H.S.D. Oil Consumed by Fishing Vessels Scheme,What is Goa Value Added Tax-Based Subsidy on H.S.D. Oil Consumed by Fishing Vessels Scheme?,"“Goa Value Added Tax-Based Subsidy on H.S.D. Oil Consumed by Fishing Vessels Scheme” is a scheme by the Department of Fisheries, Govt. of Goa. Through this scheme, the amount equivalent to the actual VAT paid shall be reimbursed to the owner as a subsidy on H.S.D. Oil consumed by the fishing vessel.","Fish, Fishermen, Subsidy, Financial Assistance, Agriculture,Rural & Environment",State,https://www.myscheme.gov.in/schemes/gvatbshsdocfvs
534,Social welfare & Empowerment,NCRFS,Natural Calamity Relief to Fishermen of State,What is Natural Calamity Relief to Fishermen of State?,"“Natural Calamity Relief to Fishermen of State” is a scheme by the Dept of Fisheries, Govt of Goa. Through this scheme, financial assistance is provided to the active fishermen who contribute to the Fishermen Corpus Relief Fund, whose fishing vessels are damaged or lost due to natural calamities.","Fishermen, Disaster, Crisis, Financial Assistance, Relief, Social welfare & Empowerment, Agriculture,Rural & Environment",State,https://www.myscheme.gov.in/schemes/ncrfs
535,"Agriculture,Rural & Environment",ISLAAA,Interest Subsidy on Loans for Agriculture and Allied Activities,What is Interest Subsidy on Loans for Agriculture and Allied Activities?,"“Interest Subsidy on Loans for Agriculture and Allied Activities” is a scheme by the Dept. of Fisheries, Govt. of Goa. The bonafide agriculturist, individual of the animal husbandry/fisheries sector from Goa are provided a loan of upto ₹ 5,00,000 for the purpose of Agriculture and Allied Activities.","Fisheries, Animal Husbandry, Loan, Agriculture, Subsidy, Agriculture,Rural & Environment",State,https://www.myscheme.gov.in/schemes/islaaa
536,"Agriculture,Rural & Environment",RSESTHSDO-FAASCDMF,Reimbursement/ Spot Exemption of Sales Tax on High-Speed Diesel Oil,What is Reimbursement/ Spot Exemption of Sales Tax on High-Speed Diesel Oil?,"The scheme ""Reimbursement/ Spot Exemption of Sales Tax on High-Speed Diesel Oil"" under ""Financial Assistance for Availing Subsidy Components for the Development of Marine Fisheries"" introduced to reimburse the sales tax on high-speed diesel oil used by the registered mechanized boat operators.","Reimbursement, Exemption, Tax, Diesel, Oil, Fisherman, Fish, Agriculture,Rural & Environment",State,https://www.myscheme.gov.in/schemes/rsesthsdo-faascdmf
537,"Agriculture,Rural & Environment",FAFWAF,Financial Assistance to Fresh Water Aquaculture Farms,What is Financial Assistance to Fresh Water Aquaculture Farms?,"“Financial Assistance to Fresh Water Aquaculture Farms” is a scheme by the Dept. of Fisheries, Govt. of Goa. Through this scheme, financial assistance is provided to eligible fishermen for the construction and renovation of the Farm, for the purchase of farming equipment, and the purchase of feed.","Fishermen, Fish, Aquaculture, Subsidy, Equipment, Shrimp, Agriculture,Rural & Environment",State,https://www.myscheme.gov.in/schemes/fafwaf
538,"Agriculture,Rural & Environment",AGFST,Assistance to General Farmers for Sinking Tubewell,What is Assistance to General Farmers for Sinking Tubewell?,"“Assistance to General Farmers for Sinking Tubewell"" was launched by the Dept of Agriculture and Farmer's Welfare, UT of Puducherry. Through this scheme, the farmers from the General Category are provided with a grant of 65% subsidy towards the construction of tubewell/filter point per individual.","Tubewell, Subsidy, Farmer, Agriculture, Agriculture,Rural & Environment",State,https://www.myscheme.gov.in/schemes/agfst
539,"Agriculture,Rural & Environment",ASCFST,Assistance to Scheduled Caste Farmers for Sinking Tubewell,What is Assistance to Scheduled Caste Farmers for Sinking Tubewell?,"“Assistance to Scheduled Caste Farmers for Sinking Tubewell"" was launched by Dept of Agriculture and Farmer's Welfare, UT of Puducherry. Through this scheme, the farmers from the SC Category are provided with a grant of 90% subsidy towards the construction of tubewell/filter points per individual.","Tubewell, Subsidy, Farmer, Agriculture, Scheduled Caste, Agriculture,Rural & Environment",State,https://www.myscheme.gov.in/schemes/ascfst
540,"Agriculture,Rural & Environment",DSC,Development of Strawberry Cultivation,What is Development of Strawberry Cultivation?,The objective of the scheme is to provide farmers with quality and improved varieties of strawberry planting materials so as to encourage area expansion under this crop such that commercialization horticulture under this crop is achieved.,"Strawberry Cultivation, Horticulture, Farmer, Agriculture, Agriculture,Rural & Environment",State,https://www.myscheme.gov.in/schemes/dsc
541,"Agriculture,Rural & Environment",AISPMIS,Assistance for Installation of Sprinkler / Drip Micro Irrigation Systems,What is Assistance for Installation of Sprinkler / Drip Micro Irrigation Systems?,"Through this scheme, the Marginal Farmers, Small farmers, Scheduled Caste/ Schedule Tribe Farmers, Women Farmers, Big Farmers and Institutions are provided with a subsidy on the total cost or ₹ 25,000/‐ per hectare whichever is less for the installation of Sprinkler / Drip Micro Irrigation Systems.","Irrigation, Farmer, Agriculture, Subsidy, Crop, Agriculture,Rural & Environment",State,https://www.myscheme.gov.in/schemes/aispmis
542,"Agriculture,Rural & Environment",VDS,Vegetable Development Scheme,What is Vegetable Development Scheme?,"The objective of the scheme is to promote vegetable production through HYV Seeds/ Hybrids/ Improved/ Open Pollinated seedlings, including assistance to farmers.","Agriculture, Farmer, Vegetable Production, Subsidy, Vegetable Seed, Poly House, Agriculture,Rural & Environment",State,https://www.myscheme.gov.in/schemes/vds
543,"Agriculture,Rural & Environment",PPS,Plant Protection Scheme,What is Plant Protection Scheme?,The objective of the scheme is to control pests and diseases including weeds and rodents of horticultural crops by the distribution of bio-pesticides/Bio-agents and equipment at 50% subsidy.,"Plant Protection, Bio-pesticides, Bio-agents, Subsidy, Farmer, Agriculture, Horticulture, Agriculture,Rural & Environment",State,https://www.myscheme.gov.in/schemes/pps
544,"Agriculture,Rural & Environment",HMNEH,Horticulture Mission for North Eastern Hill Scheme- Meghalaya,What is Horticulture Mission for North Eastern Hill Scheme- Meghalaya?,"The objective of the scheme is to improve productivity, quality planting material, canopy management of fruit trees, support marginal and small farmers, upscaling protected cultivation, and drip irrigation.","Horticulture, North Eastern Hill, Integrated Development, Mission, Farmer, Agriculture,Rural & Environment",State,https://www.myscheme.gov.in/schemes/hmneh
545,"Agriculture,Rural & Environment",MIDHHMNEH-MEGHALAYA,Mission for Integrated Development of Horticulture Sub Scheme Horticulture Mission for North East and Himalayan Region- Meghalaya,What is Mission for Integrated Development of Horticulture Sub Scheme Horticulture Mission for North East and Himalayan Region- Meghalaya?,"The scheme is implemented by the Department of Agriculture & Farmers’ Welfare, Government of Meghalaya to promote holistic growth of Horticulture sector thorough promotion, extension, post-harvest management, processing and marketing.","Mission, Integrated Development, Horticulture, Agriculture, Farmer, Agriculture,Rural & Environment",State,https://www.myscheme.gov.in/schemes/midhhmneh-meghalaya
546,"Agriculture,Rural & Environment",FPC,Fruit Processing Centre,What is Fruit Processing Centre?,"The objective of scheme is to disseminate technical knowhow to youth entrepreneurs, farmers & housewives through practical demonstration on importance of fruit preservation & to manufacture quality processed fruit products such as Squashes, Jams, Jelly & Juices under trade name ‘Meg Fruits Product'.","Horticulture, Farmer, Youth Entrepreneur, Training, Demonstration, Fruit Processing, Vegetable Processing, Agriculture,Rural & Environment",State,https://www.myscheme.gov.in/schemes/fpc
547,"Agriculture,Rural & Environment",PIBESCHC,Production Incentive / Back-Ended Subsidy for Cultivation of Horticulture Crops,What is Production Incentive / Back-Ended Subsidy for Cultivation of Horticulture Crops?,"Through this scheme, the farmers who possess farmer's identity cards / authenticated land records/documents are provided with One-Time Assistance/ Bi‐Annual Assistance/ Annual Assistance for the Cultivation of Horticulture Crops such as Mango, Guava, and Sapota.","Subsidy, Horticulture, Crop, Incentive, Farmer, Agriculture,Rural & Environment",State,https://www.myscheme.gov.in/schemes/pibeschc
548,"Agriculture,Rural & Environment",RCTPM,Regional Centre for Training and Production of Mushroom,What is Regional Centre for Training and Production of Mushroom?,The objective of the scheme is to train farmers in the method of mushroom cultivation and to supply quality spawn and pasteurized compost to farmers.,"Agriculture, Farmer, Mushroom Production, Financial Assistance, Training, Agriculture,Rural & Environment",State,https://www.myscheme.gov.in/schemes/rctpm
549,"Agriculture,Rural & Environment",SCFC-CPT,"""Subsidy for Cultivation of Fodder Crops"" Component of the ""Crop Production Technology"" Scheme","What is ""Subsidy for Cultivation of Fodder Crops"" Component of the ""Crop Production Technology"" Scheme?","The ""Subsidy for Cultivation of Fodder Crops"" scheme was introduced by the Department of Agriculture and Farmer's Welfare, Union Territory of Puducherry. Through this scheme, cash incentives are distributed to Farmers and Self Help Groups for undertaking fodder cultivation in the Puducherry region.","Subsidy, Cultivation, Fodder, Farmer, Agriculture, Agriculture,Rural & Environment",State,https://www.myscheme.gov.in/schemes/scfc-cpt
550,"Agriculture,Rural & Environment",SRMIQC,Soil Resource Management and Inputs Quality Control,What is Soil Resource Management and Inputs Quality Control?,"Through the scheme “Soil Resource Management and Inputs Quality Control"", the farmers can give their soil and water samples to the soil testing lab for analysis and recommendation at completely free of cost.","Soil, Quality, Sample, Testing, Lab, Agriculture,Rural & Environment",State,https://www.myscheme.gov.in/schemes/srmiqc
551,"Agriculture,Rural & Environment",AE(M)S,Agriculture Engineering (Mechanical) Scheme,What is Agriculture Engineering (Mechanical) Scheme?,The objective of the scheme is to provide agricultural machinery such as power tillers/ bulldozers/ tractors etc. on hiring at subsidised rate.,"Agriculture, Engineering, Mechanical, Agricultural Machinery, Farmer, Subsidy, Agriculture,Rural & Environment",State,https://www.myscheme.gov.in/schemes/aems
552,"Agriculture,Rural & Environment",BATCS,Basic Agriculture Training Centre Scheme,What is Basic Agriculture Training Centre Scheme?,The objective of the scheme is to provide short-term vocational training for rural educated unemployed youths in agriculture and allied sectors to develop entrepreneurship skills and employment generation.,"Agriculture, Training Centre, Vocational Training, Unemployed Youth, Entrepreneurship Skills, Employment, Farmer, Agriculture,Rural & Environment",State,https://www.myscheme.gov.in/schemes/batcs
553,"Agriculture,Rural & Environment",SPK,Sinchai Pipeline Karyakram,What is Sinchai Pipeline Karyakram?,"In ""Sinchai Pipeline Karyakram"" Rajasthan government will provide subsidies to farmers on purchasing irrigation pipelines. So that farmers can get rid of the problem of irrigation. And their income can increase.","Pipe Line, Agriculture, Irrigation, Development, Agriculture,Rural & Environment",State,https://www.myscheme.gov.in/schemes/spk
554,"Agriculture,Rural & Environment",DSR,Drip Sanyantr,What is Drip Sanyantr?,"Under the Drip Sanyantr scheme, the government gives subsidies to farmers. There is an immense saving of water in this method. Under this method, water is applied drop by drop to the roots of the plants and wastage of water will negligible.","Farmer, Drip Sanyantr, Farming, Agriculture, Agriculture,Rural & Environment",State,https://www.myscheme.gov.in/schemes/dsr
555,"Agriculture,Rural & Environment",KTY,Kantedar Tarbandi Yojana,What is Kantedar Tarbandi Yojana?,A initiative of Rajasthan State for the farmer to protect crops from damage caused by Nilgai and stray animals. Financial assistance will be provided to the farmers by the Rajasthan government for fencing their fields.,"Farming, Financial Benefits, Taarabandi, Agriculture,Rural & Environment",State,https://www.myscheme.gov.in/schemes/kkt
556,"Agriculture,Rural & Environment",IFMWS,Integrated Farming in Micro Watershed Scheme,What is Integrated Farming in Micro Watershed Scheme?,The objective of the scheme is to promote integrated farming activities for improved livelihood in a complementary manner.,"Agriculture, Farmer, Watershed, Training, Technology Support, Subsidy, Agriculture,Rural & Environment",State,https://www.myscheme.gov.in/schemes/ifmws
557,"Agriculture,Rural & Environment",FSR,Fawara Sanyantra,What is Fawara Sanyantra?,"Under the Fawara Sanyantra Through this scheme, the government will provide subsidies to farmers to install sprinkler plants. This will save water and farmers will also be able to irrigate their fields through sprinklers.","Farming, Agriculture, Development, Fountain Plant, Agriculture,Rural & Environment",State,https://www.myscheme.gov.in/schemes/fsr
558,"Agriculture,Rural & Environment",KT,Khet Talai,What is Khet Talai?,"Under the Khet Talai scheme, the Rajasthan Government gives subsidies to the farmers on the construction of farm ponds so that the farmers can collect rainwater and irrigate their fields by making farm ponds in their fields.","Farming, Farmer, Khet Talai, Development, Agriculture,Rural & Environment",State,https://www.myscheme.gov.in/schemes/kt
559,"Agriculture,Rural & Environment",RGKSSY,Rajiv Gandhi Krishak Sathi Sahayta Yojana,What is Rajiv Gandhi Krishak Sathi Sahayta Yojana?,"The Rajiv Gandhi Krishak Sathi Sahayta Yojana offers financial support to farmers, farmworkers, and market laborers who are accidentally injured or killed while working in agriculture or at agricultural markets.","Farmer, Accident, Financial Support, Agriculture,Rural & Environment",State,https://www.myscheme.gov.in/schemes/rgkssy
560,"Agriculture,Rural & Environment",PM,Plastic Mulching,What is Plastic Mulching?,"Under the Plastic Mulching scheme, the Rajasthan government provided subsidies to farmers. In this, the soil surface of the field is covered with plastic film. Farmer can also use crop residues for laying mulch.","Farmer, Plastic Mulching, Farming, Agriculture, Agriculture,Rural & Environment",State,https://www.myscheme.gov.in/schemes/pm
561,"Agriculture,Rural & Environment",FMUIFDS(GC),Fodder Minikits under Integrated Fodder Development Scheme (General Category),What is Fodder Minikits under Integrated Fodder Development Scheme (General Category)?,"The scheme “Fodder Minikits under Integrated Fodder Development Scheme” is implemented by the Directorate of Animal Husbandry, Government of Gujarat to provide an improved variety of fodder seeds to beneficiaries for widespread publicity, demonstration, and adaptation by farmers.","Fodder Minikits, Farmer, Seed, Agriculture,Rural & Environment",State,https://www.myscheme.gov.in/schemes/fmuifdsgc
562,"Agriculture,Rural & Environment",PBY,Pashu Bima Yojana,What is Pashu Bima Yojana?,"The scheme 'Pashu Bima Yojna' was launched by the Directorate of Dairy Development, Government of Bihar. The scheme aims to provide insurance security to farmers against the financial loss caused by cattle death and to improve the rural economy.","Farmer, Insurance, Disease, Animal, Premium, Agriculture,Rural & Environment, Banking,Financial Services and Insurance",State,https://www.myscheme.gov.in/schemes/pby
563,"Agriculture,Rural & Environment",MPPPY,Mukhyamantri Pragatishil Pashupalak Protsahan Yojana,What is Mukhyamantri Pragatishil Pashupalak Protsahan Yojana?,"The ""Mukhyamantri Pragatisheel Pashupalak Protsahan Yojana"" is an initiative under the ""Nand Baba Milk Mission"" aimed to encourage the trend of rearing indigenous breed of cows with high quality and productivity in the state & motivate cattle farmers for breed improvement of cows, their better care.","Cow, Milk Production, Financial Assistance, Opportunity, Cattle Farmers, Agriculture,Rural & Environment",State,https://www.myscheme.gov.in/schemes/mpppy
564,"Agriculture,Rural & Environment",MSGSY,Mukhyamantri Svadeshi Gau Samvardhan Yojana,What is Mukhyamantri Svadeshi Gau Samvardhan Yojana?,"The ""Mukhyamantri Svadeshi Gau Samvardhan Yojana"" under the ""Nand Baba Milk Mission"" aims to enhance milk productivity and per capita milk availability in Uttar Pradesh by encouraging the purchase of indigenous improved breed cows from outside the state and employment opportunities in rural areas.","Milk Mission, Production, Financial Assistance, Farmer, Cow, Agriculture,Rural & Environment, Women and Child, Skills & Employment",State,https://www.myscheme.gov.in/schemes/msgsy
565,"Agriculture,Rural & Environment",SPEOEPSGUGMMAPUY,"Scheme for Providing Employment Opportunities by Establishing Piggery, Sheep and Goat Units (General) under Mukhya Mantri Antyodaya Parivaar Utthan Yojana","What is Scheme for Providing Employment Opportunities by Establishing Piggery, Sheep and Goat Units (General) under Mukhya Mantri Antyodaya Parivaar Utthan Yojana?","Under this scheme, an unemployed resident of Haryana who is between 18 and 60 years of age can avail a 25% subsidy on the cost of livestock, provided they have taken a loan for establishing a 10+1 Piggery unit or a 15+1 Sheep/Goat unit.","Antodayay, Piggery Unit, Sheep Unit, Goat Unit, Financial Assistance, Subsidy, Unemployed, Animal Husbandry, Agriculture,Rural & Environment",State,https://www.myscheme.gov.in/schemes/speoepsgugmmapuy
566,"Agriculture,Rural & Environment",ERSPLSBSG,Establishment of Regional Semen Production Laboratory and Semen Bank for sheep and goat,What is Establishment of Regional Semen Production Laboratory and Semen Bank for sheep and goat?,"Under the Establishment of Regional Semen Production Laboratory and Semen Bank for Sheep and Goat Scheme, the Central Government will provide assistance for the establishment of frozen semen production laboratories for goats and liquid semen production laboratories for sheep at the regional level.","Sheep, Goat, Genetic Improvement, Reproductive Technology, Conservation, Genetic Upgradation, Agriculture,Rural & Environment","Ministry of Fisheries,Animal Husbandry and Dairying",https://www.myscheme.gov.in/schemes/ersplsbsg
567,"Agriculture,Rural & Environment",MPY-MCPNPKY,Matsya Pokhari Yojana,What is Matsya Pokhari Yojana?,"The ""Machha Chasa Pain Nua Pokhari Khola Yojana (Matsya Pokhari Yojana)"" aims to boost fish production in Odisha by creating new water bodies through pond excavation. It targets income generation & employment via freshwater aquaculture. Subsidies are available for pond areas between 0.2 to 2 hectare","Fish Farmer, Pond, Subsidy, Aquaculture, Agriculture,Rural & Environment",State,https://www.myscheme.gov.in/schemes/mpy-mcpnpky
568,"Agriculture,Rural & Environment",DOMOPPE,Distribution of Manually Operated Plant Protection Equipment,What is Distribution of Manually Operated Plant Protection Equipment?,"The ""Distribution of Manually Operated Plant Protection Equipment"" scheme provides farmers with a subsidy of 50% on the cost of equipment to enhance agricultural practices.","Agriculture, Farmer, Equipment Distribution, Manually Operated Equipment, Plant Protection Equipment, Subsidy, Agriculture,Rural & Environment",State,https://www.myscheme.gov.in/schemes/domoppe
569,"Agriculture,Rural & Environment",DOGOS,Distribution of Gypsum-Oil Seeds,What is Distribution of Gypsum-Oil Seeds?,"The ""Distribution of Gypsum-Oil Seeds"" scheme provides a subsidy on the cost of gypsum material and transportation cost, to farmers who produce and supply Foundation and Certified Class seeds.","Agriculture, Farmer, Seed Distribution, Gypsum, Oil Seeds, Subsidy, Agriculture,Rural & Environment",State,https://www.myscheme.gov.in/schemes/dogos
570,"Agriculture,Rural & Environment",DONPV,Distribution of Nuclear Poly Hedrosis Virus,What is Distribution of Nuclear Poly Hedrosis Virus?,"The ""Distribution of Nuclear Poly Hedrosis Virus"" scheme provides subsidies for the distribution of Nuclear Poly Hedrosis Virus (NPV) to farmers raising seed farms with Pulses crops.","Agriculture, Farmer, Nuclear Poly Hedrosis Virus, NPV, Subsidy, Agriculture,Rural & Environment",State,https://www.myscheme.gov.in/schemes/donpv
571,"Agriculture,Rural & Environment",QPSD,Quality Paddy Seed Distribution,What is Quality Paddy Seed Distribution?,The “Quality Paddy Seed Distribution” Scheme offers a subsidy of ₹5/- per kg on certified paddy seeds.,"Agriculture, Farmer, Paddy, Seed Production, Agriculture,Rural & Environment",State,https://www.myscheme.gov.in/schemes/qpsd
572,"Agriculture,Rural & Environment",TTF,Training to Farmers,What is Training to Farmers?,"The scheme “Training to Farmers” provides training to maize farmers across various districts, aiming to enhance farming practices and increase productivity.","Agriculture, Farmer, Maize, Training, Agriculture,Rural & Environment",State,https://www.myscheme.gov.in/schemes/ttf
573,"Agriculture,Rural & Environment",OBD,Organizing Block Demonstration,What is Organizing Block Demonstration?,"The “Organizing Block Demonstration” scheme provides a 50% subsidy or ₹2,000/- (whichever is less) on input costs for demonstrating the cultivation of Pulses crops over 5 hectares.","Agriculture, Farmer, Block Demonstration, Subsidy, Agriculture,Rural & Environment",State,https://www.myscheme.gov.in/schemes/obd
574,"Agriculture,Rural & Environment",OBDTDAATTNAU,Organizing Block Demonstration Through Department And Also Through TNAU,What is Organizing Block Demonstration Through Department And Also Through TNAU?,"The scheme ""Organizing Block Demonstration Through Department And Also Through TNAU"" offers grants to farmers for maize cultivation. Farmers can avail a subsidy for demonstrating cultivation practices on a 1-hectare plot.","Agriculture, Farmer, Block Demonstration, Maize, Agriculture,Rural & Environment",State,https://www.myscheme.gov.in/schemes/obdtdaattnau
575,"Agriculture,Rural & Environment",POCSM,Production of Certified Seeds of Maize,What is Production of Certified Seeds of Maize?,"The ""Production of Certified Seeds of Maize"" scheme, aims to promote the production of certified maize seeds by providing subsidy to farmers in select districts of Tamil Nadu.","Agriculture, Farmer, Certified Seeds, Production Of Seeds, Maize, Agriculture,Rural & Environment",State,https://www.myscheme.gov.in/schemes/pocsm
576,"Agriculture,Rural & Environment",FPY,Fal Podharopan Yojana,What is Fal Podharopan Yojana?,The objective of this scheme is to expand the area under fruit plantation in the district and increase the fruit production. This scheme is implemented in all the 52 districts of the state.,"Fruit, Plantation, Farm, Farmer, Plant, Crop, Agriculture, Horticulture, Agriculture,Rural & Environment",State,https://www.myscheme.gov.in/schemes/fpy
577,"Agriculture,Rural & Environment",NPVY,Nariwal Paudha Vitaran Yojana,What is Nariwal Paudha Vitaran Yojana?,"The scheme aimed at promoting coconut cultivation in non-traditional areas like Bihar. Under this scheme, farmers and urban residents can obtain coconut saplings at a subsidized rate to encourage widespread plantation and utilization.","Agriculture, Subsidy, Plant Supply, Financial Assistance, Coconut Development, Agriculture,Rural & Environment",State,https://www.myscheme.gov.in/schemes/npvy
578,"Agriculture,Rural & Environment",MBYAVYB,Mukhyamantri Bagwani Mission: Anjeer Vikas Yojana,What is Mukhyamantri Bagwani Mission: Anjeer Vikas Yojana?,The Scheme aims to expand plantain cultivation across all districts in Bihar. Farmers can receive subsidies for up to 10 acres and access high-quality tissue-cultured plants for cultivation.,"Agriculture, Subsidy, Plant Supply, Financial Assistance, Fig Development, Agriculture,Rural & Environment",State,https://www.myscheme.gov.in/schemes/mbyavyb
579,"Agriculture,Rural & Environment",PDDUSPBY,Pandit Deen Dayal Upadhyay Samoohik Pashudhan Beema Yojana,What is Pandit Deen Dayal Upadhyay Samoohik Pashudhan Beema Yojana?,"The scheme ""Pandit Deen Dayal Upadhyay Samoohik Pashudhan Beema Yojana"" aims to provide socio-economic security to livestock farmers in the state by covering livestock under an insurance scheme. Financial protection against the risk of loss due to animal death is extended to livestock owners.","Animal, Husbandry, Liverstock, Scheduled Caste, BPL, Insurance, Below Poverty Line, SC, Agriculture,Rural & Environment",State,https://www.myscheme.gov.in/schemes/pdduspby
580,"Agriculture,Rural & Environment",SLISC,Special Livestock Insurance Scheme,What is Special Livestock Insurance Scheme?,"""Special Livestock Insurance Scheme"" is a welfare initiative targeting SC families engaged in livestock rearing. The scheme provides free insurance for livestock, enhancing the economic security of resource-poor SC families. The scheme covers milch animals, sheep, goats, pigs, camels, etc;","Liverstock, Insurance, Animal, Scheduled Caste, Employment, Sheep, Goat, Agriculture,Rural & Environment, Health & Wellness",State,https://www.myscheme.gov.in/schemes/slisc
581,"Agriculture,Rural & Environment",PSSS,Panchayat Secretariat Strengthening Scheme,What is Panchayat Secretariat Strengthening Scheme?,"The ""Panchayat Secretariat Strengthening Scheme"" by the Panchayati Raj Department, Government of Jharkhand, aims to provide financial assistance of ₹15,000 per month to each Gram Panchayat for operational and maintenance purposes, ensuring efficient governance at the grassroots level.","Financial Assistance, Gram Panchayat, Infrastructure Development, Agriculture,Rural & Environment",State,https://www.myscheme.gov.in/schemes/psss
582,"Agriculture,Rural & Environment",AVG,Arka Vertical Garden,What is Arka Vertical Garden?,"""Arka Vertical Garden"" aims to promote vertical gardening in urban and peri-urban areas to increase self-sufficiency and produce pesticide-free vegetables. The scheme provides subsidized vertical garden structures to help families grow their choice of vegetables using vertical space.","Garden, Environment, Plant, Irrigation, Subsidy, Agriculture,Rural & Environment",State,https://www.myscheme.gov.in/schemes/avg
583,"Agriculture,Rural & Environment",SPAFOF,Scheme of Providing Assistance to Encourage Farmers for Adoption of Organic Farming,What is Scheme of Providing Assistance to Encourage Farmers for Adoption of Organic Farming?,"This scheme has been introduced by the Agriculture, Farmers Welfare and Cooperation Dept., Gujarat. It aims to promote organic farming by providing financial assistance to farmers for certification, input subsidies, and residue testing.","Agriculture, Farmer, Organic Farming, Agriculture,Rural & Environment",State,https://www.myscheme.gov.in/schemes/spafof
584,"Agriculture,Rural & Environment",FSSS,Farm Storage Structure Scheme,What is Farm Storage Structure Scheme?,"This scheme has been introduced by the Agriculture, Farmers Welfare and Cooperation Dept., Gujarat. It aims to help farmers to protect their harvested crops from damage due to natural calamities and store them safely for better financial returns by selling at optimal prices.","Agriculture, Farmer, Crop Protection, Crop Storage, Agriculture,Rural & Environment",State,https://www.myscheme.gov.in/schemes/fsss
585,"Agriculture,Rural & Environment",AFCCDWT,To Assist the Farmers for Construction of Community Base Water Tank/Storage Structure for Efficient Use of Water Through Drip Irrigation,What is To Assist the Farmers for Construction of Community Base Water Tank/Storage Structure for Efficient Use of Water Through Drip Irrigation?,"This scheme has been introduced by the Agriculture, Farmers Welfare and Cooperation Department, Gujarat. It aims to provide financial assistance to farmers for constructing community-based water tanks/storage structures to ensure efficient water use through drip irrigation.","Agriculture, Farmer, Water Resources, Community Base Water Tank, Agriculture,Rural & Environment",State,https://www.myscheme.gov.in/schemes/afccdwt
586,"Agriculture,Rural & Environment",SEFAVC,Scheme to Encourage Farmers to Add Value to Crops,What is Scheme to Encourage Farmers to Add Value to Crops?,The scheme provides financial assistance to farmers across Gujarat in adding value to their crops by providing financial assistance for purchasing machinery.,"Agriculture, Value Addition In Crops, Machinery Subsidy, Farmer, Agriculture,Rural & Environment",State,https://www.myscheme.gov.in/schemes/sefavc
587,"Agriculture,Rural & Environment",AFPDCCS,Assistance for Power Driven Chaff Cutter scheme,What is Assistance for Power Driven Chaff Cutter scheme?,"The ""Assistance for Power Driven Chaff Cutter Scheme"" introduced by the Agriculture, Farmers Welfare and Cooperation Department, Gujarat, is designed to help farmers reduce fodder wastage and improve their dairy farming efficiency.","Animal Husbandry, Dairy Farming, Chaff Cutter, Agriculture,Rural & Environment",State,https://www.myscheme.gov.in/schemes/afpdccs
588,"Agriculture,Rural & Environment",MMSYUK,Mukhyamantri Matsya Sampada Yojana,What is Mukhyamantri Matsya Sampada Yojana?,"The scheme aims to enhance fish production, generate employment opportunities, and improve the livelihoods of fish farmers by providing free training, field visits, and seminars on various fisheries-related activities.","Fisheries, Fish, Fish Farming, Training, Agriculture,Rural & Environment",State,https://www.myscheme.gov.in/schemes/cmfs
589,"Agriculture,Rural & Environment",PMMSYMCIBHR,Pradhan Mantri Matsya Sampada Yojana: Motor Cycle with Ice Box - Haryana,What is Pradhan Mantri Matsya Sampada Yojana: Motor Cycle with Ice Box - Haryana?,"The scheme aims to strengthen fish transportation infrastructure and ensure the freshness and quality of fish during transit. Under this scheme, financial assistance is provided to fishers for purchasing motorcycles equipped with ice boxes, ensuring efficient and hygienic fish transport.","Subsidy, Fishermen, Motorcycle, Fish, Ice Box, Fisheries, Agriculture,Rural & Environment, Business & Entrepreneurship",State,https://www.myscheme.gov.in/schemes/mcwibs
590,"Agriculture,Rural & Environment",FIPCSOMC,PMMSY: Ice Plant/Cold Store of minimum 10-ton capacity Haryana,What is PMMSY: Ice Plant/Cold Store of minimum 10-ton capacity Haryana?,The subsidy for 10-ton capacity ice plant/cold storage units under Pradhan Mantri Matsya Sampada Yojana (PMMSY) supports the establishment of ice plants or cold storage facilities with a minimum capacity of 10 tons to improve fish preservation and cold chain infrastructure in Haryana.,"Fish Farmers, Entrepreneurs, Cold Chain Infrastructure, Fish Preservation, Agriculture,Rural & Environment, Social welfare & Empowerment, Business & Entrepreneurship",State,https://www.myscheme.gov.in/schemes/sfipcsomc
591,"Agriculture,Rural & Environment",IVS,PMMSY: Insulated Vehicles - Haryana,What is PMMSY: Insulated Vehicles - Haryana?,The scheme aims to provide a subsidy per unit for purchasing insulated vehicles for the beneficiaries to promote cold-chain logistics in fish transportation.,"Fish Farmer, Vehicle, Financial Assistance, Transportation, Agriculture,Rural & Environment, Transport & Infrastructure",State,https://www.myscheme.gov.in/schemes/ivs
592,"Agriculture,Rural & Environment",FIPCSOMTC,PMMSY: Ice Plant/Cold Store of Minimum 20-Ton Capacity - Haryana,What is PMMSY: Ice Plant/Cold Store of Minimum 20-Ton Capacity - Haryana?,The subsidy for 20-ton capacity ice plant/cold storage units under Pradhan Mantri Matsya Sampada Yojana (PMMSY) supports the establishment of ice plants or cold storage facilities with a minimum capacity of 20 tons to improve fish preservation and cold chain infrastructure in Haryana.,"Entrepreneurs, Fish Farmers, Fish Preservation, Cold Chain Infrastructure, Agriculture,Rural & Environment, Business & Entrepreneurship, Social welfare & Empowerment",State,https://www.myscheme.gov.in/schemes/sfipcsomtc
593,"Agriculture,Rural & Environment",FIPCSOM,PMMSY: Ice Plant/Cold Storage of Minimum 50-Ton Capacity - Haryana,What is PMMSY: Ice Plant/Cold Storage of Minimum 50-Ton Capacity - Haryana?,"This scheme provides financial assistance for setting up ice plants or cold storage units with a minimum capacity of 50 tons, supporting cold chain infrastructure under PMMSY.","Financial Assistance, Fish Quality, Fish Farmers, Entrepreneurs, Cold Chain, Agriculture,Rural & Environment, Business & Entrepreneurship, Social welfare & Empowerment",State,https://www.myscheme.gov.in/schemes/sfipcsom
594,"Agriculture,Rural & Environment",LFFMPC20TD,PMMSY: Large Fish Feed Mill of Production Capacity of 20 Ton /Day Scheme - Haryana,What is PMMSY: Large Fish Feed Mill of Production Capacity of 20 Ton /Day Scheme - Haryana?,The scheme aims to strengthen aquaculture through fish feed production. It provides a grant per unit to the beneficiaries under PMMSY.,"Financial Assistance, Fish Farmer, Production, Subsidy, Agriculture,Rural & Environment",State,https://www.myscheme.gov.in/schemes/lffmpc20td
595,"Agriculture,Rural & Environment",SWHSDS,Solar Water Heating System (Domestic Sector),What is Solar Water Heating System (Domestic Sector)?,"The scheme ""Solar Water Heating System (Domestic Sector)"" by the Renewable Energy Department, Haryana, aims to promote the use of solar energy for domestic water heating by providing a financial subsidy to the residents of Haryana and Haryana Government employees residing in Chandigarh.","Renewable Energy, Solar Water Heater, Solar Energy, Green Energy Initiative, Agriculture,Rural & Environment",State,https://www.myscheme.gov.in/schemes/swhsds
596,"Agriculture,Rural & Environment",PMMSYMFFMPC8TDS,Pradhan Mantri Matsya Sampada Yojana: Medium Fish Feed Mill of Production Capacity of 8 Ton/Day,What is Pradhan Mantri Matsya Sampada Yojana: Medium Fish Feed Mill of Production Capacity of 8 Ton/Day?,"The scheme aims to promote fish feed self-sufficiency and affordability among fish farmers. Under this scheme, financial assistance is provided for setting up medium-sized fish feed mills with a production capacity of 8 tons per day, benefiting entrepreneurs and fish farmers.","Subsidy, Fish Farmer, Entrepreneurs, Fish Production, Fish, Fish Feed, Mill, Agriculture,Rural & Environment",State,https://www.myscheme.gov.in/schemes/mffmpc8tds
597,"Agriculture,Rural & Environment",PMMSYMFFMPC2TD,Pradhan Mantri Matsya Sampada Yojana: Mini Fish Feed Mills of Production Capacity of 2 Ton /Day,What is Pradhan Mantri Matsya Sampada Yojana: Mini Fish Feed Mills of Production Capacity of 2 Ton /Day?,"Under this scheme, financial assistance, in form of subsidy, is provided to individuals for setting up mini feed mills, ensuring the local availability of quality fish feed at affordable prices for fishers and fish farmers.","Fish, Fish Farmer, Fish Production, Entrepreneur, Mini Fish Feed Mill, Agriculture,Rural & Environment",State,https://www.myscheme.gov.in/schemes/mffmpc2td
598,"Agriculture,Rural & Environment",IFDPSIPSCI,Intensive Fisheries Development Programme - Subsidy on Insurance Premium for Shrimp Crop Insurance ,What is Intensive Fisheries Development Programme - Subsidy on Insurance Premium for Shrimp Crop Insurance?,"The scheme aims to promote sustainable aquaculture by reducing financial risk of shrimp farmers through subsidized insurance coverage.Under this scheme, a 50% subsidy is provided on insurance premium paid by eligible fish farmers for shrimp crop insurance, helping them mitigate potential crop losses","Subsidy, Farmer, Crop Insurance, Shrimp Crop, Insurance, Agriculture,Rural & Environment, Banking,Financial Services and Insurance",State,https://www.myscheme.gov.in/schemes/soipfsci
599,"Agriculture,Rural & Environment",SWSCFFSS1YLM,Scheme for the Welfare of Schedule Caste Families in Fisheries Sector: Subsidy on 1st Year Lease Money ,What is Scheme for the Welfare of Schedule Caste Families in Fisheries Sector: Subsidy on 1st Year Lease Money?,The objective of the scheme is to provide full-time employment to individuals from Scheduled Caste families in the fisheries sector and to uplift these families by promoting fish farming through financial assistance for leasing Panchayati ponds or watershed areas.,"Subsidy, Fish Farming, Schedule Caste, Lease Money, Pond, Agriculture,Rural & Environment",State,https://www.myscheme.gov.in/schemes/so1ylm
600,"Agriculture,Rural & Environment",PMMSYELRASGUJ,Pradhan Mantri Matsya Sampada Yojana (PMMSY-Inland): Establishment of Large RAS Culture System Gujarat,What is Pradhan Mantri Matsya Sampada Yojana (PMMSY-Inland): Establishment of Large RAS Culture System Gujarat?,"The scheme provides financial assistance for various inland fisheries activities, including the establishment of large Recirculating Aquaculture Systems (RAS), and is provided to individuals, societies, self-help groups, associations, reservoir leaseholders, and private entities.","Fish Farming, Biofloc, Recirculating Aquaculture System, Employment, Large RAS, Agriculture,Rural & Environment",State,https://www.myscheme.gov.in/schemes/pmmsyelrasguj
601,"Agriculture,Rural & Environment",PMMSYEMRGUJ,Pradhan Mantri Matsya Sampada Yojana (PMMSY-Inland): Establishment of Medium RAS Culture System Gujarat,What is Pradhan Mantri Matsya Sampada Yojana (PMMSY-Inland): Establishment of Medium RAS Culture System Gujarat?,The scheme aims to enhance fish production and create employment through sustainable inland fisheries. It provides financial support to eligible beneficiaries for setting up medium-scale RAS units.,"Fish Farming, Biofloc, Recirculating Aquaculture System, Fish, Agriculture,Rural & Environment",State,https://www.myscheme.gov.in/schemes/pmmsyemrguj
602,"Agriculture,Rural & Environment",PMMSYEBYMGUJ,Pradhan Mantri Matsya Sampada Yojana (PMMSY-Inland): Establishment of Back-Yard Mini RAS Unit Gujarat,What is Pradhan Mantri Matsya Sampada Yojana (PMMSY-Inland): Establishment of Back-Yard Mini RAS Unit Gujarat?,The scheme aims to enhance inland fish production and create employment. It provides subsidies to eligible beneficiaries for fish hatchery and RAS unit establishment.,"Fish Farming, Recirculating Aquaculture System, Fish, Biofloc, Agriculture,Rural & Environment",State,https://www.myscheme.gov.in/schemes/pmmsyebymguj
603,"Agriculture,Rural & Environment",SMSPGUJ,Sub mission on Seeds and Planting Material,What is Sub mission on Seeds and Planting Material?,"The scheme aims to increase the production of certified/quality seed; strengthen Seed Testing Laboratories; assist Seed Producing Institutes for the adoption of new technologies, ensuring farmers get quality seeds at the right time and reasonable prices.","Improve Seed Quality, Seed Bank, Quality Control Laboratories, Farmer, Agriculture,Rural & Environment",State,https://www.myscheme.gov.in/schemes/smspguj
604,"Agriculture,Rural & Environment",MFIHDG,Mission for Integrated Horticulture Development (MIDH),What is Mission for Integrated Horticulture Development (MIDH)?,"The scheme ""Mission for Integrated Horticulture Development (MIDH)"" is a centrally sponsored scheme that aims to promote growth in the horticulture sector through financial and technical support to farmers for cultivation, post-harvest management, and market linkage development.","Horticulture, Post-Harvest Management, Market Development, Agriculture,Rural & Environment",State,https://www.myscheme.gov.in/schemes/mfihdg
605,"Agriculture,Rural & Environment",PMMSYIFAGUJ,Pradhan Mantri Matsya Sampada Yojana (PMMSY-Inland): Inputs for Freshwater Aquaculture - Gujarat,What is Pradhan Mantri Matsya Sampada Yojana (PMMSY-Inland): Inputs for Freshwater Aquaculture - Gujarat?,The scheme aims to increase inland fish production and employment through reservoir-based fish farming. The scheme offers financial assistance to individuals and groups via the iKhedut portal.,"Fish Farming, Biofloc, Recirculating Aquaculture System, Employment, Agriculture,Rural & Environment",State,https://www.myscheme.gov.in/schemes/pmmsyifaguj
606,"Agriculture,Rural & Environment",DSMPVHSCFGUJ,Distribution of Seeds of more productions varieties/ Hybrids varieties Seeds and fertilizer at subsidies etc. to Adivasi farmers in Tribal Area: 100% Soluble Chemical Fertilizer/Nano Fertilizer Gujarat,What is Distribution of Seeds of more productions varieties/ Hybrids varieties Seeds and fertilizer at subsidies etc. to Adivasi farmers in Tribal Area: 100% Soluble Chemical Fertilizer/Nano Fertilizer Gujarat?,"The scheme aims to help Adivasi farmers and tribal cultivators increase crop production and improve their livelihood. Through this scheme, subsidies are provided for various agricultural inputs and equipment such as seeds, fertilizers, plant protection equipment, and pump sets.","Adivasi Farmers, Crop Production, Livelihood, Fertilizer Subsidies, Seeds, Nano Fertilizer, Agriculture,Rural & Environment",State,https://www.myscheme.gov.in/schemes/dsmpvhscfguj
607,"Agriculture,Rural & Environment",DSMPVSFPPPGUJ,Distribution of Seeds of more productions varieties/ Hybrids varieties Seeds and fertilizer at subsidies etc. to Adivasi farmers in Tribal Area: Plant protection pesticides Gujarat,What is Distribution of Seeds of more productions varieties/ Hybrids varieties Seeds and fertilizer at subsidies etc. to Adivasi farmers in Tribal Area: Plant protection pesticides Gujarat?,"The scheme aims to help Scheduled Tribe farmers and tribal cultivators residing outside tribal areas achieve higher agricultural crop production and improve their livelihood. Through this scheme, various tools and practices are provided to the farmers at subsidised rates.","Adivasi Farmers, Crop Production, Livelihood, Fertilizer, Subsidies, Plant Protection Pesticides, Agriculture,Rural & Environment",State,https://www.myscheme.gov.in/schemes/dsmpvsfpppguj
608,"Agriculture,Rural & Environment",AEOFSG,Assistance for Establishment of On farm Storage for Sorting-Grading,What is Assistance for Establishment of On farm Storage for Sorting-Grading?,"The scheme ""Assistance for Establishment of On-Farm Storage for Sorting-Grading"" aims to prevent post-harvest spoilage in horticultural crops by providing financial assistance for constructing storage infrastructure and purchasing sorting-grading equipment for farmers across the state.","Horticulture, Agricultural Infrastructure, Farm Storage, Agriculture,Rural & Environment",State,https://www.myscheme.gov.in/schemes/aeofsg
609,"Agriculture,Rural & Environment",AAEVCTHS,Assistance for Area Expansion of Vegetable Crops through Hybrid Seed,What is Assistance for Area Expansion of Vegetable Crops through Hybrid Seed?,"The scheme ""Assistance for Area Expansion of Vegetable Crops through Hybrid Seed"" aims to promote natural farming and hybrid seed cultivation through financial assistance to farmers. The scheme provides up to ₹20,000 per hectare to encourage sustainable agricultural practices.","Vegetable Farming, Hybrid Seed, Natural Farming, Area Expansion, Agriculture,Rural & Environment",State,https://www.myscheme.gov.in/schemes/aaevcths
610,"Agriculture,Rural & Environment",SPAFBGMT,Provide Assistance to Farmers Bringing Goods to Market Committees for Cost of Goods Transportation (Tribal),What is Provide Assistance to Farmers Bringing Goods to Market Committees for Cost of Goods Transportation (Tribal)?,"The scheme ""Provide Assistance to Farmers Bringing Goods to Market Committees for Cost of Goods Transportation (Tribal)"" aims to encourage tribal farmers to bring their produce to market committees by providing financial assistance towards transportation costs.","Tribal Farmers, Agricultural Market Access, Transport Subsidy, Co-operative Institutes, Agriculture,Rural & Environment",State,https://www.myscheme.gov.in/schemes/spafbgmt
611,"Agriculture,Rural & Environment",ATCISTA,Assistance to Co-operative Irrigation Societies (Trible Area),What is Assistance to Co-operative Irrigation Societies (Trible Area)?,"The scheme ""Assistance to Co-operative Irrigation Societies (Tribal Area)"" aims to enhance agricultural productivity by financially supporting co-operative irrigation societies in tribal areas through the installation of water distribution infrastructure.","Irrigation, Co-operative Irrigation Societies, Farm Productivity, Tribal Area Farmers, Agriculture,Rural & Environment",State,https://www.myscheme.gov.in/schemes/atcista
612,"Agriculture,Rural & Environment",SCSPDSFIK,AGR-4 Scheduled Castes Sub-Plan for Distribution of Seeds and Fertilizers Input Kits at Subsidised Rates to Scheduled Caste Cultivators,What is AGR-4 Scheduled Castes Sub-Plan for Distribution of Seeds and Fertilizers Input Kits at Subsidised Rates to Scheduled Caste Cultivators?,"The scheme aims to provide subsidised seeds, fertilizers, and organic inputs to Scheduled Caste farmers to improve agricultural productivity.","Agriculture, Farmer, Distribution Of Seeds, Fertilizers, Agriculture,Rural & Environment",State,https://www.myscheme.gov.in/schemes/scspdsfik
613,"Agriculture,Rural & Environment",NMSA-PKVY,National Mission For Sustainable Agriculture-Parmparagat Krishi Vikas Yojana (NMSA-PKVY),What is National Mission For Sustainable Agriculture-Parmparagat Krishi Vikas Yojana (NMSA-PKVY)?,"The scheme ""National Mission For Sustainable Agriculture-Parmparagat Krishi Vikas Yojana (NMSA-PKVY)"" is a Centrally Sponsored Scheme that aims to promote organic farming practices through providing financial assistance for organic inputs and infrastructure support to farmers.","Organic Farming, Sustainable Agriculture, Infrastructure Support, Agriculture,Rural & Environment",State,https://www.myscheme.gov.in/schemes/nmsa-pkvy
614,"Agriculture,Rural & Environment",WSCP,Whale Shark Conservation Programme,What is Whale Shark Conservation Programme?,"The scheme aims to protect the endangered Whale Shark, the world's largest fish, along the Gujarat coast, a crucial breeding site. It mitigates threats from fishing by providing compensation for damaged nets and cultivates a strong conservation ethic among local fishermen and the broader public.","Fishermen, Whale, Shark, Compensation, Marine, Wildlife, Agriculture,Rural & Environment",State,https://www.myscheme.gov.in/schemes/wscp
615,Transport & Infrastructure,GSEVP,Gujarat State Electric Vehicle Policy,What is Gujarat State Electric Vehicle Policy?,The policy aims to transition Gujarat's transportation sector towards electric mobility and establish the state as a manufacturing hub for electric vehicles. It provides subsidies for electric vehicle purchases and charging infrastructure development to promote sustainable transportation.,"Vehicle, Manufacturing, Subsidy, Infrastructure, Transport, Technology, Environment, Transport & Infrastructure, Agriculture,Rural & Environment",State,https://www.myscheme.gov.in/schemes/gsevp
616,"Agriculture,Rural & Environment",SFBOTW,Subsidy for Battery Operated 2-Wheelers,What is Subsidy for Battery Operated 2-Wheelers?,"This scheme is introduced by the Climate Change Department, Gujarat, aims to promote renewable energy and clean transportation by providing a subsidy to students for the purchase of battery-operated two-wheelers from authorized manufacturers.","Student, Electric Scooter Subsidy, Electric Vehicle, Renewable Energy, Agriculture,Rural & Environment",State,https://www.myscheme.gov.in/schemes/sfbotw
617,"Agriculture,Rural & Environment",SFBOTHW,Subsidy For Battery Operated Three-Wheelers,What is Subsidy For Battery Operated Three-Wheelers?,"This scheme is introduced by the Climate Change Department, Gujarat, aims to promote the adoption of eco-friendly vehicles by providing a subsidy on the purchase of battery-operated three-wheelers.","Battery Operated Three-Wheelers, Electric Scooter Subsidy, Electric Vehicle, Renewable Energy, Student, Agriculture,Rural & Environment",State,https://www.myscheme.gov.in/schemes/sfbothw
618,Skills & Employment,TPAHWW,Training Program for A-HELP Women Workers - Uttarakhand Livestock Development Board,What is Training Program for A-HELP Women Workers - Uttarakhand Livestock Development Board?,The scheme aims to provide community-service-based skill development and employment opportunities for women in the field of animal husbandry. Eligible women members of Self-Help Groups under the Uttarakhand State Rural Livelihood Mission can apply.,"Training, A-Health Worker, Animal Husbandry, Self-Help Group, Woman, Pashu Sakhi, A-HELP, Skills & Employment, Agriculture,Rural & Environment, Women and Child",State,https://www.myscheme.gov.in/schemes/tpehw
619,"Agriculture,Rural & Environment",NLMEDS,National Livestock Mission: Entrepreneurship Development Scheme - Uttarakhand Livestock Development Board,What is National Livestock Mission: Entrepreneurship Development Scheme - Uttarakhand Livestock Development Board?,"The scheme aims to promote employment generation through entrepreneurship development in the small ruminants, poultry, piggery, and the fodder sectors by providing financial and institutional support to individuals and organized groups under the National Livestock Mission.","Entrepreneurship, Poultry Farming, Piggery Farming, Livestock, Livestock Mission, Agriculture,Rural & Environment, Business & Entrepreneurship",State,https://www.myscheme.gov.in/schemes/nlmeds
620,"Agriculture,Rural & Environment",FADFBSTSCPBDE,Financial Assistance To Dairy Farmers Belonging To Scheduled Tribes And Scheduled Caste For Purchase Of Basic Dairy Equipments,What is Financial Assistance To Dairy Farmers Belonging To Scheduled Tribes And Scheduled Caste For Purchase Of Basic Dairy Equipments?,"The scheme aims to provide assistance to the Scheduled Tribes and Scheduled Caste communities for the purchase of basic dairy equipments needed to run a small scale dairy farming, and to encourage the tribal population to adopt Animal Husbandry activities, especially Dairy Development Schemes.","Farmer, Dairy, Equipment, Subsidy, Scheduled Caste, Scheduled Tribe, Agriculture,Rural & Environment, Social welfare & Empowerment",State,https://www.myscheme.gov.in/schemes/fadfbstscpbde
621,"Agriculture,Rural & Environment",MDADP,"Mukhyamantri Dairy Animal Distribution Programme (Special Backward Tribes Baiga, Bharia & Sahariya)","What is Mukhyamantri Dairy Animal Distribution Programme (Special Backward Tribes Baiga, Bharia & Sahariya)?",The scheme aims to improve the livelihood and nutritional security of tribal communities by providing two dairy animals at a 90% subsidy to eligible tribal livestock farmers.,"Special Backward Tribal, Livestock, Farmer, Financial Assistance, Nutrition, Agriculture,Rural & Environment",State,https://www.myscheme.gov.in/schemes/mdadp
622,"Agriculture,Rural & Environment",TPML,Tour Program of Modern Laboratories,What is Tour Program of Modern Laboratories?,"The scheme aims to promote biotechnology education and research by providing students, researchers, and farmers with exposure to modern laboratories, advanced research activities, and innovative technologies.","Farmer, Researcher, Student, Biotechnology, Modern Laboratories, Agriculture,Rural & Environment",State,https://www.myscheme.gov.in/schemes/tpoml
623,"Agriculture,Rural & Environment",NSYMP,Nandi Shala Yojana,What is Nandi Shala Yojana?,"The scheme aims to improve local cattle breeds through natural insemination. Under this, indigenous breeding bulls are provided on subsidy to livestock farmers in rural Gram Panchayats.","Dairy, Financial Assistance, Subsidy, Farmer, Cattle, Agriculture,Rural & Environment",State,https://www.myscheme.gov.in/schemes/nsymp
624,"Agriculture,Rural & Environment",DMF-SCM,Development of Manures & Fertilizers: Assistance for use of Soil Conditioner,What is Development of Manures & Fertilizers: Assistance for use of Soil Conditioner?,"The scheme aims to amend the soil based on soil test reports, address pH and nutrient deficiencies in fertilization practices, and address important soil deficiencies like micronutrients that affect crop productivity. The payment of the sanctioned subsidy is through the Electronic Clearance System.","Agriculture, Farmer, Crop, Soil, Plant, Agriculture,Rural & Environment",State,https://www.myscheme.gov.in/schemes/dmf-scm
625,"Agriculture,Rural & Environment",NGY-UK,Namami Gange Yojana- Uttarakhand,What is Namami Gange Yojana- Uttarakhand?,The scheme aims to promote sustainable and organic farming practices among farmers residing in villages along the banks of the Ganga and its tributaries.,"Farmer, Organic Farming, Ganga, Agriculture, Agriculture,Rural & Environment",State,https://www.myscheme.gov.in/schemes/ngy-uk
626,"Agriculture,Rural & Environment",DMF-ACIOMU,Development of Manures & Fertilizers:  Assistance for construction/Installation of Organic Manure Units,What is Development of Manures & Fertilizers:  Assistance for construction/Installation of Organic Manure Units?,"The scheme aims to aid in the conversion of available on-farm organic waste into chemical-free organic manure, providing quality organic farming inputs for sustainable agriculture. The applications for this scheme are accepted offline via the Zonal Agriculture Officer.","Agriculture, Farmer, Crop, Soil, Plant, Agriculture,Rural & Environment",State,https://www.myscheme.gov.in/schemes/dmf-aciomu
627,"Agriculture,Rural & Environment",MMKSY-MP,Mukhya Mantri Krishak Samriddhi Yojana,What is Mukhya Mantri Krishak Samriddhi Yojana?,"The scheme aims to incentivize farmers for improving production and quality of specific Rabi and Kharif crops by providing an incentive payment over and above the Minimum Support Price received. It provides varying financial incentives per quintal to registered farmers selling wheat, paddy, etc.","Farmer, Incentive, Agriculture, Procurement, Subsidy, Agriculture,Rural & Environment",State,https://www.myscheme.gov.in/schemes/mmksy-mp
628,"Agriculture,Rural & Environment",MPFVCDES,Madhya Pradesh Fasal Vividhikaran (Crop Diversification) Encouragement Scheme,What is Madhya Pradesh Fasal Vividhikaran (Crop Diversification) Encouragement Scheme?,"The scheme aims to encourage crop diversification by providing necessary inputs to farmers who shift from growing wheat and paddy. Benefits are provided primarily to the implementing Company, Firm, or Institution to cover costs related to Human Resources and Marketing, benefiting farmers.","Farmer, Institution, Crop, Diversification, Marketing, Agriculture, Agriculture,Rural & Environment",State,https://www.myscheme.gov.in/schemes/mpfvcdes
629,"Agriculture,Rural & Environment",PPMPVAAPPFIGS,"Promotion of Post-Harvest Management, Processing, and Value Addition of Aromatic Plant Produce to Farmers/Institutions/Groups in the State - Centre for Aromatic Plants","What is Promotion of Post-Harvest Management, Processing, and Value Addition of Aromatic Plant Produce to Farmers/Institutions/Groups in the State - Centre for Aromatic Plants?","The scheme aims to encourage and support farmers, institutions, and groups engaged in aromatic plant cultivation to establish post-harvest management and processing facilities.","Aromatic Cultivation, Farmer, Aromatic Plants, Post-Harvest Management, Entrepreneurship, Agriculture,Rural & Environment",State,https://www.myscheme.gov.in/schemes/ppmpvaappfigs
630,"Agriculture,Rural & Environment",QTRCAP,Quality Test Report - Centre for Aromatic Plants,What is Quality Test Report - Centre for Aromatic Plants?,"The scheme aims to provide quality testing facilities at a subsidized rate to registered aromatic farmers, enabling them to obtain authentic quality reports for their produce or essential oils.","Aromatic Cultivation, Farmer, Aromatic Plants, Quality Testing, Oil, Agriculture,Rural & Environment",State,https://www.myscheme.gov.in/schemes/qtrcap
631,"Agriculture,Rural & Environment",RSIMP,Revised Scheme For Incentives To Milk Producers,What is Revised Scheme For Incentives To Milk Producers?,BRIEF DESCRIPTION: The scheme aims to encourage farmers and youth in Goa to take up Dairy business to increase local milk production and achieve state self-sufficiency. It offers a 40% composite subsidy on milk proceeds (incentive and cattle feed subsidy) to eligible resident farmers.,"Farmer, Producer, Dairy, Business, Youth, Incentive, Subsidy, Milk, Agriculture,Rural & Environment",State,https://www.myscheme.gov.in/schemes/rsimp
632,"Agriculture,Rural & Environment",DMPHCUKHRDI,"Distribution of Materials to Promote Herbal Cultivation in Uttarakhand - Herbal Research and Development Institute, Uttarakhand","What is Distribution of Materials to Promote Herbal Cultivation in Uttarakhand - Herbal Research and Development Institute, Uttarakhand?","Under this scheme, there is a special provision for the free distribution of seeds or saplings of medicinal plants up to 3 nali and seeds or saplings of aromatic plants up to 5 nali to farmers belonging to border districts, Scheduled Castes/Tribes, and Below Poverty Line (BPL) categories.","Herbal Research, Herbal, Distribution Of Seeds, Distribution Of Saplings, Medicinal Plant, Farmer, Agriculture,Rural & Environment",State,https://www.myscheme.gov.in/schemes/copy-of-cfpc
633,"Agriculture,Rural & Environment",RHC,"Registration of Herb Cultivators - Herbal Research and Development Institute, Uttarakhand","What is Registration of Herb Cultivators - Herbal Research and Development Institute, Uttarakhand?","It aims to register cultivators who grow medicinal and aromatic plants, make the process of using their cultivated herbs easier, and stop the illegal collection of herbs from forests.","Herbal, Herbs, Herb Cultivator, Registration, Agriculture,Rural & Environment",State,https://www.myscheme.gov.in/schemes/rhc
634,"Agriculture,Rural & Environment",MPMS,Mushroom Production and Marketing Scheme,What is Mushroom Production and Marketing Scheme?,"The scheme aims to promote mushroom cultivation among farmers by providing subsidized inputs, training, and support for marketing, thereby increasing their income and encouraging entrepreneurship in the sector.","Mushroom, Marketing, Farmer, Pasteurized Compost, Agriculture,Rural & Environment",State,https://www.myscheme.gov.in/schemes/mpms
635,"Banking,Financial Services and Insurance",FAPBOV,Financial Assistance for Purchase of Battery Operated Vehicles,What is Financial Assistance for Purchase of Battery Operated Vehicles?,"The scheme aims to provide financial assistance to eligible residents of Puducherry for the purchase of Battery-Operated vehicles. The scheme provides financial support, including an investment subsidy of ₹80,000/- provided by the Ministry of New and Renewable Energy, Govt. of India.","Investment, Vehicle, Battery, Subsidy, Loan, Banking,Financial Services and Insurance, Transport & Infrastructure, Agriculture,Rural & Environment",State,https://www.myscheme.gov.in/schemes/fapbov
636,"Agriculture,Rural & Environment",ACSUK,Allotment of Commercial Shops,What is Allotment of Commercial Shops?,The scheme aims to promote ease of doing business for licensed traders by providing them with well-located commercial shops in market yards (mandis).,"Commercial Shop, Business, Trader, Shop Allotment, Agriculture,Rural & Environment, Business & Entrepreneurship",State,https://www.myscheme.gov.in/schemes/acsuk
637,"Agriculture,Rural & Environment",AIGCD,Agricultural Investment Grant (in Case of Crop Damage of 33% or More),What is Agricultural Investment Grant (in Case of Crop Damage of 33% or More)?,"The scheme aims to provide financial assistance to farmers who suffer crop losses of 33% or more due to natural calamities such as floods, heavy rainfall, drought, hailstorms, or other notified disasters.","Farmer, Agricultural, Crop Loss, Investment Subsidy, Crop Damage, Agriculture,Rural & Environment",State,https://www.myscheme.gov.in/schemes/aiguk
638,"Agriculture,Rural & Environment",BKVYHCP,Bhesaj Krishi Vikas Yojana (Herbal Cultivation Programme),What is Bhesaj Krishi Vikas Yojana (Herbal Cultivation Programme)?,"The scheme aims to promote the cultivation of medicinal and herbal plants (Jadi-Buti) among local farmers and unemployed youth, providing sustainable employment and improving their economic well-being.","Bhesaj, Herbal Cultivation, Unemployed, Employment, Pharmaceutical, Agriculture,Rural & Environment",State,https://www.myscheme.gov.in/schemes/bkvyhcp
639,"Agriculture,Rural & Environment",SAE,Spice Area Expansion,What is Spice Area Expansion?,"The scheme aims to promote and expand the cultivation of high-value spices such as ginger, chili, turmeric, and garlic among farmers by providing quality seeds and tubers at a subsidized rate, thereby increasing spice production and enhancing farmers’ income in Uttarakhand.","Horticulture, Spice, Spice Seeds, Farmer, Agriculture,Rural & Environment",State,https://www.myscheme.gov.in/schemes/copy-of-vea
640,"Agriculture,Rural & Environment",VEA,Vegetable Area Expansion,What is Vegetable Area Expansion?,The scheme aims to promote and expand vegetable cultivation across the state by providing seasonal vegetable seeds to farmers at a 50% subsidy.,"Horticulture, Vegetable, Vegetable Seeds, Farmer, Agriculture,Rural & Environment",State,https://www.myscheme.gov.in/schemes/vea
641,"Agriculture,Rural & Environment",IFSPTFSSGUJ,To Increase Fish Seed Production and Inland Fisheries Resources in Tribal Areas: Fish Seed Stocking - Gujarat,What is To Increase Fish Seed Production and Inland Fisheries Resources in Tribal Areas: Fish Seed Stocking - Gujarat?,"The scheme aims to provide financial assistance for fish seed stocking, including transportation costs, is provided to beneficiaries from Scheduled Tribes involved in inland fisheries.","Fish, Fish Activities, Fish Production, Scheduled Tribes, Fishermen, Fish Seed, Stocking, Agriculture,Rural & Environment",State,https://www.myscheme.gov.in/schemes/ifsptfssguj
642,"Agriculture,Rural & Environment",TIFSPTFSRGUJ,To Increase Fish Seed Production and Inland Fisheries Resources in Tribal Areas: Fish Seed Rearing - Gujarat,What is To Increase Fish Seed Production and Inland Fisheries Resources in Tribal Areas: Fish Seed Rearing - Gujarat?,The scheme aims to increase fish production by rearing fish in reservoirs and provide employment to people involved in inland fisheries activities.,"Fish, Fish Activities, Fish Production, Scheduled Tribes, Fishermen, Fish Seed Rearing, Agriculture,Rural & Environment",State,https://www.myscheme.gov.in/schemes/tifsptfsrguj
643,"Agriculture,Rural & Environment",ATPPFS,Assam Tea Plantations Provident Fund Scheme,What is Assam Tea Plantations Provident Fund Scheme?,"The scheme aims to provide financial security to Assam tea plantation workers through a contributory provident fund. It benefits eligible employees earning up to ₹6,500/- per month by accumulating 12% contributions from both the worker and employer, earning interest to be paid upon retirement.","Plantation, Worker, Provident Fund, Retirement, Employee, Agriculture,Rural & Environment, Banking,Financial Services and Insurance",State,https://www.myscheme.gov.in/schemes/atppfs
644,"Agriculture,Rural & Environment",PSSY-SSGSF,Prani Sampad Samruddhi Yojana: Small Scale Goat / Sheep Farming (10+1 Capacity),What is Prani Sampad Samruddhi Yojana: Small Scale Goat / Sheep Farming (10+1 Capacity)?,"The scheme aims to provide livelihood support to the interested beneficiaries to improve the livelihoods of the weaker sections of society. Through this scheme, a subsidy of 60% or 50% of the unit cost is provided to eligible beneficiaries for the establishment of one Goat / Sheep Unit (10+1).","Goat Farming, Sheep Farming, Livelihood Support, Small Animal Development, Farmers, Agriculture,Rural & Environment",State,https://www.myscheme.gov.in/schemes/ssgsf
645,"Agriculture,Rural & Environment",MPDSC,Meghalaya Piggery Development Scheme,What is Meghalaya Piggery Development Scheme?,"The Meghalaya Piggery Development Scheme is a component of the Chief Minister’s CM-ELEVATE Program launched by the Government of Meghalaya. It aims to employ, engage, and empower youth and rural communities by promoting piggery entrepreneurship through easy access to credit and subsidies.","Animal, Piggery, Farmer, Farming, Agriculture,Rural & Environment",State,https://www.myscheme.gov.in/schemes/mpdsc
646,"Agriculture,Rural & Environment",CISFNC,Crop Input Subsidy to the Farmers for Crop Loss Due to Natural Calamities,What is Crop Input Subsidy to the Farmers for Crop Loss Due to Natural Calamities?,"The scheme provides financial assistance to farmers in Gujarat who suffer crop losses due to natural calamities, based on crop damage surveys conducted by the district administration.","Crop Loss, Natural Calamity, Disaster Compensation, Crop Damage Support, Agriculture,Rural & Environment",State,https://www.myscheme.gov.in/schemes/cisfnc
647,"Agriculture,Rural & Environment",AFAESP,Assistance for Area Expansion of Spice Crops,What is Assistance for Area Expansion of Spice Crops?,"The scheme provides financial assistance to farmers for the area expansion of spice crops, including seed and rhizomatic spices, to enhance spice production in Gujarat.","Spice Crop, Agriculture, Area Expansion Farming, Seed Spices, Agriculture,Rural & Environment",State,https://www.myscheme.gov.in/schemes/afaesp
648,"Agriculture,Rural & Environment",APFEFCC,Assistance Program for Expansion of Fruit Crop Cultivation,What is Assistance Program for Expansion of Fruit Crop Cultivation?,"The scheme provides financial assistance to farmers in Gujarat for expanding fruit crop cultivation like mango, banana, papaya, etc., through intensive and ultra-intensive farming methods.","Agriculture, Fruit Crop, Horticulture, Intensive Farming, Agriculture,Rural & Environment",State,https://www.myscheme.gov.in/schemes/apfefcc
649,"Agriculture,Rural & Environment",PAPHSVC,Planting Assistance Program for Hybrid Seeds of Vegetable Crops,What is Planting Assistance Program for Hybrid Seeds of Vegetable Crops?,This scheme offers financial assistance to farmers for the plantation of hybrid seeds and promotion of natural farming in vegetable crops across Gujarat.,"Agriculture, Vegetable Crop, Plantation Assistance, Natural Farming, Agriculture,Rural & Environment",State,https://www.myscheme.gov.in/schemes/paphsvc
650,"Agriculture,Rural & Environment",CSSSSPG,Capital Subsidy Scheme for Setting Up Solar Plant in Milk Cooperatives in Gujarat State (Tribal Area),What is Capital Subsidy Scheme for Setting Up Solar Plant in Milk Cooperatives in Gujarat State (Tribal Area)?,"The scheme aims to promote renewable energy and reduce electricity expenses. Through this scheme, a 75% subsidy is provided for setting up solar plants (1KW to 40KW) in milk cooperative societies in tribal areas.","Agriculture, Solar Subsidy, Milk Cooperatives, Renewable Energy, Electricity Saving, Agriculture,Rural & Environment",State,https://www.myscheme.gov.in/schemes/csssspg
651,"Agriculture,Rural & Environment",SPLFOM,Scheme on Promotion of Use of Liquid Fermented Organic Manure (LFOM) for Increasing Organic Carbon in Soil,What is Scheme on Promotion of Use of Liquid Fermented Organic Manure (LFOM) for Increasing Organic Carbon in Soil?,"The ""Scheme on Promotion of Use of Liquid Fermented Organic Manure (LFOM) for Increasing Organic Carbon in Soil"" offers financial assistance to promote the use of Liquid Fermented Organic Manure (LFOM) and enhance organic carbon levels in soil.","Agriculture, Organic Farming, Liquid Manure, Soil Health, Agriculture,Rural & Environment",State,https://www.myscheme.gov.in/schemes/splfom
652,"Agriculture,Rural & Environment",MMAMS,Mukhya Mantri Agricultural Mechanization Scheme,What is Mukhya Mantri Agricultural Mechanization Scheme?,"The ""Mukhya Mantri Agricultural Mechanization Scheme"" launched by the Agriculture, Farmers Welfare and Cooperation Department, offers financial assistance ranging from ₹1,200/- to ₹11,00,000/- to farmers in Gujarat for purchasing agricultural machinery and farm equipment.","Agriculture, Machine, Subsidy, Agriculture,Rural & Environment",State,https://www.myscheme.gov.in/schemes/mmams
653,"Agriculture,Rural & Environment",PMMSYIVGUJ,PMMSY: Insulated vehicles - Gujarat,What is PMMSY: Insulated vehicles - Gujarat?,"The scheme aims to strengthen fish storage infrastructure for hygienic preservation. Through this scheme, beneficiaries receive financial assistance for Insulated vehicles.","Construction Of Plant, Storage, Fishermen, Fish Sellers, Agriculture,Rural & Environment",State,https://www.myscheme.gov.in/schemes/pmmsyivguj
654,"Agriculture,Rural & Environment",PPYGSKVN,Pashu Palan Yojana (GSKVN),What is Pashu Palan Yojana (GSKVN)?,"Under this scheme, loans of up to ₹1,00,000 are provided to sanitation workers and their dependents at an interest rate of 6% for self-employment in animal husbandry or related activities.","Loan, Animal Husbandry, Sanitation Worker, Self-employment, Scavenger, Agriculture,Rural & Environment, Banking,Financial Services and Insurance",State,https://www.myscheme.gov.in/schemes/ahsgskvn
655,"Agriculture,Rural & Environment",PSGTKVN,Pashu Palan Yojana (GTKVN),What is Pashu Palan Yojana (GTKVN)?,"The scheme aims to enhance the livelihoods of Thakor and Koli communities by providing financial assistance for animal husbandry activities such as dairy farming. Under this scheme, loans of up to ₹1,00,000/- are provided for the purchase of milch animals such as cows and buffaloes.","Loan, Thakor Caste, Koli Caste, Animal Husbandry, Self-employment, Agriculture,Rural & Environment, Banking,Financial Services and Insurance, Business & Entrepreneurship",State,https://www.myscheme.gov.in/schemes/pgtkvn
656,"Agriculture,Rural & Environment",NGA,National Geoscience Awards,What is National Geoscience Awards?,"The objective of the scheme is to honour individuals and teams for extraordinary achievements and outstanding contributions in the field of mineral discovery & exploration, fundamental / applied geosciences, mining and allied areas.","Geoscience, Awards, Mineral Discovery, Mining Technology, Agriculture,Rural & Environment, Business & Entrepreneurship",Ministry Of Mines,https://www.myscheme.gov.in/schemes/nga
657,Social welfare & Empowerment,CMSMFOPS,Chief Minister Small and Marginal Farmers Older Pension Scheme,What is Chief Minister Small and Marginal Farmers Older Pension Scheme?,"The ""Chief Minister Small and Marginal Farmers Older Pension Scheme"" by the Department of Social Justice and Empowerment, Government of Rajasthan, aims to provide financial assistance to elderly small and marginal farmers.","Pension, Farmers, Old Age, Social welfare & Empowerment, Agriculture,Rural & Environment",State,https://www.myscheme.gov.in/schemes/cmsmfops
658,"Agriculture,Rural & Environment",CDPNER:QUC:SBP,Coffee Development Programme in North Eastern Region: Quality Upgradation / Certification: Supply of Baby Pulpers,What is Coffee Development Programme in North Eastern Region: Quality Upgradation / Certification: Supply of Baby Pulpers?,"The scheme ""Supply of Baby Pulpers"" aims to facilitate the improvement of the quality of coffee produced by growers by encouraging them to establish infrastructure for quality enhancement and obtain certification for their coffees, enabling them to earn better returns.","Agriculture, Farmer, Subsidy, DBT, Agriculture,Rural & Environment",Ministry Of Commerce And Industry,https://www.myscheme.gov.in/schemes/cdpnerqucsbp
659,Education & Learning,IPWCCB,Internship Programme Of The Wildlife Crime Control Bureau (MoEFCC),What is Internship Programme Of The Wildlife Crime Control Bureau (MoEFCC)?,Internship at Wildlife Crime Control Bureau (WCCB) provides an excellent opportunity for students/researchers to familiarize themselves with various issues related to wildlife & the functioning of WCCB. The intern shall have an orientation session and will be assigned specific areas of work.,"Research Internship, Wildlife Protection, Wildlife Crime Prevention, Student, Environment, Education, Education & Learning, Agriculture,Rural & Environment","Ministry Of Environment,forests and climate change",https://www.myscheme.gov.in/schemes/ipwccb
660,"Agriculture,Rural & Environment",PCARDSIA,Primary Cooperative Agriculture and Rural Development Bank: For Sericulture In Irrigated Area,What is Primary Cooperative Agriculture and Rural Development Bank: For Sericulture In Irrigated Area?,"The scheme provides loans to farmers for sericulture activities in irrigated areas, with a loan amount ranging from ₹49,000/- to ₹79,000/- per acre, and interest rates from 11% to 12.75%.","Sericulture, Loan, Farmer, Agriculture And Rural Development Bank, Irrigated Area, Agriculture,Rural & Environment, Banking,Financial Services and Insurance",State,https://www.myscheme.gov.in/schemes/pcardsia
661,"Agriculture,Rural & Environment",E-NAM,National Agriculture Market,What is National Agriculture Market?,"Launched on 14th April 2016, e-NAM is a pan-India electronic trading platform that links existing mandis to create a unified online market for agricultural commodities, promoting “One Nation One Market” and enabling transparent, efficient, and nationwide agri-trade.","APMC, Electronic Trading, E-payment, E-bidding, Agriculture,Rural & Environment",Ministry Of Agriculture and Farmers Welfare,https://www.myscheme.gov.in/schemes/e-nam
662,"Agriculture,Rural & Environment",IDDPDAMAN,Integrated Dairy Development Project (IDDP),What is Integrated Dairy Development Project (IDDP)?,"The scheme aims to strengthen dairy livelihoods through Gir cow induction. Through this scheme, financial assistance and subsidies are provided to beneficiaries for cows, feed, infrastructure, and insurance.","Purchase Of Cows, Cattle Shed Infrastructure, Insurance Coverage, Financial Assistance, Subsidy, Agriculture,Rural & Environment",State,https://www.myscheme.gov.in/schemes/iddpdaman
663,"Agriculture,Rural & Environment",ECOMARK,Ecomark Scheme of India (ECOMARK),What is Ecomark Scheme of India (ECOMARK)?,"The scheme aims to encourage the demand for environment-friendly products that cause lesser adverse impacts on the environment. It provides an Ecomark label for products meeting specified environmental criteria to eligible producers, manufacturers, importers, and exporters.","Manufacturer, Producer, Importer, Exporter, Certification, Compliance, Recognition, Agriculture,Rural & Environment","Ministry Of Environment,forests and climate change",https://www.myscheme.gov.in/schemes/ecomark
664,"Agriculture,Rural & Environment",ISFEPQIISARADOCPHICDSCNOSICCD,Integrated Scheme for Export Promotion & Quality Improvement in Spices and Research and Development of Cardamom: Post-Harvest Improvement: ICCD for Small Cardamom (nos) (Improved Cardamom Curing Devices),What is Integrated Scheme for Export Promotion & Quality Improvement in Spices and Research and Development of Cardamom: Post-Harvest Improvement: ICCD for Small Cardamom (nos) (Improved Cardamom Curing Devices)?,"The scheme aims to encourage cardamom growers to adopt Improved Cardamom Curing Devices (ICCD) for drying small cardamom, thereby improving the quality of the produce and making it more suitable for export.","Small Cardamom, Spices Board, Agriculture, Farming, Farmer, Agriculture,Rural & Environment, Business & Entrepreneurship",Ministry Of Commerce And Industry,https://www.myscheme.gov.in/schemes/isfepqiisaradocphicdscnosiccd
665,"Agriculture,Rural & Environment",ISFEPQIISARADOCPHIPTNOS,Integrated Scheme for Export Promotion & Quality Improvement in Spices and Research and Development of Cardamom: Post-Harvest Improvement: Pepper thresher (nos),What is Integrated Scheme for Export Promotion & Quality Improvement in Spices and Research and Development of Cardamom: Post-Harvest Improvement: Pepper thresher (nos)?,To motivate the pepper growers to produce good quality pepper for export by promoting installation of pepper threshers for hygienic separation of pepper berries from the spikes.,"Agriculture, Pepper Growers, Spices Board, Farming, Agriculture,Rural & Environment, Banking,Financial Services and Insurance, Business & Entrepreneurship",Ministry Of Commerce And Industry,https://www.myscheme.gov.in/schemes/isfepqiisaradocphiptnos
666,"Agriculture,Rural & Environment",MPDICBRSBFSCC,Maintenance Of Pregnant Desi/Indigenous Cow/Buffalo Ration Scheme For BPL Families Belonging To Scheduled Caste (SC) Category,What is Maintenance Of Pregnant Desi/Indigenous Cow/Buffalo Ration Scheme For BPL Families Belonging To Scheduled Caste (SC) Category?,"A scheme had been launched by the Department of Animal Husbandry, Government of Himachal Pradesh with the aim to provides a 50% subsidy on a balanced ration for pregnant cows or buffalo during the last trimester of pregnancy.","Livestock, BPL Families, Pregnant Cows Or Buffaloes, Agriculture,Rural & Environment",State,https://www.myscheme.gov.in/schemes/mpdicbrsbfscc
667,"Agriculture,Rural & Environment",KDKY,Krishak Durghatna Kalyan Yojana,What is Krishak Durghatna Kalyan Yojana?,The government will provide compensation to the farmers after any accident.,"Financial Assistance, Death Benefits, Disability, Farmers, Agriculture,Rural & Environment",State,https://www.myscheme.gov.in/schemes/kdky
668,"Agriculture,Rural & Environment",IRA-WRFLSNCS," ""Immediate Relief Assistance"" under ""Welfare and Relief for Fishermen During Lean Seasons and Natural Calamities Scheme""","What is ""Immediate Relief Assistance"" under ""Welfare and Relief for Fishermen During Lean Seasons and Natural Calamities Scheme""?","The scheme ""Immediate Relief Assistance"" under ""Welfare and Relief for Fishermen During Lean Seasons and Natural Calamities Scheme"" is introduced to extend financial assistance to the fishermen's families to compensate for the loss due to the missing breadwinner and to support them financially.","Missing, Fisherman, Relief, Financial Assistance, Family, Agriculture,Rural & Environment, Social welfare & Empowerment",State,https://www.myscheme.gov.in/schemes/ira-wrflsncs
669,"Agriculture,Rural & Environment",GOPINATH MUNDE SHETKARI APGHAT SURAKSHA SANUGRAH AUDHAN YOJANA,Gopinath Munde Shetkari Apghat Suraksha Sanugrah Audhan Yojana,What is Gopinath Munde Shetkari Apghat Suraksha Sanugrah Audhan Yojana?,In order to give financial support to the aggrieved family members of the ill-fated farmers the State Govt. has provided accident claim cover through Gopinath Munde Shetkari Apghat Suraksha Sanugrah Audhan Yojana in the year 2023-24.,"Compensation, Person With Disability, General, Direct Benefit Transfer, Assistance, Farmer, Agriculture,Rural & Environment",State,https://www.myscheme.gov.in/schemes/gopinath-munde-shetkari-apghat-suraksha-sanugrah-audhan-yojana
670,"Agriculture,Rural & Environment",BHGY,Birsa Harit Gram Yojana,What is Birsa Harit Gram Yojana?,"The ""Birsa Harit Gram Yojana"" by the Rural Development Department, Government of Jharkhand, promotes afforestation while generating sustainable livelihoods. It supports SC, ST, and landless families through plantation activities under MGNREGA, ensuring income and environmental sustainability.","Financial Assistance, Livelihood, Opportunities, Promote Afforestation, Agriculture,Rural & Environment",State,https://www.myscheme.gov.in/schemes/bhgy
671,"Agriculture,Rural & Environment",SMS-MJ,Solar Home System (Manohar Jyoti),What is Solar Home System (Manohar Jyoti)?,"The ""Solar Home System (Manohar Jyoti)"" by the Renewable Energy Department, Government of Haryana, aims to promote renewable energy adoption and ensure sustainable power access through solar solutions. Through this scheme, a subsidized solar home lighting system is provided to families.","Solar Home System, Renewable Energy, Solar Subsidy, Agriculture,Rural & Environment",State,https://www.myscheme.gov.in/schemes/sms-mj
672,"Agriculture,Rural & Environment",SIC,Solar Inverter Charger,What is Solar Inverter Charger?,"The ""Solar Inverter Charger"" by the Renewable Energy Department, Government of Haryana, aims to promote the use of renewable energy and reduce electricity dependence by providing a subsidy of ₹6,000/- or ₹10,000/- for solar inverter charger systems to eligible households.","Renewable Energy, Solar Inverter, Subsidy, Green Energy Initiative, Agriculture,Rural & Environment",State,https://www.myscheme.gov.in/schemes/sic
673,"Agriculture,Rural & Environment",AGY-ITB,Antyodaya Gruha Yojana: Incentive to Beneficiaries,What is Antyodaya Gruha Yojana: Incentive to Beneficiaries?,"The scheme aims to provide time-bound completion incentives for rural housing construction. Through this scheme, incentives are provided to eligible beneficiaries who complete house construction within 4 and 6 months, respectively.","Housing, Rural Housing, DBT, Financial Assistance, Agriculture,Rural & Environment, Housing & Shelter",State,https://www.myscheme.gov.in/schemes/agy-itb
674,"Agriculture,Rural & Environment",AGY,Antyodaya Gruha Yojana: Construction of New House,What is Antyodaya Gruha Yojana: Construction of New House?,The scheme aims to provide financial assistance to eligible rural households for the construction of a new pucca house.,"Housing, Rural Housing, DBT, Pucca House, Financial Support, Agriculture,Rural & Environment, Housing & Shelter",State,https://www.myscheme.gov.in/schemes/agy
675,"Agriculture,Rural & Environment",RAD,Rainfed Area Development,What is Rainfed Area Development?,"Rainfed Area Development (RAD) scheme was launched in 2014-15 to mainstream development of rainfed areas in a sustainable manner. It adopts an area-based approach, focuses on Integrated Farming System (IFS) for enhancing productivity and minimizing risks associated with climatic variability.","Rainfed, Dryland Agriculture, Watershed, Sustainable Agriculture, Agriculture,Rural & Environment",Ministry Of Agriculture and Farmers Welfare,https://www.myscheme.gov.in/schemes/rad
676,"Agriculture,Rural & Environment",PMJVM,Pradhan Mantri Janjatiya Vikas Mission (PMJVM),What is Pradhan Mantri Janjatiya Vikas Mission (PMJVM)?,"The scheme aims to promote livelihood generation and income enhancement of tribal communities through value addition, processing, and marketing of tribal products.","Tribal Development, Minor Forest Produce, Van Dhan Vikas Kendra, Self Help Group, Tribal Livelihood, Marketing Support, Agriculture,Rural & Environment, Transport & Infrastructure",Ministry Of Tribal Affairs,https://www.myscheme.gov.in/schemes/pmjvm
677,"Agriculture,Rural & Environment",JJAIS,Janta Juth Accidental Insurance Scheme,What is Janta Juth Accidental Insurance Scheme?,"""Janta Juth"" is a Farmer's Accidental Insurance Scheme by the Govt. of Gujarat to provide economic assistance of upto ₹ 2,00,000 to Farmers in case of Death or Disability. The objective is to assist the successor of the farmer in case of death or disability due to an accident.","Accident, Insurance, Farmer, Financial Assistance, Person With Disability, Agriculture,Rural & Environment",State,https://www.myscheme.gov.in/schemes/jjais
678,"Agriculture,Rural & Environment",WRFLSNCS-LSA,"Lean Season Assistance under ""Welfare and Relief for Fishermen During Lean Seasons and Natural Calamities Scheme""","What is Lean Season Assistance under ""Welfare and Relief for Fishermen During Lean Seasons and Natural Calamities Scheme""?","The scheme ""Lean Season Assistance"" under ""Welfare and Relief for Fishermen During Lean Seasons and Natural Calamities Scheme"" is introduced with the objective of assisting fishermen families who are deprived of income during natural calamities and fishing ban periods.","Fishermen, Fish, Welfare, Relief, Food, Clothes, Agriculture,Rural & Environment, Social welfare & Empowerment",State,https://www.myscheme.gov.in/schemes/wrflsncs-lsa
679,"Agriculture,Rural & Environment",TDS,Tea Development Scheme,What is Tea Development Scheme?,The objective of the scheme is to continue the experimental plantation of tea and to find the possibility of growing tea economically as well as on a commercial scale.,"Tea, Farmer, Financial Assistance, Agriculture, Horticulture, Tea Grower, Subsidy, Agriculture,Rural & Environment",State,https://www.myscheme.gov.in/schemes/tds
680,"Agriculture,Rural & Environment",FARS,Fishermen Accident Relief Scheme,What is Fishermen Accident Relief Scheme?,"The ""Fishermen Accident Relief Scheme"" introduced by the Agriculture, Farmers Welfare and Cooperation Department, Gujarat, aims to support the families of Gujarat's active fishermen by offering monetary compensation in case of accidental fatalities.","Agriculture, Farmer, Insurance, Accidental Assistance, Agriculture,Rural & Environment, Banking,Financial Services and Insurance",State,https://www.myscheme.gov.in/schemes/fars
681,"Agriculture,Rural & Environment",GAISGUJ2,Group Accident Insurance Scheme under PMMSY: Permanent Partial Disability Gujarat,What is Group Accident Insurance Scheme under PMMSY: Permanent Partial Disability Gujarat?,"The scheme aims to provide financial assistance to fishermen/fishermen's families in case of death or injury. Through this scheme, insurance coverage for Permanent Partial Disability is provided to eligible fishers.","Fishermen, Disability, Insaurance, Injury, Partial Disability, Agriculture,Rural & Environment, Banking,Financial Services and Insurance",State,https://www.myscheme.gov.in/schemes/gaisguj2
682,"Agriculture,Rural & Environment",GAISGUJ3,Group Accident Insurance Scheme under PMMSY: Medical Treatment - Gujarat,What is Group Accident Insurance Scheme under PMMSY: Medical Treatment - Gujarat?,"The scheme aims to provide financial assistance to fishermen/fishermen's families in case of death or injury. Through this scheme, insurance coverage for Medical Treatment is provided to eligible fishers.","Accident, Fishermen, Medical Treatment, Insaurance, Injury, Agriculture,Rural & Environment, Banking,Financial Services and Insurance",State,https://www.myscheme.gov.in/schemes/gaisguj3
683,"Agriculture,Rural & Environment",MOPDCRFBF,Maintenance Of Pregnant Desi Indigenous Cows Ration For BPL Families,What is Maintenance Of Pregnant Desi Indigenous Cows Ration For BPL Families?,"The Department of Animal Husbandry, Government of Himachal Pradesh had introduced a scheme with the help of which balanced ration at the rate 3kg/day/cow or buffalo for maximum of two animals for three months during the last trimester of pregnancy at 50% subsidy.","Pregnant Desi Indigenous Cows, Balanced Ration, BPL Families, Agriculture,Rural & Environment",State,https://www.myscheme.gov.in/schemes/pregnant-desiindigenous-cows-ration
684,"Agriculture,Rural & Environment",WRFLSNCS-FBPS,"""Fishing Ban Period Assistance"" under ""Welfare and Relief for Fishermen During Lean Seasons and Natural Calamities Scheme""","What is ""Fishing Ban Period Assistance"" under ""Welfare and Relief for Fishermen During Lean Seasons and Natural Calamities Scheme""?","The scheme ""Fishing Ban Period Assistance"" under ""Welfare and Relief for Fishermen During Lean Seasons and Natural Calamities Scheme"" is introduced with the objective of assisting fishermen families who are deprived of income during natural calamities and fishing ban periods.","Welfare, Relief, Clothes, Fisheries, Fisherman, Agriculture,Rural & Environment, Social welfare & Empowerment",State,https://www.myscheme.gov.in/schemes/wrflsncs-fbps
685,"Agriculture,Rural & Environment",OTSDFPC,Central Assistance For One Time Settlement Of Displaced Families From PoK And Chhamb Under Prime Minister's Development Package,What is Central Assistance For One Time Settlement Of Displaced Families From PoK And Chhamb Under Prime Minister's Development Package?,"The scheme aims to provide supplementary financial assistance to displaced families for assured and sustained earnings. Through this scheme, one-time financial assistance of ₹5,50,000/- per family is provided to eligible displaced families of PoK and Chhamb settled in Jammu & Kashmir.","Rehabilitation, Displaced, Business, Farming, Jammu, Kashmir, Family, Agriculture,Rural & Environment, Banking,Financial Services and Insurance, Business & Entrepreneurship, Housing & Shelter, Skills & Employment, Social welfare & Empowerment",Ministry Of Home Affairs,https://www.myscheme.gov.in/schemes/otsdfpc
686,"Agriculture,Rural & Environment",RGGBKMNY,Rajiv Gandhi Gramin Bhoomihin Krishi Majdoor Nyay Yojana,What is Rajiv Gandhi Gramin Bhoomihin Krishi Majdoor Nyay Yojana?,"The state government has started the ""Rajiv Gandhi Landless Agricultural Laborer Justice Scheme"" with a view to providing strength to farmers.","Financial Assistance, Agricultural, Landless, Laborer, Agriculture,Rural & Environment",State,https://www.myscheme.gov.in/schemes/rggbkmny
687,"Agriculture,Rural & Environment",KBS,Krishak Bandhu Scheme,What is Krishak Bandhu Scheme?,"The scheme aims to provide financial security to farmers through direct income support and death/disability benefits. It benefits small and marginal farmers with annual assistance of ₹5,000/- per acre and a one-time payout of ₹2,00,000/- in case of death.","Farmer, Financial Assistance, Agriculture, Income, Death, Disability, Agriculture,Rural & Environment, Social welfare & Empowerment",State,https://www.myscheme.gov.in/schemes/kbs
688,"Agriculture,Rural & Environment",WRFLSNCS-IDRA,"""Immediate Death Relief Assistance"" under ""Welfare and Relief for Fishermen During Lean Seasons and Natural Calamities Scheme""","What is ""Immediate Death Relief Assistance"" under ""Welfare and Relief for Fishermen During Lean Seasons and Natural Calamities Scheme""?","The scheme ""Immediate Death Relief Assistance"" is introduced with the objective of extending financial assistance to the fishermen's families to compensate for the loss due to the sudden demise of the breadwinner and to support them financially to run their family.","Death, Fisherman, Relief, Financial Assistance, Family, Agriculture,Rural & Environment, Social welfare & Empowerment",State,https://www.myscheme.gov.in/schemes/wrflsncs-idra
689,"Agriculture,Rural & Environment",FAIS,Farmers Accidental Insurance Scheme,What is Farmers Accidental Insurance Scheme?,"This scheme has been introduced by the Agriculture, Farmers Welfare and Cooperation Dept., Gujarat. It aims to provide financial assistance to the families of registered farmers in the event of accidental death or disability.","Agriculture, Farmer, Accidental Insurance, Agriculture,Rural & Environment, Banking,Financial Services and Insurance",State,https://www.myscheme.gov.in/schemes/fais
690,Utility & Sanitation,SKJY,Sardar Krushi Jyoti Yojana ,What is Sardar Krushi Jyoti Yojana?,"The scheme improves power supply for farmers by replacing old wires and equipment and upgrading agricultural feeders for uninterrupted service, which is crucial for irrigation.","Electricity, Agricultural, Farmers, Consumers, Utility & Sanitation, Agriculture,Rural & Environment",State,https://www.myscheme.gov.in/schemes/skjy
691,"Agriculture,Rural & Environment",PMAAGY,Pradhan Mantri Adi Adarsh Gram Yojana (PMAAGY),What is Pradhan Mantri Adi Adarsh Gram Yojana (PMAAGY)?,The scheme aims to develop selected villages with significant Scheduled Tribe population into model villages by providing basic infrastructure and improving socio-economic conditions.,"Tribal Development, Adarsh Village, Infrastructure Gap Filling, Village Development Plan, Central Assistance, Tribal Welfare, Agriculture,Rural & Environment, Transport & Infrastructure",Ministry Of Tribal Affairs,https://www.myscheme.gov.in/schemes/pmaagy
692,"Agriculture,Rural & Environment",PM-KISAN,Pradhan Mantri Kisan Samman Nidhi (PM-KISAN),What is Pradhan Mantri Kisan Samman Nidhi (PM-KISAN)?,"With a view to provide income support to all landholding farmers’ families in the country, having cultivable land, the Central Government has implemented a Central Sector Scheme, namely, “Pradhan Mantri Kisan Samman Nidhi (PM-KISAN)”.","Farmers, Income Support, Agricultural Inputs, Kisan, Agriculture, Agriculture,Rural & Environment, Social welfare & Empowerment",Ministry Of Agriculture and Farmers Welfare,https://www.myscheme.gov.in/schemes/pm-kisan
693,"Agriculture,Rural & Environment",CMDRS,Chief Minister Drought Relief Scheme,What is Chief Minister Drought Relief Scheme?,"The Chief Minister Drought Relief Scheme aims to provide relief and financial assistance to families affected by drought in designated areas. The scheme ensures financial security, livelihood support, and basic resources for drought-hit communities.","Financial Assistance, Farmer, Drought, Agriculture,Rural & Environment",State,https://www.myscheme.gov.in/schemes/cmdrs
694,"Agriculture,Rural & Environment",SSWPS,Solar Water Pumping System,What is Solar Water Pumping System?,"The scheme ""Solar Water Pumping System"" by the Renewable Energy Department, Government of Haryana aims to encourage the adoption of renewable energy for irrigation. Through this scheme, solar water pumps are provided at a 75% subsidy to eligible farmers and institutions for irrigation need","Renewable Energy, Solar Water Pump, Solar Irrigation, Micro Irrigation, Agriculture,Rural & Environment",State,https://www.myscheme.gov.in/schemes/sswps
695,"Agriculture,Rural & Environment",HPHD,Hamara Ped Hamara Dhan,What is Hamara Ped Hamara Dhan?,"The scheme aims to encourage residents of Uttarakhand to plant and protect trees on their private land by providing financial incentives, thereby promoting environmental conservation, increasing green cover, and linking economic benefits with tree plantation.","Incentive, Plantation, Tree, Plants, Agriculture,Rural & Environment",State,https://www.myscheme.gov.in/schemes/otows
696,"Agriculture,Rural & Environment",GRS-GUJ,Goat Rearing Scheme,What is Goat Rearing Scheme?,"The scheme aims to increase the income and raise the living standards of tribal women beneficiaries. Through this scheme, financial assistance is provided for setting up goat units.","Women, BPL, Disability, Scheduled Tribe, Farmer, Agriculture,Rural & Environment",State,https://www.myscheme.gov.in/schemes/grsguj
697,"Agriculture,Rural & Environment",PMAGY,Pradhan Mantri Adarsh Gram Yojana,What is Pradhan Mantri Adarsh Gram Yojana?,"With a view to enabling an area-based development approach, a new scheme Pradhan Mantri Adarsh Gram Yojana (PMAGY) was launched during 2009-10. The Scheme aims at the integrated development of Scheduled Castes majority villages.","Rural Development, Social Justice, SC-majority Villages, Village Profiling, Gap-filling Fund, Agriculture,Rural & Environment",Ministry Of Social Justice and Empowerment,https://www.myscheme.gov.in/schemes/pmagy
698,"Agriculture,Rural & Environment",ISDS,Integrated Sheep Development Scheme,What is Integrated Sheep Development Scheme?,ISDS was launched in the year 2020-21 by the J&K Govt. to promote income generation through the establishment of sheep & goat units. This scheme is innovative & self-sustaining as fresh units shall be established in a continuous cyclic manner from the retrieved livestock of previous beneficiaries.,"Livestock, Animal Husbandry, Agriculture,Rural & Environment",State,https://www.myscheme.gov.in/schemes/isds
699,"Agriculture,Rural & Environment",CMAMP,Chief Minister’s Agriculture Mechanisation Programme,What is Chief Minister’s Agriculture Mechanisation Programme?,The scheme “Chief Minister’s Agriculture Mechanisation Programme” was started by the government of Arunachal Pradesh to promote mechanization & hiring services for various agriculture Machinery/ Implements of post-harvest technology (PHY) equipment applied for different operations.,"Farmer, Mechanisation, Agriculture, Subsidy, Financial Assistance, Agriculture,Rural & Environment",State,https://www.myscheme.gov.in/schemes/cmamp
700,"Agriculture,Rural & Environment",DSCTA:R,Development Support for Coffee in Traditional Areas: Replantation,What is Development Support for Coffee in Traditional Areas: Replantation?,"The objective of the scheme ""Development Support for Coffee in Traditional Areas: Replantation"" is to improve the production and productivity of coffee plantations by encouraging replantation of old/senile and unproductive plantations with high-yielding, disease-tolerant coffee varieties.","Coffee, Agriculture, Farmer, Plantation, Subsidy, Agriculture,Rural & Environment",Ministry Of Commerce And Industry,https://www.myscheme.gov.in/schemes/dsctar
701,Transport & Infrastructure,GSIS-ICFSFPU,Grant of Subsidy For Setting up of Ice-Plant /Cold Storage/Fish Processing Unit,What is Grant of Subsidy For Setting up of Ice-Plant /Cold Storage/Fish Processing Unit?,"This scheme aims to preserve fish and fishery products by facilitating the establishment of Ice Plant-cum-Cold Storage Units and Fish Processing Units. Through this scheme, eligible beneficiaries can avail a 10% subsidy.","Fish, Plant, Grant, Subsidy, Financial Assistance, Transport & Infrastructure, Agriculture,Rural & Environment",State,https://www.myscheme.gov.in/schemes/gsis-icfsfpu
702,"Agriculture,Rural & Environment",MMKY-RFCS,"""Reactivation Of Fisheries Cooperative Societies"" Component of the ""Mukhyamantri Maschyajibi Kalyan Yojana"" Scheme","What is ""Reactivation Of Fisheries Cooperative Societies"" Component of the ""Mukhyamantri Maschyajibi Kalyan Yojana"" Scheme?","The objective of the ""Reactivation Of Fisheries Cooperative Societies"" scheme is to provide a one-time revolving fund of ₹2,00,000/- to each eligible Primary Fishermen Cooperative Society for working capital of the society and improvement of the socio-economic status of the members in the long run.","Society, Fishermen, Financial Assistance, Agriculture,Rural & Environment",State,https://www.myscheme.gov.in/schemes/mmky-rfcs
703,"Agriculture,Rural & Environment",NWA,National Water Awards,What is National Water Awards?,The objective of the National Water Awards is to encourage the stakeholders to adopt a holistic approach toward water resource management in the country as surface water and groundwater play a signiﬁcant role in the water cycle.,"Water, Awards, Development, Water Resources, Agriculture,Rural & Environment",Ministry Of Jal Shakti,https://www.myscheme.gov.in/schemes/nwa
704,"Agriculture,Rural & Environment",ATESGEPHMGC(HRT2),"Assistance for Tools, Equipment, Shorting/Grading Equipment, PHM Equipment for General Category (HRT-2)","What is Assistance for Tools, Equipment, Shorting/Grading Equipment, PHM Equipment for General Category (HRT-2)?","Under the scheme, financial assistance is provided to farmers belonging to the General Category as well as to farmer groups and cooperative societies for purchasing various tools, equipment, sorting/grading equipment, and Post-Harvest Management (PHM) equipment.","Tools, Shorting Equipment, General Category, HRT-2, Farmer, Financial Assistance, Post-Harvest Management, Farmer Group, Cooperative Society, Agriculture,Rural & Environment",State,https://www.myscheme.gov.in/schemes/atesgephmgchrt2
705,"Agriculture,Rural & Environment",HTAGC(HRT-2),Harvesting Tools Assistance for General Category (HRT-2),What is Harvesting Tools Assistance for General Category (HRT-2)?,"Under the scheme, financial assistance is provided to farmers belonging to the General Category as well as to FPOs (Farmers Producer Organizations), FPCs (Farmers Producer Companies), FIGs (Farmer Interest Groups), SHGs (Self-Help Groups), and Cooperative Societies for purchasing harvesting tools.","Harvesting Tool, General Category, HRT-2, Farmer, Financial Assistance, FPO, FPC, FIG, SHG, Co-Operative Society, Agriculture,Rural & Environment",State,https://www.myscheme.gov.in/schemes/htagchrt-2
706,"Agriculture,Rural & Environment",KJMPAMPKY,Khule Jalsroto Mei Pen Aadharit Matsya Paalan ki Yojana,What is Khule Jalsroto Mei Pen Aadharit Matsya Paalan ki Yojana?,"The ""Khule Jalsroto Mei Pen Aadharit Matsya Paalan ki Yojana"" objective of this scheme is to increase fish productivity and production through semi-intensive / intensive fisheries of large-scale available government wetland water sources (Man, Chaur and Lake etc.), strengthening aquaculture through","Financial Assistance, Productivity, Fish Farming, Group, Agriculture,Rural & Environment",State,https://www.myscheme.gov.in/schemes/kjmpampky
707,"Agriculture,Rural & Environment",MMSCVY,Mukhyamantri Samekit Chaur Vikas Yojana,What is Mukhyamantri Samekit Chaur Vikas Yojana?,"The ""Mukhyamantri Samekit Chaur Vikas Yojana"" under Seven Nishchay-2, aims to develop undeveloped and unutilized private land in Bihar for fish-based integrated aquaculture. With a budget of ₹2972.79 lakh, the scheme targets the sustainable development of 600 hectares of Chaur land, enhancing fish.","Financial Assistance, Employment, Farmers, Fish Production, Agriculture,Rural & Environment, Business & Entrepreneurship",State,https://www.myscheme.gov.in/schemes/mmscvy
708,"Agriculture,Rural & Environment",DOCSOM,Distribution of Certified Seeds of Maize,What is Distribution of Certified Seeds of Maize?,"The ""Distribution of Certified Seeds of Maize"" scheme by the Agriculture-Farmers Welfare Department, Tamil Nadu offers a subsidy to maize-growing farmers in specific districts of the state, providing financial assistance for purchasing certified maize seeds.","Agriculture, Farmer, Seed Distribution, Maize, Subsidy, Agriculture,Rural & Environment",State,https://www.myscheme.gov.in/schemes/docsom
709,"Agriculture,Rural & Environment",CMBKYII,Cluster Mei Bagwani Ki Yojana-II,What is Cluster Mei Bagwani Ki Yojana-II?,"The scheme aims to promote cluster-based cultivation of selected crops, including guava, amla, lemon, bael, lemongrass, papaya, marigold, dragon fruit, and strawberry.","Agriculture, Subsidy, Financial Assistance, Fruit Development, Flower Development, Agriculture,Rural & Environment",State,https://www.myscheme.gov.in/schemes/cmbkyii
710,"Agriculture,Rural & Environment",RFDS,Reservoir Fisheries Development Scheme,What is Reservoir Fisheries Development Scheme?,"The scheme ""Reservoir Fisheries Development Scheme"" by the Department of Fisheries, Government of Jharkhand, enhances fish production and livelihood opportunities for registered fisheries cooperatives through the provision of fish fingerlings, boats, and nets.","Financial Assistance, Fisheries, Subsidy, Development, Agriculture,Rural & Environment",State,https://www.myscheme.gov.in/schemes/rfds
711,"Agriculture,Rural & Environment",FBFS,Feed Based Fisheries Scheme,What is Feed Based Fisheries Scheme?,"The ""Feed Based Fisheries Scheme"" by the Agriculture, Animal Husbandry & Cooperation Department, Government of Jharkhand aims to enhance fish production through feed-based fisheries. This scheme provides financial assistance to fish farmers in the form of grants for fish feed to improve production.","Financial Assistance, Fish Production, Fish Farmers, Agriculture,Rural & Environment",State,https://www.myscheme.gov.in/schemes/fbfs
712,"Agriculture,Rural & Environment",PFPHMVA,Promoting to Farmer for Post Harvesting & Management (Value Addition),What is Promoting to Farmer for Post Harvesting & Management (Value Addition)?,"This scheme has been introduced by the Agriculture, Farmers Welfare and Cooperation Department, Gujarat. It aims to support farmers in setting up crop value addition units using post-harvesting technology and management concepts.","Agriculture, Farmer, Post Harvesting Technology, Agriculture,Rural & Environment",State,https://www.myscheme.gov.in/schemes/pfphmva
713,"Agriculture,Rural & Environment",IASTASF,"Incentive Assistance to Scheduled Tribe Farmers to Increase the Area, Production and Productivity of Sugarcane Farming","What is Incentive Assistance to Scheduled Tribe Farmers to Increase the Area, Production and Productivity of Sugarcane Farming?","This scheme has been introduced by the Agriculture, Farmers Welfare and Cooperation Department, Gujarat. It aims to provide financial assistance to ST farmers to increase sugarcane production and productivity through quality seeds, modern farming practices, and agricultural mechanization.","Agriculture, Farmer, Incentive, Scheduled Tribe, Sugarcane Farming, Agriculture,Rural & Environment",State,https://www.myscheme.gov.in/schemes/iastasf
714,"Agriculture,Rural & Environment",KVMY,Kisan Vriksha Mitra Yojana,What is Kisan Vriksha Mitra Yojana?,"The scheme aims to promote commercial tree plantation on private lands, ensuring buyback of produce, increasing farmers' income, and generating employment. The scheme benefits farmers, private institutions, and other stakeholders by providing financial assistance for plantation.","Forest, Environment, Tree, Plantation, Farmer, Agriculture,Rural & Environment",State,https://www.myscheme.gov.in/schemes/kvmy
715,"Agriculture,Rural & Environment",SPACROAM,Scheme to Provide Assistance for Construction of Retail Outlets/ Agricultural Malls in State Market Committees,What is Scheme to Provide Assistance for Construction of Retail Outlets/ Agricultural Malls in State Market Committees?,"This scheme has been introduced by the Agriculture, Farmers Welfare and Cooperation Dept., Gujarat. It aims to support market committees in constructing retail outlets and agricultural malls to facilitate direct selling of farmers' produce, ensuring better pricing and increasing farmers' income.","Agriculture, Retail Outlets, Agricultural Malls, Assistance For Construction, Agriculture,Rural & Environment, Business & Entrepreneurship",State,https://www.myscheme.gov.in/schemes/spacroam
716,"Agriculture,Rural & Environment",SSBUTSC,"Subsidy Scheme on Establishment of 25 R.I.R. Bird’s Unit, 100 Broiler Bird’s Unit and Stipend for Poultry Farming Training for Scheduled Caste People","What is Subsidy Scheme on Establishment of 25 R.I.R. Bird’s Unit, 100 Broiler Bird’s Unit and Stipend for Poultry Farming Training for Scheduled Caste People?",The scheme aims to support Scheduled Caste individuals by providing financial assistance for poultry farming.,"Animal Husbandry, Broiler Birds Unit, Poultry Farming, Employment, Training, Agriculture,Rural & Environment",State,https://www.myscheme.gov.in/schemes/ssbutsc
717,"Agriculture,Rural & Environment",CFAACOBRR,COP-5 Financial Assistance to Agricultural Credit Co-operative Banks (PACS/LAMPS) for Reconstruction and Reestablishment (General/Tribal Area),What is COP-5 Financial Assistance to Agricultural Credit Co-operative Banks (PACS/LAMPS) for Reconstruction and Reestablishment (General/Tribal Area)?,The scheme provides financial assistance to Primary Agricultural Credit Societies (PACS) and Large-sized Agricultural Multi-Purpose Societies (LAMPS) in General and Tribal areas to strengthen their economic viability and ensure their continued contribution to the cooperative credit structure.,"Agriculture, Co Operative Banks, Reconstruction, Agriculture,Rural & Environment",State,https://www.myscheme.gov.in/schemes/cfaacobrr
718,"Agriculture,Rural & Environment",MASAV,Managerial Assistance Scheme for Appointment of Veterinarian,What is Managerial Assistance Scheme for Appointment of Veterinarian?,"The ""Managerial Assistance Scheme for Appointment of Veterinarian"" provides financial support to registered Panjrapols for appointing a qualified veterinarian to ensure proper medical care, vaccination, and scientific record-keeping for animals housed in Gaushalas/ Panjrapols.","Agriculture, Animal Husbandry, Veterinarian, Agriculture,Rural & Environment",State,https://www.myscheme.gov.in/schemes/masav
719,"Agriculture,Rural & Environment",KKYAABMT,Kishan Kalpvriksh Yojana (Scheme for Assistance to APMCs to Provide Basic and Modern Facilities) (Tribal),What is Kishan Kalpvriksh Yojana (Scheme for Assistance to APMCs to Provide Basic and Modern Facilities) (Tribal)?,The scheme “Kishan Kalpvriksh Yojana (Scheme for Assistance to APMCs to Provide Basic and Modern Facilities) (Tribal)” aims to strengthen agricultural markets by providing financial assistance for the modernization and development of basic facilities to Cooperative Market Committees in tribal areas.,"Agricultural Market, APMC, Infrastructure Development, Tribal Area, Agriculture,Rural & Environment",State,https://www.myscheme.gov.in/schemes/kkyaabmt
720,"Agriculture,Rural & Environment",KKYAABMG,Kishan Kalpvriksh Yojana (Scheme for Assistance to APMCs to Provide Basic and Modern Facilities) (General),What is Kishan Kalpvriksh Yojana (Scheme for Assistance to APMCs to Provide Basic and Modern Facilities) (General)?,"The scheme ""Kishan Kalpvriksh Yojana (Scheme for Assistance to APMCs to Provide Basic and Modern Facilities) (General)"" aims to improve agricultural market infrastructure by providing financial assistance to Agricultural Produce Market Committees (APMCs) for developing modern facilities.","Agricultural Market, APMC, Infrastructure Development, Farmer Welfare, Cold Storage, Agriculture,Rural & Environment",State,https://www.myscheme.gov.in/schemes/kkyaabmg
721,"Agriculture,Rural & Environment",FLSGDPSUG,Facilitation of Large Size Godowns in APMC and Taluka-District Purchase Sale Union (General),What is Facilitation of Large Size Godowns in APMC and Taluka-District Purchase Sale Union (General)?,"The scheme aims to strengthen the financial status of district and taluka-level cooperative buying and selling unions by supporting infrastructure projects like storage godowns, marketing facilities, and branding units.","Agriculture Marketing, Cooperative Unions, Infrastructure Support, Branding, Grading, Processing, Agriculture,Rural & Environment",State,https://www.myscheme.gov.in/schemes/flsgdpsug
722,"Agriculture,Rural & Environment",PMMSYSFRGUJ,Pradhan Mantri Matsya Sampada Yojana (PMMSY-Inland): Stocking of fingerlings in reservoir - Gujarat,What is Pradhan Mantri Matsya Sampada Yojana (PMMSY-Inland): Stocking of fingerlings in reservoir - Gujarat?,"The scheme aims to bring about a Blue Revolution through the sustainable and responsible development of the fisheries sector in India, with a focus on increasing fish production, creating employment, and ensuring the socio-economic welfare of fishers.","Fish Farming, Biofloc, Recirculating Aquaculture System, Employment, Fingerling, Agriculture,Rural & Environment",State,https://www.myscheme.gov.in/schemes/pmmsysfrguj
723,"Agriculture,Rural & Environment",ASCFPBGUJ,Assistance to Scheduled Castes for Fisheries: Fish Collection Cum Patrolling Boat Gujarat,What is Assistance to Scheduled Castes for Fisheries: Fish Collection Cum Patrolling Boat Gujarat?,The scheme aims to increase fish production by rearing fish in reservoirs and provide employment to Scheduled Caste people involved in inland fisheries activities.,"Fish Production, Fish Farming, Fishermen, Fish Farmer, Fish Collection Cum Patrolling Boat, Agriculture,Rural & Environment",State,https://www.myscheme.gov.in/schemes/ascfpbguj
724,"Agriculture,Rural & Environment",BMFULDB,Breed Multiplication Farms - Uttarakhand Livestock Development Board,What is Breed Multiplication Farms - Uttarakhand Livestock Development Board?,The scheme aims to facilitate the establishment of Breed Multiplication Farms (BMFs) for making available High Genetic Merit heifers of cattle and buffaloes breeds to farmers.,"Livestock Farmer, Animal Husbandry, Subsidy, Self-Help Group, Breed, Multiplication Farm, Agriculture,Rural & Environment",State,https://www.myscheme.gov.in/schemes/bmf
725,"Agriculture,Rural & Environment",PM-KUSUMUK,Pradhan Mantri Kisan Urja Suraksha Evam Utthaan Mahabhiyan Yojana (PM-KUSUM) - Uttarakhand,What is Pradhan Mantri Kisan Urja Suraksha Evam Utthaan Mahabhiyan Yojana (PM-KUSUM) - Uttarakhand?,"The scheme aims to promote clean and affordable irrigation by replacing diesel pump sets with solar-powered pump sets, reducing farmers’ irrigation costs, enhancing energy security, and increasing farmers’ income through sustainable and efficient use of solar energy.","Farmer, Irrigation, Solar Pumpset, Agriculture, Diesel Pumpset, Agriculture,Rural & Environment",State,https://www.myscheme.gov.in/schemes/pm-kusumuk
726,"Agriculture,Rural & Environment",HSHV,Hamara School Hamara Vriksh,What is Hamara School Hamara Vriksh?,"The aim of the scheme is to encourage tree plantation and environmental awareness among students by providing free saplings to schools for planting within their premises. Under this scheme, free plants are provided for planting in all government and non-government schools.","Plantation, Free Plants, School, Tree Plantation, Agriculture,Rural & Environment",State,https://www.myscheme.gov.in/schemes/hshv
727,"Agriculture,Rural & Environment",SICDP,State Integrated Cooperative Development Project - Fisheries Sector,What is State Integrated Cooperative Development Project - Fisheries Sector?,The scheme aims to promote sustainable fisheries development in Uttarakhand by facilitating the establishment and expansion of cooperative-based fisheries projects in both mountainous and plain regions.,"Fish Sales, Loan, Cooperative Society, Fisheries, Fish Farming, Fish, Agriculture,Rural & Environment, Banking,Financial Services and Insurance",State,https://www.myscheme.gov.in/schemes/scfdp-fs
728,"Agriculture,Rural & Environment",CDPNER:QUC:SECOC,Coffee Development Programme in North Eastern Region: Quality Upgradation / Certification: Support for Eco-Certification / Organic Certification,What is Coffee Development Programme in North Eastern Region: Quality Upgradation / Certification: Support for Eco-Certification / Organic Certification?,The scheme aims to encourage coffee growers to improve quality for higher returns and improve access to high-value specialty markets through the production of eco-certified coffees. It also encourages small growers to form groups/collectives to take up eco-certification.,"Agriculture, Farmer, Subsidy, DBT, Agriculture,Rural & Environment",Ministry Of Commerce And Industry,https://www.myscheme.gov.in/schemes/cdpnerqucsecoc
729,"Agriculture,Rural & Environment",NVY,Nagar Van Yojana,What is Nagar Van Yojana?,"The scheme aims to develop 400 Nagar Vans and 200 Nagar Vatikas to create bio-diverse green spaces in urban areas. The scheme provides a grant of ₹4,00,000/- per hectare to Municipalities, Urban Local Bodies, and Institutions for afforestation and biodiversity conservation.","Municipality, Institution, Forest, Grant, Environment, Plantation, Biodiversity, Agriculture,Rural & Environment","Ministry Of Environment,forests and climate change",https://www.myscheme.gov.in/schemes/nvy
730,"Agriculture,Rural & Environment",PKVY,Paramparagat Krishi Vikas Yojana,What is Paramparagat Krishi Vikas Yojana?,"The Paramparagat Krishi Vikas Yojana (PKVY), launched in 2015, is an extended component of Soil Health Management (SHM) under the Centrally Sponsored Scheme (CSS), National Mission on Sustainable Agriculture (NMSA).","Organic Farming, Soil Health, Pesticide-free Agriculture, Cluster Based Farming, Bio Fertilizers, Agriculture,Rural & Environment",Ministry Of Agriculture and Farmers Welfare,https://www.myscheme.gov.in/schemes/pkvy
731,"Agriculture,Rural & Environment",SOPOSRTSB,Scheme Of Provision Of Subsidized Rams To Sheep Breeders,What is Scheme Of Provision Of Subsidized Rams To Sheep Breeders?,"The Department of Animal Husbandry, Government of Himachal Pradesh has introduced a scheme named ""Scheme of provision of subsidized Rams to Sheep Breeders""  to improve the Quality and Quantity of Wool being produced in the state.","Sheep Farming, Income Generation Opportunities, Subsidized Rams, Sheep Breeders, Agriculture,Rural & Environment, Banking,Financial Services and Insurance",State,https://www.myscheme.gov.in/schemes/rams-to-sheep-breeders
732,"Agriculture,Rural & Environment",BMFE,Breed Multiplication Farm Entrepreneurship,What is Breed Multiplication Farm Entrepreneurship?,At present entrepreneurs/farmers interested in taking up dairy programmes are facing difficulties in sourcing disease-free high-yielding heifers or cows and farmers are dependent on either middlemen or other farmers maintaining dairy animals for sourcing their requirement of dairy animals.,"Breed Multiplication Farms, Heifers Of Cattle And Buffaloes, Forconstruction Of Cattle, Farmers Scientist Interaction, Cattle And Buffalo Breeding, Agriculture,Rural & Environment",State,https://www.myscheme.gov.in/schemes/bmfe
733,Business & Entrepreneurship,SPDMTFPTANTNER,"Scheme for Plantation Development (New planting & Replanting) under Medium Term Framework Plan (MTFP) in Traditional Areas (Kerala and Tamil Nadu), Non-Traditional and North Eastern Region","What is Scheme for Plantation Development (New planting & Replanting) under Medium Term Framework Plan (MTFP) in Traditional Areas (Kerala and Tamil Nadu), Non-Traditional and North Eastern Region?",The Scheme is intended to increase the production of natural rubber in India by accelerating new planting and replanting of rubber on scientific lines. Accelerated new planting/replanting would be achieved by giving proper technical guidance and financial assistance to growers.,"Rubber, Agriculture, Farming, Plant, Seed, Subsidy, DBT, Business & Entrepreneurship, Agriculture,Rural & Environment",Ministry Of Commerce And Industry,https://www.myscheme.gov.in/schemes/spdmtfptantner
734,"Agriculture,Rural & Environment",FARFS,Financial Assistance for Registered Fishermen Society,What is Financial Assistance for Registered Fishermen Society?,"Through this scheme, the fisheries co-operative societies/associations registered with the Fisheries Co-operative Societies, having more than 25 members, will be eligible for financial assistance to the extent of ₹50,000 as a grant-in-aid. The applications are accepted only in offline mode.","Society, Fishermen, Fish, Financial Assistance, Grant, Agriculture,Rural & Environment",State,https://www.myscheme.gov.in/schemes/farfs
735,Business & Entrepreneurship,GEFM-MESIFAI-SA-MSME,"""Green and Eco-Friendly Measures"" under “Motivation of Entrepreneurs to Start Industries and Fiscal Assistance to Industries - State Awards to Micro, Small and Medium Enterprises”","What is ""Green and Eco-Friendly Measures"" under “Motivation of Entrepreneurs to Start Industries and Fiscal Assistance to Industries - State Awards to Micro, Small and Medium Enterprises”?","The award for ""Green and Eco-Friendly Measures"" is conferred upon the industries that are green and eco-friendly as per the standards of the Department of Science, Technology and Environment (DSTE), Puducherry. The awardee is given a cash award of ₹2,00,000/- and a citation.","Award, Entrepreneur, MSME, Business, Environment, Business & Entrepreneurship, Agriculture,Rural & Environment",State,https://www.myscheme.gov.in/schemes/gefm-mesifai-sa-msme
736,"Agriculture,Rural & Environment",CHC,Credit Linked Subsidy Scheme for Rural Entrepreneurs to set up Custom Hiring Centres (CHC) of Farm Machinery,What is Credit Linked Subsidy Scheme for Rural Entrepreneurs to set up Custom Hiring Centres (CHC) of Farm Machinery?,"“Credit Linked Subsidy Scheme for Rural Entrepreneurs to set up Custom Hiring Centres (CHC) of Farm Machinery”  by the Agriculture Dep, Government of West Bengal aims to provide opportunity to rural entrepreneurs for setting up of Custom Hiring Centres.","Agriculture, Farmers, Credit Linked Subsidy, Financial Assistance, Entrepreneurs, Custom Hiring Centres, Farm Machinery, Subsidy, Agriculture,Rural & Environment",State,https://www.myscheme.gov.in/schemes/chc
737,"Agriculture,Rural & Environment",FMH,Farm Machinery Bank (FMB)/Farm Machinery Hub (FMH),What is Farm Machinery Bank (FMB)/Farm Machinery Hub (FMH)?,"“Farm Machinery Bank (FMB)/Farm Machinery Hub (FMH)”  by the Agriculture Department, Government of West Bengal aims to facilitate end-to-end (from land development to residue management) use of farm machinery which can be within the reach of the small and marginal farmers at reasonable charges.","Agriculture, Farmers, Employment, Subsidy, Rural, Youth, Farm Machinery, Entrepreneurs, Machinery Bank, Machinery Hub, Agriculture,Rural & Environment",State,https://www.myscheme.gov.in/schemes/fmh
738,"Agriculture,Rural & Environment",JKRMY,Jharkhand Krishi Rin Mafi Yojana,What is Jharkhand Krishi Rin Mafi Yojana?,"The objective of the scheme is to provide relief from the debt burden to short-term agricultural loan holders in the state. Under this scheme, outstanding loan amounts of up to ₹50,000/- in standard crop loan outstanding accounts as of 31st March 2020, will be waived.","Farmer, Crop Loan, Kisan Credit Card, Agriculture, Agriculture,Rural & Environment",State,https://www.myscheme.gov.in/schemes/jkrmy
739,"Agriculture,Rural & Environment",IPMDCT,Integrated Pest Management Demonstration Cum Training,What is Integrated Pest Management Demonstration Cum Training?,The “Integrated Pest Management Demonstration Cum Training” scheme provides financial assistance for 30 farmers to conduct pest management demonstrations and training using a cluster approach in Farmer Field Schools.,"Agriculture, Farmer, Integrated Pest Management, Training, Agriculture,Rural & Environment",State,https://www.myscheme.gov.in/schemes/ipmdct
740,"Agriculture,Rural & Environment",GSTN,Generator Subsidy-Tamil Nadu,What is Generator Subsidy-Tamil Nadu?,The “Generator Subsidy” scheme provides a 25% subsidy on the cost of generator sets up to 125 KVA capacity for manufacturers in Tamil Nadu.,"Agriculture, Generator, Subsidy, Manufacture, Agriculture,Rural & Environment",State,https://www.myscheme.gov.in/schemes/gstn
741,"Agriculture,Rural & Environment",CMBKY,Cluster Mei Bagwani Ki Yojana,What is Cluster Mei Bagwani Ki Yojana?,"The scheme aims to promote cluster-based cultivation of selected crops, including guava, amla, lemon, bael, lemongrass, papaya, marigold, dragon fruit, and strawberry.","Agriculture, Subsidy, Financial Assistance, Fruit Development, Flower Development, Agriculture,Rural & Environment",State,https://www.myscheme.gov.in/schemes/cmbky
742,Business & Entrepreneurship,SACEIDGE,Scheme of Assistance for Common Environment Infrastructure: Scheme for Development of Green Estate,What is Scheme of Assistance for Common Environment Infrastructure: Scheme for Development of Green Estate?,"The ""Scheme of Assistance for Common Environment Infrastructure"" under the Gujarat Industrial Policy aims to provide incentives for environmental compliance to ensure long-term economic and ecological balance.","Entrepreneurship, Environment Infrastructure, Development Of Green Estate, Business & Entrepreneurship, Agriculture,Rural & Environment",State,https://www.myscheme.gov.in/schemes/saceidge
743,Business & Entrepreneurship,NLMEEBDRP,National Livestock Mission: Establishment of Entrepreneurship for Breed Development of Rural Poultry,What is National Livestock Mission: Establishment of Entrepreneurship for Breed Development of Rural Poultry?,"The scheme aims to promote entrepreneurship in rural poultry farming. Through this scheme, a 50% capital subsidy is provided for establishing Parent Farms, Rural Hatcheries, and Brooder cum Mother Units.","Rural Poultry, Poultry Farming, Entrepreneurship, Brooder Cum Mother Unit, Parent Farm, Rural Hatchery, Subsidy, Business & Entrepreneurship, Agriculture,Rural & Environment","Ministry of Fisheries,Animal Husbandry and Dairying",https://www.myscheme.gov.in/schemes/eebdrp
744,"Agriculture,Rural & Environment",ISALTLCSS,Interest Subvention against long terms loan to the Co-operative sugar societies (Normal Area) (Tribal Area),What is Interest Subvention against long terms loan to the Co-operative sugar societies (Normal Area) (Tribal Area)?,"This scheme has been introduced by the Agriculture, Farmers Welfare and Cooperation Department, Gujarat. It aims to provide interest subvention on long-term loans taken by sugar cooperative societies for payment of sugarcane arrears for the year 2018-19.","Agriculture, Farmer, Sugar Co-operatives, Terms Loan, Interest Subvention, Agriculture,Rural & Environment",State,https://www.myscheme.gov.in/schemes/isaltlcss
745,"Agriculture,Rural & Environment",AGRASP,AGR-61 Agro Service Providers for the Purpose of Making Farming More Profitable With the Help of Farm Mechanization,What is AGR-61 Agro Service Providers for the Purpose of Making Farming More Profitable With the Help of Farm Mechanization?,"This scheme has been introduced by the Agriculture, Farmers Welfare and Cooperation Dept., Gujarat. It aims to support farmers in Gujarat by facilitating access to farm implements and mechanization.","Agriculture, Agro Service Providers, Farm Mechanization, Agriculture,Rural & Environment",State,https://www.myscheme.gov.in/schemes/agrasp
746,"Agriculture,Rural & Environment",SAMSC,Scheme of Assistance for Management of Stray Cattle,What is Scheme of Assistance for Management of Stray Cattle?,This scheme provides financial support to local self-government bodies and registered Panjrapoles to reduce or eradicate the problem of stray cattle by encouraging their maintenance and proper care.,"Agriculture, Animal Husbandry, Stray Cattle, Agriculture,Rural & Environment",State,https://www.myscheme.gov.in/schemes/samsc
747,"Agriculture,Rural & Environment",SMPBPBS,Scheme for Management and Purchase of Bulls Provided for Breeding of State Gir/ Kankarej Breed,What is Scheme for Management and Purchase of Bulls Provided for Breeding of State Gir/ Kankarej Breed?,The scheme provides financial assistance to registered Gaushalas for rearing purebred Gir or Kankrej male cow calves with high genetic quality to promote pure breeding in indigenous cattle.,"Agriculture, Animal Husbandry, Milk Production, Breeding, Agriculture,Rural & Environment",State,https://www.myscheme.gov.in/schemes/smpbpbs
748,"Agriculture,Rural & Environment",SGIPGP,Scheme to Give Incentive-Prize to Gaushala/ Panjrapole,What is Scheme to Give Incentive-Prize to Gaushala/ Panjrapole?,"The ""Scheme to Give Incentive-Prize to Gaushala/ Panjrapole"" focuses on enhancing the management and operation of Gaushalas and Panjrapoles by offering incentive prizes to the top performers.","Agriculture, Animal Husbandry, Incentive, Agriculture,Rural & Environment",State,https://www.myscheme.gov.in/schemes/sgipgp
749,"Agriculture,Rural & Environment",SAIFGP,Scheme to Assist for Infrastructural Facilities for Gaushalas & Panjrapole,What is Scheme to Assist for Infrastructural Facilities for Gaushalas & Panjrapole?,"""Scheme to Assist for Infrastructural Facilities for Gaushalas & Panjrapole"" aims to support animal welfare organizations like gaushalas and panjrapoles by offering financial assistance for the development and construction of essential infrastructure.","Agriculture, Animal Husbandry, Animal Welfare, Infrastructural Facilities, Agriculture,Rural & Environment",State,https://www.myscheme.gov.in/schemes/saifgp
750,"Agriculture,Rural & Environment",FACIPCD,Finance Assistant to PACS for Computerization and Integration of PACS through Core Banking System with District Cooperative Banks,What is Finance Assistant to PACS for Computerization and Integration of PACS through Core Banking System with District Cooperative Banks?,"The scheme provides financial assistance to Primary Agricultural Credit Societies (PACS) for computerization and integration with District Cooperative Banks (DCCBs) through a Core Banking System (CBS), enhancing rural banking infrastructure and digital access.","Computerization, Management Information System, Digital Infrastructure, Agriculture,Rural & Environment",State,https://www.myscheme.gov.in/schemes/facipcd
751,"Agriculture,Rural & Environment",EBFUK,Establishment of Broiler Farms,What is Establishment of Broiler Farms?,"The scheme aims to promote commercial broiler rearing by providing financial assistance in the form of subsidies for poultry rearing and infrastructure development, thereby enhancing income generation and employment opportunities, especially for women and self-help groups (SHGs).","Broiler Farms, Subsidy, Yard Construction, Broiler Birds, Self Help Group, Agriculture,Rural & Environment, Business & Entrepreneurship",State,https://www.myscheme.gov.in/schemes/ebfuk
752,"Agriculture,Rural & Environment",SFCSAMBDG,Contribution to State Agriculture Marketing Board Development Fund (General),What is Contribution to State Agriculture Marketing Board Development Fund (General)?,"The scheme ""Contribution to State Agriculture Marketing Board Development Fund (General)"" by the Agriculture and Co-operation Department, Government of Gujarat, aims to strengthen market infrastructure through financial assistance to State Agriculture Marketing Boards.","Agricultural Marketing, Market Committees, Development Fund, Co-operative Institutions, Infrastructure Development, Agriculture,Rural & Environment",State,https://www.myscheme.gov.in/schemes/sfcsambdg
753,Utility & Sanitation,HPY,Hand Pump Yojana,What is Hand Pump Yojana?,The scheme aims to provide reliable and accessible drinking water facilities to farmers and villagers through the installation of hand pumps.,"Hand Pump, Villager, Farmer, Utility & Sanitation, Agriculture,Rural & Environment",State,https://www.myscheme.gov.in/schemes/hpy
754,"Agriculture,Rural & Environment",FPVAM,Food Processing and Value Addition Management,What is Food Processing and Value Addition Management?,"The scheme aims to promote the establishment of food processing units in Uttarakhand, enhance value addition in agricultural and horticultural products, support entrepreneurs with financial assistance, and strengthen the state’s food processing ecosystem.","Food Processing Unit, Value Addition, Subsidy, Entrepreneur, Agriculture,Rural & Environment, Business & Entrepreneurship",State,https://www.myscheme.gov.in/schemes/fpvam
755,"Agriculture,Rural & Environment",CMIPSTB,Construction of Minor Irrigation Projects for Scheduled Tribe Beneficiaries,What is Construction of Minor Irrigation Projects for Scheduled Tribe Beneficiaries?,"The scheme aims to provide Scheduled Tribe farmers with free and adequate irrigation by constructing small irrigation projects such as water tanks and pipelines in Scheduled Tribe-dominated areas, thereby helping them improve their farming.","Scheduled Tribe, Irrigation, Minor Irrigation, Water Storage Tank, Farmer, Water Channels, Agriculture,Rural & Environment",State,https://www.myscheme.gov.in/schemes/cmipstb
756,"Agriculture,Rural & Environment",AMI,Agricultural Marketing Infrastructure,What is Agricultural Marketing Infrastructure?,The revitalized and farmers’ income enhancing centric sub-scheme Agricultural Marketing Infrastructure (AMI) of Integrated Scheme for Agricultural Marketing (ISAM) is meant for holistic development of agricultural value chain critically focusing each linkage of post-harvest value chain.,"Agricultural Marketing, Storage Infrastructure, Promoter, Farmer, Agriculture,Rural & Environment, Transport & Infrastructure",Ministry Of Agriculture and Farmers Welfare,https://www.myscheme.gov.in/schemes/ami
757,Business & Entrepreneurship,NLMGIPBEPSCPL,National Livestock Mission: Genetic Improvement of Pig breeds - Establishment of Pig Semen Collection and Processing Lab,What is National Livestock Mission: Genetic Improvement of Pig breeds - Establishment of Pig Semen Collection and Processing Lab?,"The Scheme aims to enhance per-animal productivity, reduce inbreeding, and minimize sexually transmitted diseases in pigs. Through this scheme, financial assistance is provided for establishing semen processing labs at government pig farms.","Pig Farm, Pig Semen, Processing Lab, Genetic Improvement, Boar, Business & Entrepreneurship, Agriculture,Rural & Environment","Ministry of Fisheries,Animal Husbandry and Dairying",https://www.myscheme.gov.in/schemes/epscpl
758,"Agriculture,Rural & Environment",MIDH,Mission on Integrated Development of Horticulture- NHM and HMNEH,What is Mission on Integrated Development of Horticulture- NHM and HMNEH?,"The scheme aims to promote the holistic growth of the horticulture sector through production enhancement, productivity improvement, post-harvest management, processing, marketing support, skill development, and infrastructure creation for horticulture crops while augmenting farmers’ income.","Horticulture, Infrastructure, Post-harvest, Green Houses, Poly Houses, Nurseries, Agriculture,Rural & Environment",Ministry Of Agriculture and Farmers Welfare,https://www.myscheme.gov.in/schemes/midh
759,Business & Entrepreneurship,FFS,Fund of Funds for Startups,What is Fund of Funds for Startups?,"Launched in January 2016 under Startup India, the Fund of Funds for Startups is managed by SIDBI. It supports DPIIT-recognized startups indirectly by investing in SEBI-registered AIFs, which must invest at least twice the FFS contribution.","DPIIT, Startup India, Startups, Business & Entrepreneurship, Banking,Financial Services and Insurance, Science, IT & Communications, Agriculture,Rural & Environment, Health & Wellness, Education & Learning",Ministry Of Commerce And Industry,https://www.myscheme.gov.in/schemes/ffs
760,"Agriculture,Rural & Environment",Cmfm,Chief Minister Floriculture Mission,What is Chief Minister Floriculture Mission?,"This is a special scheme initiated during 2014-15 aimed at all-round development of floriculture sector in the State which incorporates cultivation, marketing, training etc. For the year 2015- 16 cultivation of Gerbera under Shade net house with tissue cultured planting materials is proposed.","Farmer, Cultivation, Marketing, Trainning, Agriculture,Rural & Environment",State,https://www.myscheme.gov.in/schemes/cmfm
761,"Agriculture,Rural & Environment",ISAC,Integrated Scheme on Agriculture Cooperation,What is Integrated Scheme on Agriculture Cooperation?,"The Integrated Scheme on Agriculture Cooperation (ISAC) is a Central Sector Scheme of the Ministry of Agriculture and Farmers Welfare, Government of India. It is being implemented through the National Cooperative Development Corporation (NCDC).","Financial Assistance, Improve Economic Conditions, Loan, Agriculture,Rural & Environment",Ministry Of Agriculture and Farmers Welfare,https://www.myscheme.gov.in/schemes/isac
762,"Agriculture,Rural & Environment",GSPMSFV,Grant of Subsidy for Purchase of Mobile Sea Food Van,What is Grant of Subsidy for Purchase of Mobile Sea Food Van?,"The scheme aims to provide the beneficiary with a mobile seafood van. This van, financed through a combination of bank loan and departmental subsidy (25% and 75%, respectively), is intended for the sale of fresh and processed fish and fishery products in areas not served by regular markets.","Fish, Subsidy, Fisherman, Grant, Transport, Agriculture,Rural & Environment, Transport & Infrastructure",State,https://www.myscheme.gov.in/schemes/gspmsfv
763,"Agriculture,Rural & Environment",ATES/GEPHMEST(HRT3),"Assistance for Tools, Equipment, Shorting/Grading Equipment, PHM Equipment for Scheduled Tribes (HRT-3)","What is Assistance for Tools, Equipment, Shorting/Grading Equipment, PHM Equipment for Scheduled Tribes (HRT-3)?","Under the scheme, financial assistance is provided to farmers belonging to the Scheduled Tribes category as well as to farmer groups and cooperative societies for purchasing various tools, equipment, sorting/grading equipment, and Post-Harvest Management (PHM) equipment.","Tools, Equipment, Scheduled Tribe, HRT-3, Financial Assistance, Farmer, Farmer Group, Cooperative Society, Agriculture,Rural & Environment",State,https://www.myscheme.gov.in/schemes/atesgephmesthrt3
764,"Agriculture,Rural & Environment",OTA-SFI,One Time Assistance to Small and Marginal Farmers for Purchase of Small Farm Implements (OTA-SFI),What is One Time Assistance to Small and Marginal Farmers for Purchase of Small Farm Implements (OTA-SFI)?,"“One Time Assistance to Small and Marginal Farmers for Purchase of Small Farm Implements (OTA-SFI)”  by the Agriculture Department, Government of West Bengal aims to aid the farmers in procuring manually operated small farm implements necessary for agricultural operations.","Agriculture, Farmers, Small Farm Implements, Financial Assistance, Agriculture,Rural & Environment",State,https://www.myscheme.gov.in/schemes/ota-sfi
765,"Agriculture,Rural & Environment",FSJHASCOFISH,Formation Scheme of JHASCOFISH,What is Formation Scheme of JHASCOFISH?,"The “Formation Scheme of JHASCOFISH” by the Department of Animal Husbandry and Fisheries, Government of Jharkhand, aims to support fishermen cooperatives and enhance fish production. It provides financial aid, technical support, and welfare benefits to fishermen.","Financial Assistance, Fish Production, Fishermen, Agriculture,Rural & Environment",State,https://www.myscheme.gov.in/schemes/fsjhascofish
766,"Agriculture,Rural & Environment",FMS,Fish Marketing Scheme,What is Fish Marketing Scheme?,"The scheme ""Fish Marketing Scheme"" by the Fisheries Division, Government of Jharkhand, provides financial support for fish marketing and transportation. Beneficiaries receive subsidies for four-wheeler transport vans and equipment for aquarium shops.","Financial Assistance, Four-wheeler, Marketing, Agriculture,Rural & Environment",State,https://www.myscheme.gov.in/schemes/fms
767,"Agriculture,Rural & Environment",SGSCCS,State Government Share Capital Contribution to Co.operative Sugar Factories (Normal Area) (Tribal Area),What is State Government Share Capital Contribution to Co.operative Sugar Factories (Normal Area) (Tribal Area)?,"This scheme has been introduced by the Agriculture, Farmers Welfare and Cooperation Department, Gujarat. It aims to provide financial assistance in the form of a 30% share capital contribution by the State Government for setting up new sugar cooperative factories in Gujarat.","Agriculture, Sugar Co-operatives Factories, Agriculture,Rural & Environment, Business & Entrepreneurship",State,https://www.myscheme.gov.in/schemes/sgsccs
768,"Agriculture,Rural & Environment",SFRPGKGQ,Scheme for Rearing Purebreed Gir/ Kankarage Male Cow Calves with Excellent Genetic Quality,What is Scheme for Rearing Purebreed Gir/ Kankarage Male Cow Calves with Excellent Genetic Quality?,The scheme provides financial assistance to registered Gaushalas for rearing purebred Gir or Kankrej male cow calves with high genetic quality to promote pure breeding in indigenous cattle.,"Agriculture, Animal Husbandry, Cattle Breeding, Cattle Development, Agriculture,Rural & Environment",State,https://www.myscheme.gov.in/schemes/sfrpgkgq
769,"Agriculture,Rural & Environment",CSPLIP,Construction of Solar Pump-Based Lift Irrigation Projects (For Hilly Areas),What is Construction of Solar Pump-Based Lift Irrigation Projects (For Hilly Areas)?,The scheme aims to provide free and reliable irrigation facilities to farmers in hilly areas by constructing solar-powered lift irrigation projects on high-altitude agricultural lands where conventional canal or pipeline irrigation is not feasible.,"Solar Pump, Lift Irrigation, Minor Irrigation, Irrigation, Farmer, Agriculture,Rural & Environment",State,https://www.myscheme.gov.in/schemes/cspblisuk
770,"Agriculture,Rural & Environment",NMOECHCHG,National Mission on Edible Oil- Oil Palm: Custom Hiring Centre cum Harvester Groups,What is National Mission on Edible Oil- Oil Palm: Custom Hiring Centre cum Harvester Groups?,"The scheme component ""Custom Hiring Centre cum Harvester Groups"" under the ""National Mission on Edible Oil–Oil Palm"" scheme aims to increase the production of oil palm in the state and reduce dependency on imports by supporting farmers with equipment and facilities.","Edible Oil, Oil Palm, Custom Hiring Centre, Harvester Group, Agriculture,Rural & Environment",State,https://www.myscheme.gov.in/schemes/nmoechchg
771,"Agriculture,Rural & Environment",ASCFSRGUJ,Assistance to Scheduled Castes for Fisheries: Fish seed rearing - Gujarat,What is Assistance to Scheduled Castes for Fisheries: Fish seed rearing - Gujarat?,The scheme aims to increase fish production by rearing fish in reservoirs and providing employment to Scheduled Caste (SC) people involved in inland fisheries activities.,"Fish Production, Fish Farming, Fishermen, Fish Farmer, Fish Seed Rearing, Agriculture,Rural & Environment",State,https://www.myscheme.gov.in/schemes/ascfsrguj
772,Social welfare & Empowerment,PMAJAY-AG,Pradhan Mantri Anusuchit Jaati Abhyuday Yojana (PM-AJAY) - Adarsh Gram,What is Pradhan Mantri Anusuchit Jaati Abhyuday Yojana (PM-AJAY) - Adarsh Gram?,"The scheme aims to achieve integrated development of selected villages primarily through implementation of existing Central and State Government schemes in a convergent manner, ensuring access to quality services and infrastructure development in villages having SC population more than 40%.","Village, Scheduled Caste, Infrastructure, Education, Employment, Healthcare, Sanitation, Livelihood, Empowerment, Social welfare & Empowerment, Transport & Infrastructure, Agriculture,Rural & Environment",Ministry Of Social Justice and Empowerment,https://www.myscheme.gov.in/schemes/pmajay-ag
773,Transport & Infrastructure,SKSVY,Sagar Khedu Sarvangi Vikas Yojana,What is Sagar Khedu Sarvangi Vikas Yojana?,"The scheme aims to improve power infrastructure in coastal taluks by addressing corrosion issues, ensuring adequate voltage, and continuous electricity supply. Benefits include reduction in motor burnout, prevention of industrial losses, and providing new agricultural electricity connections.","Power, Infrastructure, Coastal, Electricity, Consumer, Farmer, Transport & Infrastructure, Agriculture,Rural & Environment, Utility & Sanitation",State,https://www.myscheme.gov.in/schemes/sksvy
774,"Agriculture,Rural & Environment",CMIPSCB,Construction of Minor Irrigation Projects for Scheduled Caste Beneficiaries,What is Construction of Minor Irrigation Projects for Scheduled Caste Beneficiaries?,"The scheme aims to provide Scheduled Caste farmers with free and adequate irrigation by constructing small irrigation projects such as water tanks and pipelines in Scheduled Caste-dominated areas, thereby helping them improve their farming.","Scheduled Caste, Irrigation, Minor Irrigation, Water Storage Tank, Farmer, Water Channels, Agriculture,Rural & Environment",State,https://www.myscheme.gov.in/schemes/cmipscb
775,"Agriculture,Rural & Environment",CAWSTA,Construction of Artesian Wells in Scheduled Tribe Areas,What is Construction of Artesian Wells in Scheduled Tribe Areas?,"The scheme aims to provide free irrigation facilities to farmers in Scheduled Tribe-dominated areas through the construction of artesian wells, thereby enhancing agricultural productivity. It is a 100% state government-funded scheme.","Artesian Well, Irrigation, Minor Irrigation, Scheduled Tribe, Farmer, Agriculture,Rural & Environment",State,https://www.myscheme.gov.in/schemes/cawista
776,"Agriculture,Rural & Environment",CMSRDF,Chief Ministers Special Rural Development Fund (CMSRDF),What is Chief Ministers Special Rural Development Fund (CMSRDF)?,The primary objective of the program is to generate wage employment and creation of socially and economically useful public assets by involving peoples participation at the grassroots level. The schemes undertaken in the program are varied in nature and are selected by the MLA and NGOs.,"Construction Of Rural Roads, Footpaths, Footbridges, Hume Pipes, Agriculture,Rural & Environment",State,https://www.myscheme.gov.in/schemes/cmsrdf
777,"Agriculture,Rural & Environment",PMKSYHKKP,Pradhan Mantri Krishi Sinchayee Yojana - Har Khet Ko Pani (Surface Scheme) Uttarakhand,What is Pradhan Mantri Krishi Sinchayee Yojana - Har Khet Ko Pani (Surface Scheme) Uttarakhand?,"The scheme aims to provide every farmer with reliable surface irrigation facilities by developing sustainable irrigation infrastructure, ensuring that every field receives adequate water to improve agricultural productivity.","Farmer, Irrigation, Surface Irrigation, Agriculture, Agriculture,Rural & Environment",State,https://www.myscheme.gov.in/schemes/pmksy-hkkp
778,"Agriculture,Rural & Environment",PHM,Post-Harvest Management,What is Post-Harvest Management?,"The scheme aims to promote the development of modern post-harvest infrastructure by supporting farmers & entrepreneurs in setting up facilities such as pack houses, pre-cooling units, cold rooms, cold storage units, etc., thereby reducing post-harvest losses & marketability of horticultural produce.","Post-Harvest, Farmer, Entrepreneur, Pack Houses, Pre-cooling Units, Cold Rooms, Cold Storage Units, Ripening Chambers, Agriculture,Rural & Environment, Business & Entrepreneurship",State,https://www.myscheme.gov.in/schemes/phm
779,"Agriculture,Rural & Environment",IFSPTBNGUJ,To Increase Fish Seed Production and Inland Fisheries Resources in Tribal Areas: Boat Net - Gujarat,What is To Increase Fish Seed Production and Inland Fisheries Resources in Tribal Areas: Boat Net - Gujarat?,The scheme aims to boost fish production and provide employment to people involved in inland fisheries activities. It offers financial assistance for purchase of boats and nets to eligible Scheduled Tribe beneficiaries.,"Fish, Fish Activities, Fish Production, Scheduled Tribes, Fishermen, Boat Net, Agriculture,Rural & Environment",State,https://www.myscheme.gov.in/schemes/ifsptbnguj
780,"Agriculture,Rural & Environment",NBM,National Bamboo Mission,What is National Bamboo Mission?,Restructured National Bamboo Mission was launched during 2018-19 as a Centrally Sponsored Scheme (CSS) after the historical amendment of the Indian Forest Act during 2017 to exclude bamboo out from definition of tree.,"Bamboo Marketing, Quality Planting Material, Bamboo Plantation, Product Development, Agriculture,Rural & Environment",Ministry Of Agriculture and Farmers Welfare,https://www.myscheme.gov.in/schemes/nbm
781,"Agriculture,Rural & Environment",DSCTA:ECC,Development Support for Coffee in Traditional Areas: Eco-certification of Coffee,What is Development Support for Coffee in Traditional Areas: Eco-certification of Coffee?,"The objective of this scheme is to enable coffee growers to access high-value specialty markets and earn better returns by producing eco-certified coffee that meets established environmental and quality standards, ensuring transparency about the conditions under which the coffee is produced.","Coffee, Farmer, Agriculture, Subsidy, DBT, Agriculture,Rural & Environment",Ministry Of Commerce And Industry,https://www.myscheme.gov.in/schemes/dsctaecc
782,"Agriculture,Rural & Environment",PMGSY,Pradhan Mantri Gram Sadak Yojana,What is Pradhan Mantri Gram Sadak Yojana?,"With the objective of providing rural connectivity, the Government of India launched the Pradhan Mantri Gram Sadak Yojana (referred to as PMGSY-I hereinafter) on 25th December 2000 to provide all-weather access to eligible unconnected habitations.","Road, Rural, Agriculture,Rural & Environment, Transport & Infrastructure",Ministry Of Rural Development,https://www.myscheme.gov.in/schemes/pmgsy
783,"Agriculture,Rural & Environment",DTU-CMSGUY,Distribution Of Tractor Unit Under CMSGUY,What is Distribution Of Tractor Unit Under CMSGUY?,"The ""Distribution of Tractor Unit"" scheme is meant to revive the agricultural sector and help in doubling the farmer’s income by 2022. The government will provide one tractor along with some necessary accessories in each revenue village at subsidized rates. 10,000+ tractors will be distributed.","Subsidy, Agriculture, Farming, Agriculture,Rural & Environment",State,https://www.myscheme.gov.in/schemes/dtu-cmsguy
784,"Agriculture,Rural & Environment",Ccdp,Crop Cluster Development Programme,What is Crop Cluster Development Programme?,"The CCDP aims to develop organized marketing and improve the livelihoods of horticulture farmers in Baagwani Villages through on-farm and marketing support, promoting sustainable agriculture-based livelihoods.","Crop, Financial Assistance, Farmers, Agriculture,Rural & Environment",State,https://www.myscheme.gov.in/schemes/ccdp
785,"Agriculture,Rural & Environment",HTASC(HRT4),Harvesting Tools Assistance for Scheduled Castes (HRT-4),What is Harvesting Tools Assistance for Scheduled Castes (HRT-4)?,"Under the scheme, financial assistance is provided to farmers belonging to the SC category as well as to FPOs (Farmers Producer Organizations), FPCs (Farmers Producer Companies), FIGs (Farmer Interest Groups), SHGs (Self-Help Groups), and Cooperative Societies for purchasing harvesting tools.","Harvesting Tool, Scheduled Caste, HRT-4, Farmer, Financial Assistance, Cooperative Society, FPO, FPC, FIG, SHG, Agriculture,Rural & Environment",State,https://www.myscheme.gov.in/schemes/htaschrt4
786,"Agriculture,Rural & Environment",HTAST(HRT3),Harvesting Tools Assistance for Scheduled Tribes (HRT-3),What is Harvesting Tools Assistance for Scheduled Tribes (HRT-3)?,"Under the scheme, financial assistance is provided to farmers belonging to the ST category as well as to FPOs (Farmers Producer Organizations), FPCs (Farmers Producer Companies), FIGs (Farmer Interest Groups), SHGs (Self-Help Groups), and Cooperative Societies for purchasing harvesting tools.","Harvesting Tools, Scheduled Tribes, HRT-3, Financial Assistance, Farmer, Cooperative Society, FPO, FPC, FIG, SHG, Agriculture,Rural & Environment",State,https://www.myscheme.gov.in/schemes/htasthrt3
787,"Agriculture,Rural & Environment",TMVSY-AJJAP,Talab Matsyiki Vishesh Sahayata Yojana (Anusuchit Jaati/Janajati/Ati Pichhada),What is Talab Matsyiki Vishesh Sahayata Yojana (Anusuchit Jaati/Janajati/Ati Pichhada)?,"The Bihar Government's Animal and Fisheries Resources Department has introduced the ""Talab Matsyiki Vishesh Sahayata Yojana (Anusuchit Jaati/Janajati/Ati Pichhada)"" aims to support fish farmers by providing financial and technical assistance for pond construction, installation of necessary equipment","Scheduled Caste, Tribe, Most Backward, Farmers, Agriculture,Rural & Environment, Skills & Employment",State,https://www.myscheme.gov.in/schemes/tmvsy-ajjap
788,"Agriculture,Rural & Environment",PKTNAMPY,Pathari Kshetr Talab Nirman Aadharit Matsya Paalan ki Yojana,What is Pathari Kshetr Talab Nirman Aadharit Matsya Paalan ki Yojana?,"The ""Pathari Kshetr Talab Nirman Aadharit Matsya Paalan ki Yojana"" aims to promote fisheries by constructing ponds and setting up related supporting units in plateau-dominated districts. The initiative is designed to create new employment opportunities and provide a means of livelihood for farmers.","Fish Farmer, Financial Assistance, Ponds, Opportunities, Agriculture,Rural & Environment",State,https://www.myscheme.gov.in/schemes/pktnampy
789,"Agriculture,Rural & Environment",FIG,Farmers Interest Group (FIG),What is Farmers Interest Group (FIG)?,"The “Farmers Interest Group (FIG)” scheme supports every group of 15 farmers with grants for agricultural development. The scheme offers assistance for office equipment, training, ID cards, and district-level meetings.","Agriculture, Farmer, Farmers Interest Group, FIG, Agriculture,Rural & Environment",State,https://www.myscheme.gov.in/schemes/fig
790,Business & Entrepreneurship,SACEIASRE,Scheme of Assistance for Common Environment Infrastructure: Scheme of Assistance for Strengthening the Regulation and Environmental Compliance,What is Scheme of Assistance for Common Environment Infrastructure: Scheme of Assistance for Strengthening the Regulation and Environmental Compliance?,"The scheme ""Scheme of Assistance for Common Environment Infrastructure"" under the Gujarat Industrial Policy aims to provide incentives for environmental compliance to ensure long-term economic and ecological balance.","Entrepreneurship, Environment Infrastructure, Environmental Compliance, Business & Entrepreneurship, Agriculture,Rural & Environment",State,https://www.myscheme.gov.in/schemes/saceiasre
791,"Agriculture,Rural & Environment",IFS,Integrated Fisheries Scheme,What is Integrated Fisheries Scheme?,"The ""Integrated Fisheries Scheme"" by the Fisheries Division, Government of Jharkhand, aims to promote fish-duck farming and increase fish farmers' income. The scheme provides financial assistance of up to 80% for eligible SC/ST/women beneficiaries and 70% for others.","Financial Assistance, Fish Farmer, Scheduled Tribes, Scheduled Castes, Women, Agriculture,Rural & Environment",State,https://www.myscheme.gov.in/schemes/ifs
792,Transport & Infrastructure,FRANCIS,Fair Recreational Activity and Non-Competitive Involvement in Sports Urban Connect Scheme (F.R.A.N.C.I.S Urban Connect Scheme),What is Fair Recreational Activity and Non-Competitive Involvement in Sports Urban Connect Scheme (F.R.A.N.C.I.S Urban Connect Scheme)?,"""Fair Recreational Activity and Non-Competitive Involvement in Sports Urban Connect Scheme (F.R.A.N.C.I.S Urban Connect Scheme)"" aims to provide safe play areas for healthy recreation and sports to urban communities. Assistance is provided to develop safe play areas in urban spaces.","Recreation, Urban, Sports, Playground, Transport & Infrastructure, Agriculture,Rural & Environment",State,https://www.myscheme.gov.in/schemes/francis
793,Business & Entrepreneurship,NLMPPE,National Livestock Mission: Promotion of Piggery Entrepreneur,What is National Livestock Mission: Promotion of Piggery Entrepreneur?,The scheme aims to promote entrepreneurship in pig farming by providing a one-time capital subsidy of up to ₹30 lakh to eligible entrepreneurs and organizations to establish breeder farms.,"Enterpreneurship, Subsidy, Genetic Upgradation, Pork Export, Pork Production, Piggery, Entrepreneur, Business & Entrepreneurship, Agriculture,Rural & Environment","Ministry of Fisheries,Animal Husbandry and Dairying",https://www.myscheme.gov.in/schemes/ppe
794,"Agriculture,Rural & Environment",SPAFSG,Scheme to Provide Assistance for Setting Up Farmer Support Centers in State Market Committees and for Computerization of All Market Committees,What is Scheme to Provide Assistance for Setting Up Farmer Support Centers in State Market Committees and for Computerization of All Market Committees?,"This scheme has been introduced by the Agriculture, Farmers Welfare and Cooperation Department, Gujarat. It aims to establish farmer support centers at market committee levels and computerize all market committees in Gujarat.","Agriculture, Farmer Support Centers, Computerization, Market Committees, Agriculture,Rural & Environment",State,https://www.myscheme.gov.in/schemes/spafsg
795,"Agriculture,Rural & Environment",CMFMC,Creation of Modern Facilities in Market Committee: Scheme to provide assistance foe setting up modern facilities in Market Committee,What is Creation of Modern Facilities in Market Committee: Scheme to provide assistance foe setting up modern facilities in Market Committee?,"This scheme has been introduced by the Agriculture, Farmers Welfare and Cooperation Dept., Gujarat. It aims to provide financial assistance to Market Committees for setting up modern facilities, improving agricultural infrastructure, and enhancing the competitiveness of agricultural markets.","Agriculture, Market Committee, Modern Facilities, Agriculture,Rural & Environment, Business & Entrepreneurship",State,https://www.myscheme.gov.in/schemes/cmfmc
796,"Agriculture,Rural & Environment",SPSMCT,Scheme to Provide Assistance to Sate Market Committees as well as Taluka-District Co-operative Purchase and Sale Union to Construct Large Size Warehouse Godowns,What is Scheme to Provide Assistance to Sate Market Committees as well as Taluka-District Co-operative Purchase and Sale Union to Construct Large Size Warehouse Godowns?,"This scheme has been introduced by the Agriculture, Farmers Welfare and Cooperation Department, Gujarat. It aims to provide financial assistance to State Market Committees and Taluka-District Co-operative Purchase and Sale Unions for constructing large-sized warehouse godowns","Agriculture, Market Committee, Warehouse Godowns, Agriculture,Rural & Environment",State,https://www.myscheme.gov.in/schemes/spsmct
797,"Agriculture,Rural & Environment",IFSPETA,To Increase Fish Seed Production and Inland Fisheries Equipment in Tribal Areas,What is To Increase Fish Seed Production and Inland Fisheries Equipment in Tribal Areas?,"This scheme has been introduced by the Agriculture, Farmers Welfare and Cooperation Department, Gujarat. It aims to enhance fish production and provide employment opportunities to Scheduled Tribes (ST) individuals engaged in inland fisheries.","Agriculture, Farmer, Fishing Activities, Boat-net, Fish Seed, Scheduled Tribe, Training, Agriculture,Rural & Environment",State,https://www.myscheme.gov.in/schemes/ifspeta
798,"Agriculture,Rural & Environment",CDGSTA,Construction of Dudhghar/ Godown (Scheduled Tribe Area),What is Construction of Dudhghar/ Godown (Scheduled Tribe Area)?,"The scheme ""Construction of Dudhghar/ Godown (Scheduled Tribe Area)"" provides financial assistance for the construction of Dudhghar (milk storage unit) and Godown (cattle feed storage) for Village Milk Producer Co-operative Societies in Scheduled Tribe areas of Gujarat.","Animal Husbandry, Dairy Development, Godown Construction, Cattle Feed Storage, Scheduled Tribe, ST, Agriculture,Rural & Environment",State,https://www.myscheme.gov.in/schemes/cdgsta
799,"Agriculture,Rural & Environment",SFSOISF,Scheme for Supply of Improved Seeds for Fodder,What is Scheme for Supply of Improved Seeds for Fodder?,"The ""Scheme for Supply of Improved Seeds for Fodder"" aims to supply improved quality fodder seeds to registered Gaushalas and Panjarapols to ensure round-the-year green fodder availability for livestock.","Agriculture, Seed Supply, Fodder, Agriculture,Rural & Environment",State,https://www.myscheme.gov.in/schemes/sfsoisf
800,"Agriculture,Rural & Environment",MNY,Mahila Nursery Yojana,What is Mahila Nursery Yojana?,"The scheme aims to promote nursery establishment by providing women's groups with high-quality seedlings or saplings from certified sources, along with a fixed grant, technical support, and training to ensure effective nursery operations.","Nursery, Women Group, SHG, Mahila Mangal Dal, Agriculture,Rural & Environment, Women and Child",State,https://www.myscheme.gov.in/schemes/mny
801,"Agriculture,Rural & Environment",ASCFPSSGUJ,Assistance to Scheduled Castes for Fisheries: Prawn Seed Stocking Gujarat,What is Assistance to Scheduled Castes for Fisheries: Prawn Seed Stocking Gujarat?,The scheme aims to increase fish production by rearing fish in reservoirs and to provide employment to Scheduled Caste (SC) individuals involved in inland fisheries activities.,"Fish Production, Fish Farming, Fishermen, Fish Farmer, Prawn Seed Stocking, Agriculture,Rural & Environment",State,https://www.myscheme.gov.in/schemes/ascfpssguj
802,"Agriculture,Rural & Environment",PMKSYHKKPGWS,Pradhan Mantri Krishi Sinchayee Yojana - Har Khet Ko Pani (Groundwater Irrigation Scheme) Uttarakhand,What is Pradhan Mantri Krishi Sinchayee Yojana - Har Khet Ko Pani (Groundwater Irrigation Scheme) Uttarakhand?,The scheme aims to provide assured and sustainable irrigation to every farm by developing groundwater-based irrigation facilities for farmers. This scheme is a centrally sponsored scheme with a funding pattern of 90% Central share and 10% State share.,"Farmer, Irrigation, Groundwater Irrigation, Agriculture, Agriculture,Rural & Environment",State,https://www.myscheme.gov.in/schemes/pmksyhkkpgws
803,"Agriculture,Rural & Environment",IFPTPSSGUJ,To Increase Fish Seed Production and Inland Fisheries Resources in Tribal Areas: Prawn Seed Stocking - Gujarat,What is To Increase Fish Seed Production and Inland Fisheries Resources in Tribal Areas: Prawn Seed Stocking - Gujarat?,The scheme aims to increase fish production by rearing fish in reservoirs and provide employment to people involved in inland fisheries activities.,"Fish, Fish Activities, Fish Production, Scheduled Tribes, Fishermen, Prawn Seed, Stocking, Agriculture,Rural & Environment",State,https://www.myscheme.gov.in/schemes/ifptpssguj
804,"Agriculture,Rural & Environment",PMMSYMBEGUJ,Pradhan Mantri Matsya Sampada Yojana (PMMSY-Inland): Medium Biofloc Establishment - Gujarat,What is Pradhan Mantri Matsya Sampada Yojana (PMMSY-Inland): Medium Biofloc Establishment - Gujarat?,The scheme aims to increase fish production by rearing fish in reservoirs and provide employment to people involved in inland fisheries activities.,"Fish Farming, Biofloc, Recirculating Aquaculture System, Employment, Freshwater Hatcheries, Agriculture,Rural & Environment",State,https://www.myscheme.gov.in/schemes/pmmsymbeguj
805,"Agriculture,Rural & Environment",SPABEM,A Scheme to Provide Assistance for Building E-Market Facilities in Market Committees,What is A Scheme to Provide Assistance for Building E-Market Facilities in Market Committees?,"This scheme provides financial assistance to market committees in Gujarat to establish e-market facilities, aligning with the National Agriculture Market Policy for a unified national e-market.","Agriculture, E-Market, Agriculture,Rural & Environment",State,https://www.myscheme.gov.in/schemes/spabem
806,"Agriculture,Rural & Environment",ATCISG,Assistance to Co-operative Irrigation Societies M. N. R.-10 (General Area),What is Assistance to Co-operative Irrigation Societies M. N. R.-10 (General Area)?,"The scheme ""Assistance to Co-operative Irrigation Societies, M. N. R.-10 (General Area)""  aims to increase agricultural production by supporting irrigation cooperative societies through the provision of pumps and electric motors for efficient water distribution.","Irrigation, Co-operative Irrigation Societies, Farm Productivity, Water Distribution, Agriculture,Rural & Environment",State,https://www.myscheme.gov.in/schemes/atcisg
807,"Agriculture,Rural & Environment",DSCTA:SSGCSCCM,Development Support for Coffee in Traditional Areas: Support to Small Growers' Collectives/ SHGs/ Cooperatives for Coffee Marketing,What is Development Support for Coffee in Traditional Areas: Support to Small Growers' Collectives/ SHGs/ Cooperatives for Coffee Marketing?,"The objective of the scheme is to extend support to small and tiny growers, incentivizing them to form collectives/ Self Help Groups/ Cooperatives, thus encouraging them to take up marketing of coffee produced on a community-based approach through suitable financial incentives.","Coffee, Farmer, Agriculture, Subsidy, DBT, Agriculture,Rural & Environment",Ministry Of Commerce And Industry,https://www.myscheme.gov.in/schemes/dsctassgcsccm
808,"Agriculture,Rural & Environment",SMAM,Sub-mission On Agriculture Mechanization,What is Sub-mission On Agriculture Mechanization?,The Sub-Mission on Agricultural Mechanization was launched in 2014-15 by the Ministry of Agriculture and Farmers’ Welfare.,"Sub-Mission, Agriculture, Mechanization, SMAM, Agriculture,Rural & Environment",Ministry Of Agriculture and Farmers Welfare,https://www.myscheme.gov.in/schemes/smam
809,Utility & Sanitation,GOBARDHAN,Galvanizing Organic Bio-Agro Resources Dhan (GOBARdhan),What is Galvanizing Organic Bio-Agro Resources Dhan (GOBARdhan)?,GOBARdhan Scheme was launched in April 2018 as a part of the Solid and Liquid Waste Management component under Swachh Bharat Mission (Grameen) to positively impact village cleanliness and generate wealth and energy from cattle and organic waste. The main focus of GOBARDHAN is to keep villages clean.,"Solid Waste Management, Agriculture, Renewable Energy, Utility & Sanitation, Agriculture,Rural & Environment",Ministry Of Jal Shakti,https://www.myscheme.gov.in/schemes/gobardhan
810,"Agriculture,Rural & Environment",Haritha Haram,Haritha Haram,What is Haritha Haram?,The objective of the Haritha Haram program is to increase the green cover of the state from the existing 24% to 33% by planting and nurturing millions of saplings every year. The program also aims to create awareness among the public about the importance of preserving and protecting the environment.,"Haritha Haram, Forest Department, Haritha Mitra Awards, Telangana Ku Haritha Haram, Agriculture,Rural & Environment",State,https://www.myscheme.gov.in/schemes/haritha-haram
811,"Agriculture,Rural & Environment",PMMSY,Pradhan Mantri Matsya Sampada Yojana,What is Pradhan Mantri Matsya Sampada Yojana?,"Introduced by the Department of Fisheries, Pradhan Mantri Matsya Sampada Yojana (PMMSY) is a scheme to bring about ecologically healthy, economically viable, and socially inclusive development of the fisheries sector of India.","Fisheries, Agriculture, Farming, Agriculture,Rural & Environment","Ministry of Fisheries,Animal Husbandry and Dairying",https://www.myscheme.gov.in/schemes/pmmsy
812,"Agriculture,Rural & Environment",AVGSY,Acharya Vidyasagar Gau Samvardhan Yojana,What is Acharya Vidyasagar Gau Samvardhan Yojana?,"The objective of this scheme is to Increase in milk production, improving the economic status of the beneficiaries, increase in milk production capacity of animals and provide employment opportunities.","Animal Husbandary, Dairy, Milk Production, Cow, Veterinary, Agriculture,Rural & Environment",State,https://www.myscheme.gov.in/schemes/avgsy
813,Utility & Sanitation,HPMVSSPS,Himachal Pradesh Maharishi Valmiki Sampoorn Swachata Puraskar (state Sanitation Reward Scheme),What is Himachal Pradesh Maharishi Valmiki Sampoorn Swachata Puraskar (state Sanitation Reward Scheme)?,"The Maharishi Valmiki Sampoorn Swachata Puruskar (MVSSP) is a scheme under the Swachh Bharat Mission (G), Rural Development Department, H.P Government to identify and recognize the cleanest Gram Panchayat at various levels, including block, district, division, and state.","Award, Sanitation, Panchayat, Competition, Utility & Sanitation, Agriculture,Rural & Environment",State,https://www.myscheme.gov.in/schemes/hpmvssp
814,"Agriculture,Rural & Environment",CMKSY,Chief Minister’s Krishi Samuh Yojana,What is Chief Minister’s Krishi Samuh Yojana?,The Govt. of Arunachal Pradesh started the scheme “Chief Minister’s Krishi Samuh Yojana (CMKSY)” to empower the farmers through a cooperative approach by Institutionalisation of Farmers’ Producers’ Organisation and infusing timely support of good agriculture practices and marketing interventions.,"Farmer, Farmers Producer’s Organization, Agriculture, Financial Assistance, Agriculture,Rural & Environment",State,https://www.myscheme.gov.in/schemes/cmksy
815,"Agriculture,Rural & Environment",CMWRS,Chief Minister’s White Revolutions Scheme,What is Chief Minister’s White Revolutions Scheme?,The CMWRS is a scheme aimed at boosting milk production and rejuvenating cooperative systems in five potential districts of Arunachal Pradesh. It targets 200 dairy farmers in a cooperative model to create subsistence means of livelihood for poor farmers and enhance organic agricultural productivity.,"Poverty Alleviation, Organic Farming, Livelihood, Agriculture,Rural & Environment",State,https://www.myscheme.gov.in/schemes/cmwrs
816,"Agriculture,Rural & Environment",APFEPSA,Agriculture And Processed Foods Export Promotion Scheme Of APEDA For The 15th Finance Commission Cycle (2021-22 To 2025-26),What is Agriculture And Processed Foods Export Promotion Scheme Of APEDA For The 15th Finance Commission Cycle (2021-22 To 2025-26)?,The Financial Assistance Scheme (FAS) is an export promotion scheme run by APEDA. The scheme aims to facilitate the export of agri-products by providing assistance to exporters.,"Agriculture, Processed Food, Export Promotion, APEDA, Export Infrastructure, Quality Development, Market Development, Financial Assistance, Agriculture,Rural & Environment",Ministry Of Commerce And Industry,https://www.myscheme.gov.in/schemes/financial-assistance-scheme
817,"Agriculture,Rural & Environment",TDPS:PDSTG:MISG,Tea Development and Promotion Scheme (TDPS): Plantation Development for Small Tea Growers (PDSTG): Mechanization for Individual Small Growers,What is Tea Development and Promotion Scheme (TDPS): Plantation Development for Small Tea Growers (PDSTG): Mechanization for Individual Small Growers?,"The objective of this component is to increase the production, productivity and quality of tea, overall development of small tea growers to help them move up in the value chain, sustainability of production by promoting organic tea cultivation& climate resilient tea and to make them self-reliant.","Tea, Plantation, Agriculture, Farmer, Subsidy, Agriculture,Rural & Environment",Ministry Of Commerce And Industry,https://www.myscheme.gov.in/schemes/tdpspdstgmisg
818,"Agriculture,Rural & Environment",CFM,Construction of Fish Markets,What is Construction of Fish Markets?,"“Construction of Fish Markets” is a scheme by the Dept. of Fisheries, Govt. of Goa. Through this scheme, subsidy is provided to the local bodies such as Municipalities and Village Panchayat in the State of Goa for the construction of fish markets. The applications are accepted only in offline mode.","Market, Infrastructure, Fish, Subsidy, Financial Assistance, Agriculture,Rural & Environment",State,https://www.myscheme.gov.in/schemes/cfm
819,"Agriculture,Rural & Environment",ATES/GEPHMSC(HRT4),"Assistance for Tools, Equipment, Shorting/Grading Equipment, PHM Equipment for Scheduled Castes (HRT-4)","What is Assistance for Tools, Equipment, Shorting/Grading Equipment, PHM Equipment for Scheduled Castes (HRT-4)?","Under the scheme, financial assistance is provided to farmers belonging to the Scheduled Castes category as well as to farmer groups and cooperative societies for purchasing various tools, equipment, sorting/grading equipment, and Post-Harvest Management (PHM) equipment.","Tools, Equipment, Scheduled Caste, HRT-4, Farmer, Financial Assistance, Post-Harvest Management, Farmer Group, Cooperative Society, Horticulture, Agriculture,Rural & Environment",State,https://www.myscheme.gov.in/schemes/atesgephmschrt4
820,"Agriculture,Rural & Environment",FSSM,Financial Support Scheme for Farm Mechanization (FSSM),What is Financial Support Scheme for Farm Mechanization (FSSM)?,"""Financial Support Scheme for Farm Mechanization (FSSM)"" by the Agriculture Department, Government of West Bengal aims to provide financial support as subsidy to the small and marginal farmers of the State for purchase of power operated farm equipment/ machinery.","Agriculture, Farmer, Mechanization, Financial Assistance, Agriculture,Rural & Environment",State,https://www.myscheme.gov.in/schemes/fssm
821,"Agriculture,Rural & Environment",NLMESSB,National Livestock Mission: Establishment of State Semen Bank ,What is National Livestock Mission: Establishment of State Semen Bank?,"""Establishment of State Semen Bank (Genetic Improvement of Sheep and Goat breeds)"" aims at the genetic improvement of sheep/goat breeds through selective breeding by propagation of superior male germplasm through artificial insemination.","Gene, Sheep, Goat, Buffalo, Semen, Bank, Agriculture,Rural & Environment, Health & Wellness","Ministry of Fisheries,Animal Husbandry and Dairying",https://www.myscheme.gov.in/schemes/essb
822,Business & Entrepreneurship,SAEPEGP,Scheme of Assistance for Environment Protection Measures: Scheme for assistance to encouraging Green Practices and Environmental Audit to MSMEs,What is Scheme of Assistance for Environment Protection Measures: Scheme for assistance to encouraging Green Practices and Environmental Audit to MSMEs?,"The ""Scheme of Assistance for Environment Protection Measures"" under the Gujarat Industrial Policy promotes sustainable industrial growth by supporting industries in adopting eco-friendly practices and ensuring compliance with environmental norms, effective from August 7th, 2020 to August 6th, 2025.","Business, Entrepreneurship, Environmental Management, Environmental Compliance, Green Practices, Business & Entrepreneurship, Agriculture,Rural & Environment",State,https://www.myscheme.gov.in/schemes/saepegp
823,Business & Entrepreneurship,SACEIEIF,Scheme of Assistance for Common Environment Infrastructure: Financial Assistance for Common Environmental Infrastructure Facilities,What is Scheme of Assistance for Common Environment Infrastructure: Financial Assistance for Common Environmental Infrastructure Facilities?,"The scheme ""Scheme of Assistance for Common Environment Infrastructure"" under the Gujarat Industrial Policy aims to provide incentives for environmental compliance to ensure long-term economic and ecological balance.","Entrepreneurship, Environment Infrastructure, Business & Entrepreneurship, Agriculture,Rural & Environment",State,https://www.myscheme.gov.in/schemes/saceieif
824,Business & Entrepreneurship,SAEPAEP,Scheme of Assistance for Environment Protection Measures: Scheme for assistance to Environment Management,What is Scheme of Assistance for Environment Protection Measures: Scheme for assistance to Environment Management?,"The ""Scheme of Assistance for Environment Protection Measures"" under the Gujarat Industrial Policy promotes sustainable industrial growth by supporting industries in adopting eco-friendly practices and ensuring compliance with environmental norms, effective from August 7th, 2020 to August 6th, 2025.","Business, Entrepreneurship, Environmental Management, Energy Conservation, Environmental Compliance, Business & Entrepreneurship, Agriculture,Rural & Environment",State,https://www.myscheme.gov.in/schemes/saepaep
825,"Agriculture,Rural & Environment",FERTS,"Fish Extension, Research, and Training Scheme","What is Fish Extension, Research, and Training Scheme?","The Fish Extension, Research, and Training Scheme by the Department of Fisheries, Government of India aims to promote sustainable fishing practices and improve fish production. Through this scheme, financial and technical assistance are provided to fish farmers and others in the fisheries sector.","Financial Assistance, Fishermen, Training, Skill Development, Agriculture,Rural & Environment",State,https://www.myscheme.gov.in/schemes/ferts
826,"Agriculture,Rural & Environment",PFSSCO,Package for strengthening to sugar co-operatives as may be policy decided by the State Government,What is Package for strengthening to sugar co-operatives as may be policy decided by the State Government?,"This scheme has been introduced by the Agriculture, Farmers Welfare and Cooperation Department, Gujarat. It aims to support sugar co-operatives by providing financial assistance for modernization, diversification, organic fertilizer production to enhance sugarcane farming and the sugar industry.","Agriculture, Farmer, Sugar Co-operatives, Bio Compost Sale, Agriculture,Rural & Environment",State,https://www.myscheme.gov.in/schemes/pfssco
827,"Agriculture,Rural & Environment",IFSIFNTA,To Increase Fish Seed Production and Inland Fisheries Equipment in Non-Tribal Areas,What is To Increase Fish Seed Production and Inland Fisheries Equipment in Non-Tribal Areas?,"This scheme has been introduced by the Agriculture, Farmers Welfare and Cooperation Department, Gujarat. It aims to enhance fish seed production and promote inland fisheries in non-tribal areas.","Agriculture, Farmer, Fish Farming, Agriculture,Rural & Environment",State,https://www.myscheme.gov.in/schemes/ifsifnta
828,"Agriculture,Rural & Environment",ATSCF,Assistance to Scheduled Castes for Fisheries,What is Assistance to Scheduled Castes for Fisheries?,"This scheme has been introduced by the Agriculture, Farmers Welfare and Cooperation Department, Gujarat. It aims to enhance fish production and provide employment opportunities to Scheduled Caste (SC) individuals engaged in inland fisheries.","Agriculture, Farmer, Fishing Activities, Boat-net, Fish Seed, Agriculture,Rural & Environment",State,https://www.myscheme.gov.in/schemes/ifspta
829,"Agriculture,Rural & Environment",APAPUSMC,Scheme to Provide Assistance to Processing Units in State Market Committees,What is Scheme to Provide Assistance to Processing Units in State Market Committees?,"This scheme has been introduced by the Agriculture, Farmers Welfare and Cooperation Department, Gujarat. It aims to support market committees in Gujarat by providing financial assistance for the establishment of processing units.","Agriculture, Processing Units, Market Committees, Agriculture,Rural & Environment",State,https://www.myscheme.gov.in/schemes/apapusmc
830,"Agriculture,Rural & Environment",IASCASF,"Incentive Assistance to Scheduled Caste Farmers to Increase the Area, Production and Productivity of Sugarcane Farming","What is Incentive Assistance to Scheduled Caste Farmers to Increase the Area, Production and Productivity of Sugarcane Farming?","This scheme has been introduced by the Agriculture, Farmers Welfare and Cooperation Department, Gujarat. It aims to provide financial assistance to SC farmers to increase sugarcane production and productivity through quality seeds, modern farming practices, and agricultural mechanization.","Agriculture, Farmer, Incentive, Scheduled Caste, SC, Sugarcane Farming, Agriculture,Rural & Environment",State,https://www.myscheme.gov.in/schemes/iascasf
831,"Agriculture,Rural & Environment",CDGSCA,Construction of Dudhghar/ Godown (Scheduled Caste Area),What is Construction of Dudhghar/ Godown (Scheduled Caste Area)?,"The scheme ""Construction of Dudhghar/ Godown (Scheduled Caste Area)"" provides financial assistance for the construction of Dudhghar (milk storage unit) and Godown (cattle feed storage) for Village Milk Producer Co-operative Societies in Scheduled Caste areas of Gujarat.","Animal Husbandry, Dairy Development, Godown Construction, Cattle Feed Storage, Scheduled Caste, SC, Agriculture,Rural & Environment",State,https://www.myscheme.gov.in/schemes/cdgsca
832,"Agriculture,Rural & Environment",FDSGPGP,"Fodder Development Scheme For Gram Panchayat, Gaushala And Panjarpol Having Gauchar Land","What is Fodder Development Scheme For Gram Panchayat, Gaushala And Panjarpol Having Gauchar Land?",This scheme provides financial assistance for the development and improvement of gauchar (pasture) land to promote green fodder cultivation and ensure better health and productivity of cattle.,"Agriculture, Animal Husbandry, Fodder Development, Agriculture,Rural & Environment",State,https://www.myscheme.gov.in/schemes/fdsgpgp
833,"Agriculture,Rural & Environment",ANPPY,Atma Nirbhar Pashu Palan Yojana,What is Atma Nirbhar Pashu Palan Yojana?,"The scheme aims to enhance rural livelihoods, promote sustainable animal husbandry practices, & contribute to self-reliance in livestock sector. Under this scheme, financial assistance is provided to unemployed individuals, SHGs, cooperative societies, etc. for livestock rearing & allied activities.","Subsidy, Farmer, SHGs, FPO, Animal Husbandry, Livestock Rearing, Agriculture,Rural & Environment, Banking,Financial Services and Insurance",State,https://www.myscheme.gov.in/schemes/anppy
834,"Agriculture,Rural & Environment",CSSPTDCP,COP-37 (General Area) 50% Capital Subsidy Scheme for Project of Taluka & District Co-op. Purchase Sale Union,What is COP-37 (General Area) 50% Capital Subsidy Scheme for Project of Taluka & District Co-op. Purchase Sale Union?,"The scheme aims to financially strengthen cooperative purchase and sale unions through 50% capital subsidy for project development such as procurement, processing, marketing, and storage activities.","Cooperative Union, Agriculture Subsidy, Sale Union, Agriculture,Rural & Environment",State,https://www.myscheme.gov.in/schemes/cssptdcp
835,"Agriculture,Rural & Environment",SCUCCOCSC,Scheduled Castes Unsalaried Credit Co-operative Society and Credit and Supply Co-operative Scheme for Providing Managerial Assistance and Computer–Furniture to the Society,What is Scheduled Castes Unsalaried Credit Co-operative Society and Credit and Supply Co-operative Scheme for Providing Managerial Assistance and Computer–Furniture to the Society?,The scheme aims to uplift Scheduled Castes by providing managerial salary and computer–furniture assistance to eligible cooperative societies.,"Scheduled Caste, Co-operative Societies, Computer And Furniture Grant, Agriculture, Agriculture,Rural & Environment",State,https://www.myscheme.gov.in/schemes/scuccocsc
836,"Agriculture,Rural & Environment",SGAPUG,Scheme for Granting Assistance to Processing Units in APMC (General Area),What is Scheme for Granting Assistance to Processing Units in APMC (General Area)?,The scheme aims to promote agro-processing and value addition by providing capital investment assistance to private entrepreneurs operating in regulated APMC areas (general zones).,"Agro Processing, Processing Units, Agricultural Marketing, Food Industry, Agriculture,Rural & Environment",State,https://www.myscheme.gov.in/schemes/sgapug
837,"Agriculture,Rural & Environment",ASCFBNGUJ,Assistance to Scheduled Castes for Fisheries: Boat Net Gujarat,What is Assistance to Scheduled Castes for Fisheries: Boat Net Gujarat?,"The scheme aims to assist boat nets, which are provided to Scheduled Caste (SC) fishermen and fish farmers, to increase fish production by rearing fish in reservoirs and providing employment to SC individuals involved in inland fisheries.","Fish Production, Fish Farming, Fishermen, Fish Farmer, Boat Net, Agriculture,Rural & Environment",State,https://www.myscheme.gov.in/schemes/ascfbnguj
838,"Agriculture,Rural & Environment",ASCFSEGUJ,Assistance to Scheduled Castes for Fisheries: Scheme For Fish Sale Equipment - Gujarat,What is Assistance to Scheduled Castes for Fisheries: Scheme For Fish Sale Equipment - Gujarat?,"The scheme aims to increase fish production and provide employment to Scheduled Caste (SC) individuals engaged in inland fisheries. Through this scheme, financial assistance is provided for purchasing fish sale equipment to SC fish farmers and fishermen.","Fish Production, Fish Farming, Fishermen, Fish Farmer, Fish Sale Equipments, Agriculture,Rural & Environment",State,https://www.myscheme.gov.in/schemes/ascfseguj
839,"Agriculture,Rural & Environment",ASCFFSGUJ,Assistance to Scheduled Castes for Fisheries: Fish Seed Stocking - Gujarat,What is Assistance to Scheduled Castes for Fisheries: Fish Seed Stocking - Gujarat?,The scheme aims to increase fish production by rearing fish in reservoirs and provide employment to Schedule Caste (SC) people involved in inland fisheries activities.,"Fish Production, Fish Farming, Fishermen, Fish Farmer, Fish Seed Stocking, Agriculture,Rural & Environment",State,https://www.myscheme.gov.in/schemes/ascffsguj
840,"Agriculture,Rural & Environment",ABKMKUP,Akhil Bhartiya Kisan Mela and Krishi Udyog Pradarshani,What is Akhil Bhartiya Kisan Mela and Krishi Udyog Pradarshani?,"The scheme aims to provide a platform for farmers, agri-entrepreneurs, and stakeholders to access, learn about, and showcase the latest agricultural innovations, technologies, and practices.","Agricultural Exhibition, Farmer, Fair, Entrepreneur, Agriculture,Rural & Environment",State,https://www.myscheme.gov.in/schemes/aikmkue
841,"Agriculture,Rural & Environment",ECSUK,Establishment of Cow Shelters,What is Establishment of Cow Shelters?,"The scheme aims to provide proper shelter and care to unprofitable, abandoned, or roaming cattle by supporting eligible organizations in establishing and maintaining cow shelters with financial assistance from the state government.","Cow Shelter, Livestock, Gausadan, Construction Of Cowshed, Agriculture,Rural & Environment, Transport & Infrastructure",State,https://www.myscheme.gov.in/schemes/gksu
842,"Agriculture,Rural & Environment",CNABARDFMIP,Construction of NABARD-Funded Minor Irrigation Projects - Uttarakhand,What is Construction of NABARD-Funded Minor Irrigation Projects - Uttarakhand?,"The scheme aims to provide farmers with free and reliable irrigation facilities by constructing NABARD-funded minor irrigation projects, so that water availability improves and farming becomes easier and more productive.","Farmer, Irrigation, NABARD, Agriculture, Minor Irrigation, Agriculture,Rural & Environment",State,https://www.myscheme.gov.in/schemes/cnabardfmis
843,"Agriculture,Rural & Environment",SCIFPHA,Scheme for Construction of Ideal Fish Pond in Hilly Areas,What is Scheme for Construction of Ideal Fish Pond in Hilly Areas?,The scheme aims to encourage individuals and groups to construct fish ponds by providing financial assistance and to promote sustainable fish farming while enhancing livelihood opportunities in the hilly regions of the state.,"Pond Cluster, Pond Construction, Fish Farming, Pond, Hilly Areas, Fish Pond, Agriculture,Rural & Environment",State,https://www.myscheme.gov.in/schemes/ifpcsiha
844,"Agriculture,Rural & Environment",PMMSYBOFRGUJ,Pradhan Mantri Matsya Sampada Yojana (PMMSY-Inland): Backyard Ornamental Fish Rearing Unit - Gujarat,What is Pradhan Mantri Matsya Sampada Yojana (PMMSY-Inland): Backyard Ornamental Fish Rearing Unit - Gujarat?,"The scheme aims to promote the rearing of ornamental fish and accelerate inland fish farming activities in freshwater bodies, also increase inland fish production. The scheme also employs people involved in inland fisheries activities.","Fish Farming, Biofloc, Recirculating Aquaculture System, Employment, Backyard Ornamental Fish Rearing, Agriculture,Rural & Environment",State,https://www.myscheme.gov.in/schemes/pmmsybofrguj
845,"Agriculture,Rural & Environment",PMMSYLBEGUJ,Pradhan Mantri Matsya Sampada Yojana (PMMSY-Inland): Large Biofloc Establishment Culture System - Gujarat,What is Pradhan Mantri Matsya Sampada Yojana (PMMSY-Inland): Large Biofloc Establishment Culture System - Gujarat?,"The scheme aims to increase fish production by rearing fish in reservoirs, provide employment to people involved in inland fisheries activities, accelerate inland fish farming activities in freshwater bodies, and boost inland fisheries.","Fish Farming, Biofloc, Recirculating Aquaculture System, Employment, Large Biofloc Establishment, Agriculture,Rural & Environment",State,https://www.myscheme.gov.in/schemes/pmmsylbeguj
846,"Agriculture,Rural & Environment",LHADC,Livestock Health and Diseases Control,What is Livestock Health and Diseases Control?,"The Livestock Health and Diseases Control (LH&DC) scheme is a Centrally Sponsored Scheme (CSS) implemented by the Department of Animal Husbandry and Dairying (DAHD), Ministry of Agriculture and Farmers' Welfare, Government of India.","Animal Husbandry, Animal Health, Livestock Diseases, Agriculture,Rural & Environment","Ministry of Fisheries,Animal Husbandry and Dairying",https://www.myscheme.gov.in/schemes/lhadc
847,"Agriculture,Rural & Environment",CDPNER:SGN,Coffee Development Programme in North Eastern Region: Support for Group Nurseries,What is Coffee Development Programme in North Eastern Region: Support for Group Nurseries?,"The scheme ""Coffee Development Programme in North Eastern Region: Support for Group Nurseries"" by the Coffee Board, Department of Commerce, Ministry of Commerce and Industry, aims to provide growers with high-quality coffee seedlings to ensure the proper establishment of plantations.","Agriculture, Farmer, Subsidy, Financial Assistance, DBT, Agriculture,Rural & Environment",Ministry Of Commerce And Industry,https://www.myscheme.gov.in/schemes/cdpnersgn
848,"Agriculture,Rural & Environment",NLMGIPBIEPG,National Livestock Mission: Genetic Improvement of Pig Breeds - Import of Exotic Pig Germplasm,What is National Livestock Mission: Genetic Improvement of Pig Breeds - Import of Exotic Pig Germplasm?,The scheme aims to enhance indigenous pig productivity through genetic upgradation. The scheme supports the establishment of pig semen collection and processing labs and the import of exotic pig germplasm.,"Pig, Pig Semen, Import Exotic Pig, Pig Germplasm, Livestock Agencies, Livestock Board, Animal Husbandry, Agriculture,Rural & Environment, Business & Entrepreneurship","Ministry of Fisheries,Animal Husbandry and Dairying",https://www.myscheme.gov.in/schemes/iepg
849,"Agriculture,Rural & Environment",NMEO OP,National Mission on Edible Oils- Oil Palm,What is National Mission on Edible Oils- Oil Palm?,"The Mission was launched with the aim to enhance the edible oilseeds production and oils availability in the country by harnessing Oil Palm area expansion, increasing CPO production and to reduce import burden on edible oils.","Oil Palm, Area Expansion, Oil Palm Mill, Seed Garden, Seed Nursery, Processor, Agriculture,Rural & Environment",Ministry Of Agriculture and Farmers Welfare,https://www.myscheme.gov.in/schemes/nmeo-op
850,"Agriculture,Rural & Environment",SGEDS,State Goat Entrepreneurship Development Scheme,What is State Goat Entrepreneurship Development Scheme?,"The ""State Goat Entrepreneurship Development Scheme"", initiated by the Animal Husbandry Department of Chhattisgarh, aims to promote goat farming as a sustainable livelihood option. Goat rearing has been a traditional occupation, and with increasing demand for milk and meat.","Agriculture, Animal, Goat, Financial Assistance, Agriculture,Rural & Environment",State,https://www.myscheme.gov.in/schemes/sgeds
851,"Agriculture,Rural & Environment",RDUVY,Rajya Dairy Udhyamita Vikas Yojna,What is Rajya Dairy Udhyamita Vikas Yojna?,"The ""Rajya Dairy Udhyamita Vikas Yojna"", under the Animal Husbandry Department of Chhattisgarh, aims to promote dairy entrepreneurship among youth. With the increasing demand for milk and dairy products, the scheme supports high-breed cow/buffalo rearing as a profitable business.","Agriculture, Animal, Dairy, Financial Assistance, Agriculture,Rural & Environment",State,https://www.myscheme.gov.in/schemes/rduvy
852,"Agriculture,Rural & Environment",EOLHR,PMMSY: Establishment of large RAS / Biofloc culture system - Haryana,What is PMMSY: Establishment of large RAS / Biofloc culture system - Haryana?,"The scheme provides capital assistance for setting up large-scale Recirculatory Aquaculture Systems (RAS) and Biofloc culture systems to promote high-yield, sustainable fish farming.","Fish, Aquaculture, Biofloc, Farming, RAS, Agriculture,Rural & Environment, Social welfare & Empowerment",State,https://www.myscheme.gov.in/schemes/eol
853,"Agriculture,Rural & Environment",EOS,PMMSY: Establishment of small RAS /Biofloc culture system - Haryana,What is PMMSY: Establishment of small RAS /Biofloc culture system - Haryana?,"The scheme provides capital assistance for setting up small-scale Recirculatory Aquaculture Systems (RAS) and Biofloc culture systems to promote high-yield, sustainable fish farming.","Aquaculture, Farmer, Fish, Financial Assistance, Agriculture,Rural & Environment, Social welfare & Empowerment",State,https://www.myscheme.gov.in/schemes/eos
854,"Agriculture,Rural & Environment",IFDPSPFN,Intensive Fisheries Development Programme - Subsidy on Purchase of Fishing Nets (Scheduled Caste),What is Intensive Fisheries Development Programme - Subsidy on Purchase of Fishing Nets (Scheduled Caste)?,"The scheme aims to provide financial assistance to individuals from Scheduled Caste families engaged in fishing activities for the purchase of fishing nets. Under this scheme, a 60% subsidy or up to ₹24,000, on the purchase of fishing nets worth ₹40,000/- will be provided to eligible beneficiaries.","Fishing Nets, Subsidy, Fishermen, Scheduled Caste, Fisheries, Agriculture,Rural & Environment",State,https://www.myscheme.gov.in/schemes/safpofn
855,"Agriculture,Rural & Environment",DHKURA,Distribution of Horticulture Kit to Urban and Rural Areas,What is Distribution of Horticulture Kit to Urban and Rural Areas?,"Through this scheme, all the horticulture growers in rural & urban areas are provided with a horticulture kit worth ₹ 3,000 per kit to urban and rural areas, during Aadipattam/Thaipattam, through the Additional Director of Agriculture (Horticulture).","Horticulture, Agriculture, Farmer, Subsidy, DBT, Agriculture,Rural & Environment",State,https://www.myscheme.gov.in/schemes/dhkura
856,"Agriculture,Rural & Environment",PTMSDRPA,Paddy Transplantor Machine se Dhan Ropayee par Anudan,What is Paddy Transplantor Machine se Dhan Ropayee par Anudan?,"The scheme aims to promote mechanized paddy transplantation under the Agriculture Development and Farmer Welfare and Biotechnology Department, Chhattisgarh. It provides ₹3,000 per acre for land preparation, including ploughing and weeding, up to 2 hectares.","Agriculture, Farming, Farmer, Financial Assistance, Agriculture,Rural & Environment",State,https://www.myscheme.gov.in/schemes/ptmsdrpa
857,"Agriculture,Rural & Environment",MPDS,Male Pig Distribution Scheme,What is Male Pig Distribution Scheme?,"The ""Male Pig Distribution Scheme"", under the Animal Husbandry Department, Government of  Chhattisgarh, provides a grant to beneficiaries from the SC/ST category for purchasing one male pig of an improved breed (Middle White Yorkshire).","Animal, Scheduled Castes, Scheduled Tribes, Male Pig, Agriculture,Rural & Environment",State,https://www.myscheme.gov.in/schemes/mpds
858,"Agriculture,Rural & Environment",CHIEF MINISTER SUSTAINABLE AGRICULTURE IRRIGATION SCHEME,Chief Minister Sustainable Agriculture Irrigation Scheme - Magel Tyala Shettale (Individual Farm Pond) ,What is Chief Minister Sustainable Agriculture Irrigation Scheme - Magel Tyala Shettale (Individual Farm Pond)?,Under this scheme subsidy payable to individual farmer is minimum Rs.14433/- and maximum Rs.75000/- depending on the size of the farm pond.,"MahaDBT, Individual Farm Pond, Magel Tyala Shettale, Chatrapati Shivaji Maharaj Krishi Yojana, Agriculture,Rural & Environment",State,https://www.myscheme.gov.in/schemes/chief-minister-sustainable-agriculture-irrigation-scheme
859,"Agriculture,Rural & Environment",IFDPSCFWV,Intensive Fisheries Development Programme - Subsidy on Commercial Four-Wheeler Vehicles,What is Intensive Fisheries Development Programme - Subsidy on Commercial Four-Wheeler Vehicles?,"The scheme aims to strengthen the fisheries value chain by providing transportation support to fish farmers. Under this scheme, eligible fish farmers receive a subsidy of 25% of the actual cost on the purchase of a commercial four-wheeler vehicle used for fisheries-related activities.","Subsidy, Four-wheeler, Fishermen, Fish Transportation, Commercial Vehicle, Agriculture,Rural & Environment, Transport & Infrastructure",State,https://www.myscheme.gov.in/schemes/socfwv
860,"Agriculture,Rural & Environment",PMMSYRVHR,Pradhan Mantri Matsya Sampada Yojana: Refrigerated Vehicles – Haryana,What is Pradhan Mantri Matsya Sampada Yojana: Refrigerated Vehicles – Haryana?,"The scheme aims to enhance cold chain infrastructure & ensure hygienic and efficient fish transportation. Under this scheme, financial assistance is provided to fishers for purchasing refrigerated vehicles to maintain the freshness & quality of fish during post-harvest handling & transportation.","Financial Assistance, Refrigerated Vehicle, Fishermen, Fish, Fish Transport, Agriculture,Rural & Environment, Business & Entrepreneurship",State,https://www.myscheme.gov.in/schemes/sfrv
861,"Agriculture,Rural & Environment",EOM,PMMSY: Establishment of Medium RAS / Biofloc culture system - Haryana,What is PMMSY: Establishment of Medium RAS / Biofloc culture system - Haryana?,The scheme provides capital assistance to fish farmers and entrepreneurs for establishing medium-scale Recirculatory Aquaculture Systems (RAS) and Biofloc systems.,"Aquaculture, RAS, Biofloc Systems, Fish, Farming, Agriculture,Rural & Environment, Social welfare & Empowerment",State,https://www.myscheme.gov.in/schemes/eom
862,Social welfare & Empowerment,IGNDPS,Indira Gandhi National Disability Pension Scheme,What is Indira Gandhi National Disability Pension Scheme?,The scheme aims to provide social security pensions to divyangjans aged 18 and above who belong to a poor family (BPL) in society.,"Differently Abled, Pension, Below Poverty Line - BPL, Social welfare & Empowerment",Ministry Of Rural Development,https://www.myscheme.gov.in/schemes/igndps
863,Social welfare & Empowerment,IGNWPS,Indira Gandhi National Widow Pension Scheme,What is Indira Gandhi National Widow Pension Scheme?,A non-contributory pension scheme to provide social security to widows of poor family (BPL)  of the society.,"Widow, Pension, Below Poverty Line - BPL, Social welfare & Empowerment, Banking,Financial Services and Insurance, Women and Child",Ministry Of Rural Development,https://www.myscheme.gov.in/schemes/ignwps
864,Skills & Employment,MGNREGA,Mahatma Gandhi National Rural Employment Guarantee Act,What is Mahatma Gandhi National Rural Employment Guarantee Act?,"An employment scheme by the MoRD, providing provide at least 100 days of guaranteed wage employment in a financial year to every rural household whose adult members volunteer to do unskilled work. Any Indian citizen above the age of 18 years and residing in a rural area can apply to this scheme.","Employment, Labour, Unskilled, Panchayat, Job, Skills & Employment, Social welfare & Empowerment",Ministry Of Rural Development,https://www.myscheme.gov.in/schemes/mgnrega
865,Social welfare & Empowerment,NSAP-IGNOAPS,NSAP - Indira Gandhi National Old Age Pension Scheme,What is NSAP - Indira Gandhi National Old Age Pension Scheme?,"""Indira Gandhi National Old Age Pension Scheme"" is one of the five sub-schemes of the National Social Assistance Programme. Under IGNOAPS, citizens living Below Poverty Line and 60 years or above in age are eligible to apply. A monthly pension of ₹ 200 up to 79 years and ₹ 500 thereafter.","BPL, Pension, Senior Citizen, Social Welfare, Social welfare & Empowerment, Banking,Financial Services and Insurance",Ministry Of Rural Development,https://www.myscheme.gov.in/schemes/nsap-ignoaps
866,Housing & Shelter,PMAY - G,Pradhan Mantri Awaas Yojana - Gramin,What is Pradhan Mantri Awaas Yojana - Gramin?,"Launch on 1st April 2016, Pradhan Mantri Awaas Yojana Gramin (PMAY-G) is centre's flagship mission by the Ministry of Rural Development (MoRD), implemented by the Ministry of Housing and Urban Affairs (MoHUA). PMAY-G addresses the rural housing shortage and bridges the housing deficit in rural areas","Rural Development, Housing, Loan, Financial Assistance, Housing & Shelter",Ministry Of Rural Development,https://www.myscheme.gov.in/schemes/pmay-g
867,Social welfare & Empowerment,NFBS,National Family Benefit Scheme,What is National Family Benefit Scheme?,"A family welfare scheme under the umbrella scheme ‘National Social Assistance Programme’ (NSAP) by MoRD. In this scheme, financial assistance is provided to the bereaved households in case of the death of the primary breadwinner irrespective of the cause of death.","Household, Family, Below Poverty Line, BPL, Social welfare & Empowerment",Ministry Of Rural Development,https://www.myscheme.gov.in/schemes/nfbs
868,Skills & Employment,DDUGKU,Deen Dayal Upadhyay Grameen Kaushalya Yojana,What is Deen Dayal Upadhyay Grameen Kaushalya Yojana?,"DDU-GKY focuses on the rural poor youth and its emphasis on sustainable employment through the prominence and incentives given to post-placement tracking, retention, and career progression. DDU-GKY is designed to provide high-quality skill training opportunities to the rural poor.","Skill, Training, Education, Placement, Youth, Employment, Skills & Employment",Ministry Of Rural Development,https://www.myscheme.gov.in/schemes/ddugku
869,Social welfare & Empowerment,DAY-NRLM,Deendayal Antyodaya Yojana - National Rural Livelihoods Mission,What is Deendayal Antyodaya Yojana - National Rural Livelihoods Mission?,"DAY-NRLM is the flagship program of MoRD for promoting poverty reduction through building strong institutions for the poor, particularly women, and enabling these institutions to access a range of financial services and livelihoods. States are enabled to formulate their poverty reduction plans.","Loan, Skill, Employment, SHG, Social welfare & Empowerment, Skills & Employment",Ministry Of Rural Development,https://www.myscheme.gov.in/schemes/day-nrlm
870,Education & Learning,RGSAIP,Rashtriya Gram Swaraj Abhiyan - Internship Program,What is Rashtriya Gram Swaraj Abhiyan - Internship Program?,"The 'Internship Program' as part of the Framework for Implementation of Centrally Sponsored Scheme of Revamped Rashtriya Gram Swaraj Abhiyan (RGSA) (2022-23 to 2025-26) of the Ministry of Panchayati Raj (MoPR), Government of India (Gol), seeks to engage 'Students'.","Internship, Research Scolars, Students, Education & Learning, Skills & Employment",Ministry Of Panchayati Raj,https://www.myscheme.gov.in/schemes/rgsaip
